Image,Object type,Museum number,Description,Authority,Culture,Production date,Find spot,Materials,Technique,Dimensions,Inscription,Curators Comments,Bib references,Location,Subjects,Assoc name,Acq name (acq),Acq name (excavator),Acq date,Acq notes (acq),Acq notes (exc),Dept,BM/Big number,Reg number,Add ids
https://media.britishmuseum.org/media/Repository/Documents/2014_11/5_14/9b88eb7e_61d0_4bba_bc65_a3da00f051ee/preview_01211612_001.jpg,adze (object name),No: Optional[EA30079],"A strong copper adze-blad:e with a flat butt and straight sides. The width is greatest at the cutting edge, from which it decreases steadily to the butt. The edge is slightly convex and has been hammered and ground from only one face of the blade. Small traces of linen adhere to the corroded surface of the tool.; ",,1st Dynasty,,Found/Acquired: Abydos (?),copper; linen,hammered; ground,18.10 centimetres max ;  0.137 kilograms;  0.50 centimetres;  2.50 centimetres max ; ,,"The date of acquisition suggests that this object may have come from the Early Dynastic royal tombs at Abydos.
For other examples of Early Dynastic square-topped adzes, see E. Amélineau, ‘Les Nouvelles Fouilles d’Abydos’ II (1896-7), pl.XVIII; W. M. F. Petrie, 'Royal Tombs of the Earliest Dynasties' II, pl.XLV, 77; W. M. F. Petrie, 'Tools and weapons : illustrated by the Egyptian collection in University College, London' (London, 1917), 16 and pls.XV-XVI; W. M. F. Petrie, 'Tombs of the courtiers and Oxyrhynkos' (London, 1925), pl.V, 5; Z. Y. Saad, 'The excavations at Helwan art and civilization in the first and second Egyptian dynasties' (Norman, 1969), pl.38; W. B. Emery, 'Great tombs of the First Dynasty; excavations at Sakkara' I' (Cairo, 1949), 37-41 and pl.10B; G. A. Reisner, 'The early dynastic cemeteries of Naga-ed-Dêr' I, (California, 1908), 114 and pl.40d; J. E. Quibell & F. W. Green, 'Hierakonpolis' II (London, 1989), 26 and pl.XVLIIIb; J. E. Quibell, ‘Archaic Objects’ (Cairo, 1905), nos, 14511-2 and pl.58; J. Garstang, ‘Maḥâsna and Bêt Khallâf’ (London, 1989), pls.XVI, XXIII; A. Scharff, 'Die archaeologischen Ergebnisse des vorgeschichtlichen Gräberfeldes von Abusir el-Meleq' I (Leipzeig, 1926), pl.28, (257-8).",Spencer 1980 / Early Dynastic Objects,"On display (Room 64 - Early Egypt, Display Case 12)",,,Purchased from: R J Moss & Co,,1898,,,Egypt and Sudan,EA30079,"1898,0315.205",
https://media.britishmuseum.org/media/Repository/Documents/2014_11/5_16/e7b5df1c_6051_44ee_be29_a3da010b35be/preview_01214050_001.jpg,adze (object name),No: Optional[EA67564],"A narrow copper adze-blade: with a rounded butt, slightly concave sides, and a convex cutting edge. The edge has been sharpened by hammering and grinding from only one side of the blade.; ",,1st Dynasty,,Excavated/Findspot: Tomb of Djer,copper,hammered; ground,16.20 centimetres;  64.20 grammes;  0.30 centimetres max ;  2.30 centimetres max ; ,,"Bibliography:
W. M. F. Petrie, 'Royal Tombs of the Earliest Dynasties' II, pl.VI, 23.
For other examples of Early Dynastic round-topped adzes, see J. E. Quibell, 'Excavations at Saqqara, 1912-1914: Archaic Mastabas’ (Cairo, 1923), pl.VIII, 1; G. A. Reisner, 'The early dynastic cemeteries of Naga-ed-Dêr' I, (California, 1908), 115 and pl.40d; W. B. Emery, 'Great tombs of the First Dynasty; excavations at Sakkara' I (Cairo, 1949), 31-7 and pl.10A; W. B. Emery, 'Great tombs of the First Dynasty; excavations at Sakkara' II (Cairo, 1954), 59-61 and pl.XXXIb; Z. Y. Saad, 'The excavations at Helwan art and civilization in the first and second Egyptian dynasties' (Norman, 1969), pl.38: W. M. F. Petrie, 'Abydos' I (London, 1902), pl.L, (M.13); W. M. F. Petrie, 'Tombs of the courtiers and Oxyrhynkos' (London, 1925),  pls.IV, 5, 7, 8; V, 19, 24:W. M. F. Petrie, 'Gizeh and Rifeh' (Warminster, 1977), pl.IIIA, top left; W. M. F. Petrie, 'Tarkhan I and Memphis V' (London, 1913), pls.V, 15, 25, 28, 29; J. Garstang, ‘Maḥâsna and Bêt Khallâf’ (London, 1989), pls.XVI, XXIII, XXIV; P. Montet, 'Kêmi' 8 (1946), pl.X; C. M. Firth and J. E. Quibell, 'Excavations at Saqqara : the Step Pyramid' II (Cairo, 1935), pl.93, (3); A. Scharff, 'Die archaeologischen Ergebnisse des vorgeschichtlichen Gräberfeldes von Abusir el-Meleq' I (Leipzeig, 1926), pl.28, (259).


see W. M. F. Petrie, 'Royal Tombs of the Earliest Dynasties' II, pls.XLI, 90, 92; XLV, 65-75; W. M. F. Petrie, 'Gizeh and Rifeh' (Warminster, 1977), pl.VIE. 150; W. M. F. Petrie, 'Tarkhan I and Memphis V' (London, 1913), pl.V, 18-22; A. C. Mace in G. A. Reisner (ed.), 'The early dynastic cemeteries of Naga-ed-Dêr' II, (California, 1908), 47, fig. 107, (4) and pl.48a; J. de Morgan, ‘Recherches sur les Origines de l’Égypte (Paris, 1896-7), 251, fig. 838; 252, fig. 846; E. Amélineau, ‘Les Nouvelles Fouilles d’Abydos’ II (1896-7), pl.XVIII, 1-2; A. Scharff, ‘Die Altertümer der Vor – und Frühzeit Ägyptens’ I (Berlin, 1929-31), no. 137a and pl.7.",Spencer 1980 / Early Dynastic Objects,"On display (Room 64 - Early Egypt, Display Case 10)",,,Donated by: Egypt Exploration Fund,Excavated by: Egypt Exploration Fund,1901,,,Egypt and Sudan,EA67564,"1901,1028.33",
https://media.britishmuseum.org/media/Repository/Documents/2014_10/6_12/fc4caacb_fa41_4b57_97c2_a3bc00cbdc0a/preview_00414085_001.jpg,amulet (object name),No: Optional[EA32123],A narrow calcite vase-shaped pendant of circular section: tapering to a pointed base. The object is pierced horizontally at the top for suspension.; ,,1st Dynasty,,Found/Acquired: Egypt,calcite,pierced,0.97 centimetres;  2.87 centimetres; ,,"An identical example made of black limestone was found by Brunton in a grave at Matmar (see G. Brunton, ‘Matmar’ (London, 1948), pl. XXII, 72: Brunton's 'Protodynastic, S. D. 77-8').
Bibliography:
G. Brunton, 'British Museum expedition to Middle Egypt, 1929-1931 Matmar' (London, 1948), pl. XXII, 72 (Early First Dynasty);
C. Andrews, 'Amulets of Ancient Egypt' (London 1994), p.95.",Spencer 1980 / Early Dynastic Objects; Andrews 1981 / Catalogue of Egyptian Antiquities. Jewellery I,Not on display,,,Purchased from: R J Moss & Co,,1899,,,Egypt and Sudan,EA32123,"1899,1016.1136",
https://media.britishmuseum.org/media/Repository/Documents/2026_4/8_8/8741c506_1f05_47fe_8a37_b42600907248/preview_EA35531.jpg,figure (object name); amulet (object name),No: Optional[EA35531],A small carving of a hand and forearm: the hand being clenched with the thumb extended. Three wide bracelets are represented on the arm. At the upper end of the object there is a thin peg for attachment to a figure.; ,,1st Dynasty,,Excavated/Findspot: Tomb of Djer (?),bone (previously listed as ivory),carved,3.21 centimetres;  0.86 centimetres; ,,"Compare W. M. F. Petrie,  'Royal Tombs of the Earliest Dynasties' II, pl. XXXIV, 20; XXXVIII, 54; W. M. F. Petrie, 'Gizeh and Rifeh' (Warminster, 1977),pls. IV, upper right; V, 25.
Bibliography:
 W. M. F. Petrie,  'Royal Tombs of the Earliest Dynasties' II, pl. XXXIV, 19.",Spencer 1980 / Early Dynastic Objects,Not on display,,,Donated by: Egypt Exploration Fund,Excavated by: Egypt Exploration Fund,1901,,,Egypt and Sudan,EA35531,"1901,1012.31",
,amulet (object name); bead (object name),No: Optional[EA58542],"Amuletic string composed of two black steatite (?) vase-shaped amulets pierced through the widest part of the body, and six brown and white agate pebbles, used as beads. The latter are mostly horizontally striped and of irregular shape; two, however, are claw-shaped and two others drop-shaped.; ",,1st Dynasty,,Found/Acquired: Abydos,steatite (?); agate,pierced,1.20 centimetres amulets ;  2.80 centimetres largest pebble ; ,,"Bibliography:
H. Frankfort in 'Journal of Egyptian Archaeology' 16 (London, 1930), 215; pl. XXXI, 2.
The only comparable examples range in date from the Late Predynastic Period (G. Möller & A. Scharff, ‘Die archaeologischen Ergebnisse des Vorgeschichtlichen Gräberfeldes von Abusir el-Meleq’ (Osnabrück, 1969), pl.36. no. 388: from grave 60 k 6) to the Early Old Kingdom (G. Brunton, ‘Matmar’ (London, 1948), pl.XXII, 77: from grave 2304, Third to Fourth Dynasties). However, the probable Early Dynastic date of the vase-amulets and the occurrence of similar pebbles during the Early Dynastic Period (C. M. Firth, ‘Archaeological Survey of Nubia, 1908-9’ (Cairo, 1912),11, pl.37a, nos. 8-9) have suggested the date of the First Dynasty.",Andrews 1981 / Catalogue of Egyptian Antiquities. Jewellery I,Not on display,,,Donated by: Egypt Exploration Society,,1926,,,Egypt and Sudan,EA58542,"1926,0728.47",
https://media.britishmuseum.org/media/Repository/Documents/2014_10/3_20/8ef47399_9748_4702_87c9_a3b901577b04/00226754_001.jpg,arrow-head (object name),No: Optional[EA35534],Arrowhead of circular section: tapering at one end to the point and at the other to a short circular tang for fixing to the shaft.; ,,1st Dynasty,,Excavated/Findspot: Tomb of Djer,bone (previously listed as ivory),carved,0.60 centimetres max ;  7.60 centimetres; ,,"For similar objects, see W. M. F. Petrie,  'Royal Tombs of the Earliest Dynasties' II, pls.VIIA, 7; XXXII, 37: XXXVII, 15-17; XXXVIII. 5-7; XL, 12-13; XLI, 38-41; XLII, 67; XLIII, 5-8; xlw, 4-6; W. M. F. Petrie, 'Tombs of the courtiers and Oxyrhynkos' (London, 1925), pl. II, 7; W. M. F. Petrie, 'Tarkhan I and Memphis V' (London, 1913), pl.IX, 14-18; T. E. Peet in E. Naville (ed.), ‘The cemeteries of Abydos’ II (London, 1913), 33-4 and pl.X, 3; . J. E. Quibell, ‘Archaic Objects’ (Cairo, 1905), pl.XI, 6; W. B. Emery, ‘Excavations at Saqqara : the tomb of Hemaka' (Cairo, 1938), 46, type 5 and pl.21; W. B. Emery, 'Great tombs of the First Dynasty; excavations at Sakkara' I' (Cairo, 1949), 103, cat. no. 54; W. B. Emery, 'Great tombs of the First Dynasty; excavations at Sakkara' II' (London, 1954), 63-4 and pl.XXVII, 69-71; E. Amélineau, ‘Les Nouvelles Fouilles d’Abydos’ I, (1895-6), pl.XLI; ibid., vol. III (1897-8), pl.III; A. Scharff, ‘Die Altertümer der Vor – und Frühzeit Ägyptens’ I (Berlin, 1929-31), nos. 199-209 and pl.9; W. Wolf, 'Die bewaffnung des altägyptischen Heeres' (Leipzig, 1926) , 17-18 and pl.9, (9-13).

Bibliography:
W. M. F. Petrie,  'Royal Tombs of the Earliest Dynasties' II, 35, pl.XXXIV, 27-49 (examples).",Spencer 1980 / Early Dynastic Objects,Not on display,,,Donated by: Egypt Exploration Fund,Excavated by: Sir William Matthew Flinders Petrie;  Excavated by: Egypt Exploration Fund,1901,,,Egypt and Sudan,EA35534,"1901,1012.34",
https://media.britishmuseum.org/media/Repository/Documents/2014_10/3_21/ca5c2390_e60a_4979_8f5b_a3b9015ae69e/00227601_001.jpg,arrow-head (object name),No: Optional[EA68885],Roughly cut bone arrowhead: broken at the tip and the butt. Oval in section.; ,,1st Dynasty,,Excavated/Findspot: Tarkhan,bone,carved,6.20 centimetres;  1.00 centimetres max ; ,,,Spencer 1980 / Early Dynastic Objects,Not on display,,,"Donated by: British School of Archaeology, Egypt",,1912,,,Egypt and Sudan,EA68885,"1912,1019.12",
https://media.britishmuseum.org/media/Repository/Documents/2014_10/3_20/c0e13df4_ffb4_460e_8273_a3b9015795e4/00226769_001.jpg,arrow-head (object name),No: Optional[EA35545],"Arrowhead: of oval section, with both the point and the tang broken.; ",,1st Dynasty,,Excavated/Findspot: Tomb of Djer,elephant ivory,carved,3.80 centimetres;  0.70 centimetres max ; ,,"For similar objects, see W. M. F. Petrie,  'Royal Tombs of the Earliest Dynasties' II, pls.VIIA, 7; XXXII, 37: XXXVII, 15-17; XXXVIII. 5-7; XL, 12-13; XLI, 38-41; XLII, 67; XLIII, 5-8; xlw, 4-6; W. M. F. Petrie, 'Tombs of the courtiers and Oxyrhynkos' (London, 1925), pl. II, 7; W. M. F. Petrie, 'Tarkhan I and Memphis V' (London, 1913), pl.IX, 14-18; T. E. Peet in E. Naville (ed.), ‘The cemeteries of Abydos’ II (London, 1913), 33-4 and pl.X, 3; . J. E. Quibell, ‘Archaic Objects’ (Cairo, 1905), pl.XI, 6; W. B. Emery, ‘Excavations at Saqqara : the tomb of Hemaka' (Cairo, 1938), 46, type 5 and pl.21; W. B. Emery, 'Great tombs of the First Dynasty; excavations at Sakkara' I' (Cairo, 1949), 103, cat. no. 54; W. B. Emery, 'Great tombs of the First Dynasty; excavations at Sakkara' II' (London, 1954), 63-4 and pl.XXVII, 69-71; E. Amélineau, ‘Les Nouvelles Fouilles d’Abydos’ I, (1895-6), pl.XLI; ibid., vol. III (1897-8), pl.III; A. Scharff, ‘Die Altertümer der Vor – und Frühzeit Ägyptens’ I (Berlin, 1929-31), nos. 199-209 and pl.9; W. Wolf, 'Die bewaffnung des altägyptischen Heeres' (Leipzig, 1926) , 17-18 and pl.9, (9-13).
Bibliography:
W. M. F. Petrie,  'Royal Tombs of the Earliest Dynasties' II, 35, pl.XXXIV, 27-49 (examples).",Spencer 1980 / Early Dynastic Objects,Not on display,,,Donated by: Egypt Exploration Fund,Excavated by: Sir William Matthew Flinders Petrie;  Excavated by: Egypt Exploration Fund,1901,,,Egypt and Sudan,EA35545,"1901,1012.41",
https://media.britishmuseum.org/media/Repository/Documents/2014_10/3_21/10fca2a8_aed2_44e0_b354_a3b9015b3f2c/00227590_001.jpg,arrow-head (object name),No: Optional[EA68883],"Roughly cut arrowhead of oval section, broken slightly at both the tip and the butt.; ",,1st Dynasty,,Excavated/Findspot: Tarkhan,bone,carved,9.80 centimetres;  0.90 centimetres max ; ,,,Spencer 1980 / Early Dynastic Objects,Not on display,,,"Donated by: British School of Archaeology, Egypt",,1912,,,Egypt and Sudan,EA68883,"1912,1019.10",
https://media.britishmuseum.org/media/Repository/Documents/2014_10/3_21/12c2ae1a_bd7b_4ea3_8adb_a3b9015ae285/00227598_001.jpg,arrow-head (object name),No: Optional[EA68884],Roughly cut bone arrowhead. The point is preserved. Bone slightly decayed and butt end chipped.; ,,1st Dynasty,,Excavated/Findspot: Tarkhan,bone,carved,7.30 centimetres;  0.80 centimetres max ; ,,,Spencer 1980 / Early Dynastic Objects,Not on display,,,"Donated by: British School of Archaeology, Egypt",,1912,,,Egypt and Sudan,EA68884,"1912,1019.11",
https://media.britishmuseum.org/media/Repository/Documents/2014_10/3_20/69582ff2_d564_4b00_99e9_a3b901578d06/00226766_001.jpg,arrow-head (object name),No: Optional[EA35544],"Arrowhead of oval section, broken off at the base. The edges have been carved to produce a raised rib along the opposite sides of the arrowhead.; ",,1st Dynasty,,Excavated/Findspot: Tomb of Djer,bone,,4.45 centimetres;  0.48 centimetres;  0.70 centimetres; ,,"Compare W. M. F. Petrie,  'Royal Tombs of the Earliest Dynasties' II, pl. XXXIV, 47; W. M. F. Petrie, 'Abydos' I (London, 1902), pl. LI, 16.
For similar objects, see W. M. F. Petrie,  'Royal Tombs of the Earliest Dynasties' II, pls.VIIA, 7; XXXII, 37: XXXVII, 15-17; XXXVIII. 5-7; XL, 12-13; XLI, 38-41; XLII, 67; XLIII, 5-8; xlw, 4-6; W. M. F. Petrie, 'Tombs of the courtiers and Oxyrhynkos' (London, 1925), pl. II, 7; W. M. F. Petrie, 'Tarkhan I and Memphis V' (London, 1913), pl.IX, 14-18; T. E. Peet in E. Naville (ed.), ‘The cemeteries of Abydos’ II (London, 1913), 33-4 and pl.X, 3; . J. E. Quibell, ‘Archaic Objects’ (Cairo, 1905), pl.XI, 6; W. B. Emery, ‘Excavations at Saqqara : the tomb of Hemaka' (Cairo, 1938), 46, type 5 and pl.21; W. B. Emery, 'Great tombs of the First Dynasty; excavations at Sakkara' I' (Cairo, 1949), 103, cat. no. 54; W. B. Emery, 'Great tombs of the First Dynasty; excavations at Sakkara' II' (London, 1954), 63-4 and pl.XXVII, 69-71; E. Amélineau, ‘Les Nouvelles Fouilles d’Abydos’ I, (1895-6), pl.XLI; ibid., vol. III (1897-8), pl.III; A. Scharff, ‘Die Altertümer der Vor – und Frühzeit Ägyptens’ I (Berlin, 1929-31), nos. 199-209 and pl.9; W. Wolf, 'Die bewaffnung des altägyptischen Heeres' (Leipzig, 1926) , 17-18 and pl.9, (9-13).

Bibliography:
W. M. F. Petrie,  'Royal Tombs of the Earliest Dynasties' II, 35, pl.XXXIV, 27-49 (examples).",Spencer 1980 / Early Dynastic Objects,Not on display,,,Donated by: Egypt Exploration Fund,Excavated by: Egypt Exploration Fund,1901,,,Egypt and Sudan,EA35544,"1901,1012.44",
https://media.britishmuseum.org/media/Repository/Documents/2014_11/5_15/fb32165c_e748_462a_beda_a3da01039300/preview_01211744_001.jpg,axe (object name),No: Optional[EA67583],"Heavy square axe-blade: with a convex cutting edge and slightly concave butt. The sides are nearly straight, being only slightly curved outwards, and the corners of the edge are rounded. The edge has been worked from both faces of the blade, and is rather chipped, possibly as a result of use. One corner of the butt has been bent and gashed. The surface of the metal is well preserved, only one side of the blade being pitted by corrosion.; ",,1st Dynasty,,Excavated/Findspot: Temple of Osiris-Khentimentu (Abydos),copper,bent,13.80 centimetres at butt ;  936.00 grammes;  0.90 centimetres;  13.60 centimetres; ,,"This axe is known to have come from Petrie's excavations in the early Osiris temple, but was for some reason omitted from his report.
For other examples of inscribed Early Dynastic axes, see W. M. F. Petrie, 'Tools and weapons : illustrated by the Egyptian collection in University College, London' (London, 1917), pl.III, 103-4.",Spencer 1980 / Early Dynastic Objects; Davies 1987 / Catalogue of Egyptian Antiquities in the British Museum,"On display (Room 64 - Early Egypt, Display Case 12)",,,Donated by: Egypt Exploration Fund,Excavated by: Egypt Exploration Fund,1903,,,Egypt and Sudan,EA67583,"1903,0813.6",
https://media.britishmuseum.org/media/Repository/Documents/2014_10/3_21/8547dc22_bd15_4b49_9fd5_a3b901624d23/preview_00229848_001.jpg,axe (object name),No: Optional[EA51185],"A heavy copper axe-blade: with straight sides and a slightly concave butt. The cutting edge has been hammered from both faces of the blade, although one side appears to have been worked to a greater extent than the other. Traces of basketwork adhere to the corroded surfaces.; ",,A-Group Culture; Predynastic; 1st Dynasty,,Excavated/Findspot: Faras (Nubia),arsenical copper,hammered,12.30 centimetres max ;  541.10 grammes;  1.20 centimetres;  5.00 centimetres butt ;  5.70 centimetres cutting edge ; ,,"This type of blade, much narrower than the usual rectangular axe of the First Dynasty, is also found in Egypt. See W. M. F. Petrie, 'Tarkhan I and Memphis V' (London, 1913), pls.V, 27; VI, 8; W. M. F. Petrie, 'Tools and weapons : illustrated by the Egyptian collection in University College, London' (London, 1917), pls.1, 6; 3, 101-2; A. Scharff, 'Die archaeologischen Ergebnisse des vorgeschichtlichen Gräberfeldes von Abusir el-Meleq' (Leipzig, 1928), 1, pl.28, 256. For similar axes from Nubia, see I. Hofmann, 'Die Kulturen des Niltals', 106, with references given there; also H. Åke-Nordstrom, ‘The Scandinavian Joint Expedition to Sudenese Nubia’: vols. 3:1, ‘Neolithic and A-group Sites’ (Stockholm, 1972), 124 and 3:2, pl.193, (1).",Spencer 1980 / Early Dynastic Objects; Davies 1987 / Catalogue of Egyptian Antiquities in the British Museum,"On display (Room 65 - Sudan, Egypt and Nubia, Dispaly Case 3)",,,Donated by: University of Oxford,Excavated by: University of Oxford,1912,,,Egypt and Sudan,EA51185,"1912,1109.36",
https://media.britishmuseum.org/media/Repository/Documents/2014_10/3_21/dabfd440_8da7_4f55_9822_a3b901621477/preview_00229772_001.jpg,axe (object name),No: Optional[EA37276],"Rectangular, almost square, axe-head: with slightly convex sides, roughly made. The butt is uneven and one of the sides is longer than the other. The blade is thickly corroded, especially at the cutting edge, which appears originally to have been very slightly convex with rounded corners. The metal is considerably pitted,   particularly around the peripheries of the tool.; ",,1st Dynasty,,Excavated/Findspot: Temple of Osiris-Khentimentu (Abydos),copper,cast,10.30 centimetres;  526.20 grammes;  0.90 centimetres;  9.00 - 9.10 centimetres; ,,"Bibliography: 
W. M. F. Petrie, 'Abydos' I (London, 1902), 23 and pl.L, 53; 
E. Kühnert-Eggebrecht, Die Axt als Waffe und Werkzeug im Alten Ägypten' (Berlin, 1969), 98, B-I/6 and pl.V, 3. 
For parallels, see E. Kühnert-Eggebrecht, Die Axt als Waffe und Werkzeug im Alten Ägypten' (Berlin, 1969), 98 and references.",Davies 1987 / Catalogue of Egyptian Antiquities in the British Museum; Spencer 1980 / Early Dynastic Objects,Not on display,,,Donated by: Egypt Exploration Fund,Excavated by: Egypt Exploration Fund,1902,,,Egypt and Sudan,EA37276,"1902,1011.13",
,human remains (object name); bandage (object name),No: Optional[EA57353],"Body of a male lying in a flexed position. 
Skull - Detached at the level of the disc-space between cervical vertebra 6 and cervical vertebra 7. No obvious fractures. All teeth present. Mouth closed. Some tufts of hair remain on the scalp, and some linen bandages are on the face and body surface. 
Thorax and Abdomen - Grit and sand in both cavities. Many of the ribs are fractured. No abnormal changes in the intervertebral discs but there are gross osteo-arthritic changes with lipping involving the lumbo-dorsal spine. 
Long Bones - The left arm and hand are attached to the body, but there is a spiral fracture of the shaft of the left humerus. The remainder of the limbs are dislocated and the bones severely fractured. The legs appear to be encrusted with a mixture of mud of gravel. There is a small exostosis arising from the medial aspect of the upper end of the left tibia. No lines of arrested growth are visible.; ",,1st Dynasty; Late Predynastic,,Found/Acquired: Gebelein,human tissue; linen,,,,"Bibliography:
R. de Rustafjaell, 'The light of Egypt : from recently discovered predynastic and early Christian records' (London, 1909), p. 27, pl. XII.","Dawson & Gray 1968 / Catalogue of Egyptian Antqiuities in the British Museum: Mummies and Human Remains; Fletcher, Antoine and Hill 2014 / Regarding the Dead: Human Remains in the British Museum",Not on display,,,Donated by: Edward Louis Gruning;  Purchased through: Sotheby's,,1923,Lot 566 at sale (22/1/1913).,,Egypt and Sudan,EA57353,"1923,1210.1",
https://media.britishmuseum.org/media/Repository/Documents/2014_10/3_19/f5f03b7a_8c2a_42f4_bdb6_a3b90148d9c0/preview_00222417_001.jpg,bangle (object name),No: Optional[EA67625],Chert bangle: with rounded profile and slightly convex inner face. There are no breaks in the circumference.; ,,1st Dynasty,,Excavated/Findspot: Hiw,chert,,6.84 centimetres;  0.40 centimetres;  0.60 centimetres; ,,"Bibliography:
W. M. F. Petrie, ‘Diospolis Parva: the Cemeteries of Abadiyeh and Hu. 1898-9’ (London, 1901), 36; pl. VII.",Andrews 1981 / Catalogue of Egyptian Antiquities. Jewellery I,Not on display,,,Donated by: Egypt Exploration Fund,Excavated by: Egypt Exploration Fund,1899,,,Egypt and Sudan,EA67625,"1899,1009.5",
https://media.britishmuseum.org/media/Repository/Documents/2014_11/5_14/4fc0f255_d5ba_47a4_92f1_a3da00f08ec9/preview_01211639_001.jpg,bangle (object name),No: Optional[EA67631],A thin bracelet of brown chert: roughly rounded on the outer edge and flat on the inside.; ,,1st Dynasty,,Excavated/Findspot: Tarkhan,chert,,6.50 centimetres;  0.60 centimetres; ,,"Bibliography:
W. M. F. Petrie, 'Tarkhan I and Memphis V' (London, 1913), 11, 22 and pl. III, 3.
For parallels, see A. Scharff, ‘Die Altertümer der Vor – und Frühzeit Ägyptens’ II (Berlin, 1929-31), nos. 200-2 and pl. 29; W. M. F. Petrie, 'Royal Tombs of the Earliest Dynasties' II, pls.XXXII, 42; XXXV, 57, 60-65; XXXVIII, 45; XLV, 14; W. M. F. Petrie, 'Abydos' I (London, 1902), 16; G. A. Reisner, 'The early dynastic cemeteries of Naga-ed-Dêr' I, (California, 1908), 118 and pl. 9d; W. B. Emery, 'Great tombs of the First Dynasty; excavations at Sakkara' III (London, 1958), 82-3 and pl. 100b.",Spencer 1980 / Early Dynastic Objects; Andrews 1981 / Catalogue of Egyptian Antiquities. Jewellery I,"On display (Room 64 - Early Egypt, Display Case 3)",,,"Donated by: British School of Archaeology, Egypt",,1912,,,Egypt and Sudan,EA67631,"1912,1019.9",
https://media.britishmuseum.org/media/Repository/Documents/2014_10/3_19/35632773_2d58_4f98_a4e8_a3b9014950ab/preview_00222561_001.jpg,bead (object name),No: Optional[EA38037],"Conical bead: of glazed composition, decorated with incised spiral grooves. The glaze has decayed to a dull brown.; ",,1st Dynasty; 2nd Dynasty,,Excavated/Findspot: Temple of Osiris-Khentimentu (Abydos),glazed composition,glazed; incised,1.10 centimetres;  2.70 centimetres; ,,"Chamber M seems to have been used as a rubbish hole: the objects in it were generally damaged. The latest pottery and flints date to the reign of Peribsen and the jewellery is not likely to be much earlier.
Bibliography: 
W. M. F. Petrie, 'Abydos' II (London, 1902-4), 23, 26; with similar beads on pl. VIII, 164-7.
E. A. Wallis Budge 'A Guide to the Fourth, Fifth and Sixth Egyptian Rooms, and the Coptic Room' (London, 1922), 290, no. 227.
For similar Early Dynastic beads, see W. M. F. Petrie, 'Royal Tombs of the Earliest Dynasties' II, pl. XLI, 79; W. B. Emery, 'Great tombs of the First Dynasty; excavations at Sakkara' III (London, 1958), pl. 108, 1.",Andrews 1981 / Catalogue of Egyptian Antiquities. Jewellery I; Spencer 1980 / Early Dynastic Objects,Not on display,,,Donated by: Egypt Exploration Fund,Excavated by: Egypt Exploration Fund,1903,,,Egypt and Sudan,EA38037,"1903,1010.29",
,bead (object name),No: Optional[EA38026],"Cylinder bead: of green glazed composition, partly decayed in certain areas to white or brown. The bead has a fine bore.; ",,2nd Dynasty; 1st Dynasty,,Found/Acquired: Temple of Osiris-Khentimentu (Abydos),glazed composition,glazed; bored,0.30 centimetres;  1.60 centimetres; ,,"Chamber M seems to have been used as a rubbish hole: the objects in it were generally damaged. The latest pottery and flints date to the reign of Peribsen and the jewellery is not likely to be much earlier.
Bibliography: 
W. M. F. Petrie, 'Abydos' II (London, 1903), 23, 26. Similar beads are shown on pl.VIII, 153-4, 159;
E. A. Wallis Budge 'A Guide to the Fourth, Fifth and Sixth Egyptian Rooms, and the Coptic Room' (London, 1922), 290, no. 227.",Andrews 1981 / Catalogue of Egyptian Antiquities. Jewellery I; Spencer 1980 / Early Dynastic Objects,Not on display,,,Donated by: Egypt Exploration Fund,Excavated by: Egypt Exploration Fund,1903,,,Egypt and Sudan,EA38026,"1903,1010.18",
,bead (object name),No: Optional[EA38034],"Large bored cylinder bead: of green glazed composition, the glaze having mostly decayed to white.; ",,2nd Dynasty; 1st Dynasty,,Found/Acquired: Temple of Osiris-Khentimentu (Abydos),glazed composition,glazed; bored,0.90 centimetres;  3.70 centimetres; ,,"Chamber M seems to have been used as a rubbish hole: the objects in it were generally damaged. The latest pottery and flints date to the reign of Peribsen and the jewellery is not likely to be much earlier.
Bibliography: 
W. M. F. Petrie, 'Abydos' II (London, 1902-4), 23, 26, and pl. VIII, 155, 160 (probably);
E. A. Wallis Budge 'A Guide to the Fourth, Fifth and Sixth Egyptian Rooms, and the Coptic Room' (London, 1922), 290, no. 227.
For general references on Early Dynastic glazed beads, see  W. M. F. Petrie, 'Abydos' I (London, 1902), pl.LLI, W. M. F. Petrie, 'Gizeh and Rifeh' (Warminster, 1977), pl.III. upper right; W. M. F. Petrie, 'Tarkhan I and Memphis V' (London, 1913), pl.XIV; W. M. F. Petrie, 'Tarkhan' II (London, 1914), pl.XLIV; W. M. F. Petrie, 'Royal Tombs of the Earliest Dynasties' II, pls.XXXVIII, 11, 13, 20-21, 25, 28-9, 33, 35; XLIV, 41-2; T. E. Peet, in E. Naville (ed.), 'Cemeteries of Abydos' II, 34 (S.609); G. A. Reisner, 'The early dynastic cemeteries of Naga-ed-Dêr' I, (California, 1908), 118, pis.8, no. 12; 41a, (1584 5b); 73c; A. C. Mace in G. A. Reisner (ed.), 'The early dynastic cemeteries of Naga-ed-Dêr' II, (California, 1908), pl.47b; J. E. Quibell, 'Excavations at Saqqara, 1912-1914: Archaic Mastabas’ (Cairo, 1923), pl.XI, 7; J. E. Quibell, ‘Archaic Objects’ (Cairo, 1905), nos. 14125, 14135. 14140 and pl.44; J. E. Quibell & F. W. Green, 'Hierakonpolis' II (London, 1989), pl.XXIII; G. Brunton, 'Qau and Badari' I (London, 1927), pl.XVII; G. Brunton, 'British Museum expedition to Middle Egypt, 1929-1931 Matmar' (London, 1948), pl.XXII, 35-6, 38-45, 48, 50, 52-3, 56, 63, 67; Z. Y. Saad, 'The excavations at Helwan art and civilization in the first and second Egyptian dynasties' (Norman, 1969), pls.77-82 (some possibly later than Early Dynastic); A. Scharff, ‘Die Altertümer der Vor – und Frühzeit Ägyptens’ II (Berlin, 1929-31), nos. 170-2, 174-6, 179-80, 182 and pl.28; W. B. Emery, 'Great tombs of the First Dynasty; excavations at Sakkara' III (London, 1958), 81 and pls.99, 108.",Andrews 1981 / Catalogue of Egyptian Antiquities. Jewellery I; Spencer 1980 / Early Dynastic Objects,Not on display,,,Donated by: Egypt Exploration Fund,Excavated by: Egypt Exploration Fund,1903,,,Egypt and Sudan,EA38034,"1903,1010.26",
,bead (object name),No: Optional[EA37283],"A large number of cylinder beads: of green and brown glazed composition, together with a single spherical bead of the same material, assembled on a modern thread.; ",,1st Dynasty,,Excavated/Findspot: Temple of Osiris-Khentimentu (Abydos),glazed composition,glazed,0.30 - 0.60 centimetres beads ;  0.90 - 3.10 centimetres beads ;  201.10 centimetres string ; ,,"The beads were found at Level 28, dated by Petrie to 'between Ka and Menes'. The true date is probably rather later than this, to judge from the glazed baboon figures found at the same level. Cf. 1929,1015.532: long cylindrical beads from Mostagedda with s lightly deeper coloured glaze, dated by the excavator to the Fifth Dynasty.
Bibliography:
W. M. F. Petrie, 'Abydos' I (London, 1902), 25 and pl. LIII, 10 (some);
The British Museum, 'A Guide to the Third and Fourth Egyptian Rooms' (London, 1904), 56, no. 214; 
E. A. Wallis Budge 'A Guide to the Fourth, Fifth and Sixth Egyptian Rooms, and the Coptic Room' (London, 1922), 290, no. 228.
For the occurrence of glazed composition beads in the Early Dynastic Period, see also W. M. F. Petrie, 'Abydos' I (London, 1902), pl.LLI, W. M. F. Petrie, 'Gizeh and Rifeh' (Warminster, 1977), pl.III. upper right; W. M. F. Petrie, 'Tarkhan I and Memphis V' (London, 1913), pl.XIV; W. M. F. Petrie, 'Tarkhan' II (London, 1914), pl.XLIV; W. M. F. Petrie, 'Royal Tombs of the Earliest Dynasties' II, pls.XXXVIII, 11, 13, 20-21, 25, 28-9, 33, 35; XLIV, 41-2; T. E. Peet, in E. Naville (ed.), 'Cemeteries of Abydos' II, 34 (S.609); G. A. Reisner, 'The early dynastic cemeteries of Naga-ed-Dêr' I, (California, 1908), 118, pis.8, no. 12; 41a, (1584 5b); 73c; A. C. Mace in G. A. Reisner (ed.), 'The early dynastic cemeteries of Naga-ed-Dêr' II, (California, 1908), pl.47b; J. E. Quibell, 'Excavations at Saqqara, 1912-1914: Archaic Mastabas’ (Cairo, 1923), pl.XI, 7; J. E. Quibell, ‘Archaic Objects’ (Cairo, 1905), nos. 14125, 14135. 14140 and pl.44; J. E. Quibell & F. W. Green, 'Hierakonpolis' II (London, 1989), pl.XXIII; G. Brunton, 'Qau and Badari' I (London, 1927), pl.XVII; G. Brunton, 'British Museum expedition to Middle Egypt, 1929-1931 Matmar' (London, 1948), pl.XXII, 35-6, 38-45, 48, 50, 52-3, 56, 63, 67; Z. Y. Saad, 'The excavations at Helwan art and civilization in the first and second Egyptian dynasties' (Norman, 1969), pls.77-82 (some possibly later than Early Dynastic); A. Scharff, ‘Die Altertümer der Vor – und Frühzeit Ägyptens’ II (Berlin, 1929-31), nos. 170-2, 174-6, 179-80, 182 and pl.28; W. B. Emery, 'Great tombs of the First Dynasty; excavations at Sakkara' III (London, 1958), 81 and pls.99, 108.",Andrews 1981 / Catalogue of Egyptian Antiquities. Jewellery I; Spencer 1980 / Early Dynastic Objects,Not on display,,,Donated by: Egypt Exploration Fund,Excavated by: Egypt Exploration Fund,1902,,,Egypt and Sudan,EA37283,"1902,1011.20",
,bead (object name),No: Optional[EA38029],"Cylinder bead: of green glazed composition, partly decayed in certain areas to white or brown. The bead has a fine bore.; ",,2nd Dynasty; 1st Dynasty,,Found/Acquired: Temple of Osiris-Khentimentu (Abydos),glazed composition,glazed; bored,0.40 centimetres;  1.60 centimetres; ,,"Chamber M seems to have been used as a rubbish hole: the objects in it were generally damaged. The latest pottery and flints date to the reign of Peribsen and the jewellery is not likely to be much earlier.
Bibliography: 
W. M. F. Petrie, 'Abydos' II (London, 1903), 23, 26. Similar beads are shown on pl.VIII, 153-4, 159;
E. A. Wallis Budge 'A Guide to the Fourth, Fifth and Sixth Egyptian Rooms, and the Coptic Room' (London, 1922), 290, no. 227.",Andrews 1981 / Catalogue of Egyptian Antiquities. Jewellery I; Spencer 1980 / Early Dynastic Objects,Not on display,,,Donated by: Egypt Exploration Fund,Excavated by: Egypt Exploration Fund,1903,,,Egypt and Sudan,EA38029,"1903,1010.21",
,bead (object name),No: Optional[EA38032],"Cylinder bead: of green glazed composition, partly decayed in certain areas to white or brown. The bead has a fine bore.; ",,2nd Dynasty; 1st Dynasty,,Found/Acquired: Temple of Osiris-Khentimentu (Abydos),glazed composition,glazed; bored,0.40 centimetres;  2.10 centimetres; ,,"Chamber M seems to have been used as a rubbish hole: the objects in it were generally damaged. The latest pottery and flints date to the reign of Peribsen and the jewellery is not likely to be much earlier.
Bibliography: 
W. M. F. Petrie, 'Abydos' II (London, 1903), 23, 26. Similar beads are shown on pl.VIII, 153-4, 159;
E. A. Wallis Budge 'A Guide to the Fourth, Fifth and Sixth Egyptian Rooms, and the Coptic Room' (London, 1922), 290, no. 227.",Andrews 1981 / Catalogue of Egyptian Antiquities. Jewellery I; Spencer 1980 / Early Dynastic Objects,Not on display,,,Donated by: Egypt Exploration Fund,Excavated by: Egypt Exploration Fund,1903,,,Egypt and Sudan,EA38032,"1903,1010.24",
,bead (object name),No: Optional[EA38039],"Conical bead: of glazed composition, decorated with incised spiral grooves. The glaze has decayed to a dull brown. The bead is broken at its narrow end.; ",,2nd Dynasty; 1st Dynasty,,Found/Acquired: Temple of Osiris-Khentimentu (Abydos),glazed composition,glazed; incised,1.00 centimetres;  2.50 centimetres; ,,"Chamber M seems to have been used as a rubbish hole: the objects in it were generally damaged. The latest pottery and flints date to the reign of Peribsen and the jewellery is not likely to be much earlier.
Bibliography: 
W. M. F. Petrie, 'Abydos' II (London, 1902-4), 23, 26; with similar beads on pl. VIII, 164-7.
E. A. Wallis Budge 'A Guide to the Fourth, Fifth and Sixth Egyptian Rooms, and the Coptic Room' (London, 1922), 290, no. 227.
For similar Early Dynastic beads, see W. M. F. Petrie, 'Royal Tombs of the Earliest Dynasties' II, pl. XLI, 79; W. B. Emery, 'Great tombs of the First Dynasty; excavations at Sakkara' III (London, 1958), pl. 108, 1.",Andrews 1981 / Catalogue of Egyptian Antiquities. Jewellery I; Spencer 1980 / Early Dynastic Objects,Not on display,,,Donated by: Egypt Exploration Fund,Excavated by: Egypt Exploration Fund,1903,,,Egypt and Sudan,EA38039,"1903,1010.31",
,bead (object name),No: Optional[EA38028],"Cylinder bead: of green glazed composition, partly decayed in certain areas to white or brown. The bead has a fine bore.; ",,2nd Dynasty; 1st Dynasty,,Found/Acquired: Temple of Osiris-Khentimentu (Abydos),glazed composition,glazed; bored,0.50 centimetres;  1.70 centimetres; ,,"Chamber M seems to have been used as a rubbish hole: the objects in it were generally damaged. The latest pottery and flints date to the reign of Peribsen and the jewellery is not likely to be much earlier.
Bibliography: 
W. M. F. Petrie, 'Abydos' II (London, 1903), 23, 26. Similar beads are shown on pl.VIII, 153-4, 159;
E. A. Wallis Budge 'A Guide to the Fourth, Fifth and Sixth Egyptian Rooms, and the Coptic Room' (London, 1922), 290, no. 227.",Andrews 1981 / Catalogue of Egyptian Antiquities. Jewellery I; Spencer 1980 / Early Dynastic Objects,Not on display,,,Donated by: Egypt Exploration Fund,Excavated by: Egypt Exploration Fund,1903,,,Egypt and Sudan,EA38028,"1903,1010.20",
,bead (object name),No: Optional[EA38041],Cylinder bead: of glazed composition with fine bore. The glaze has decayed to a dull brown.; ,,2nd Dynasty; 1st Dynasty,,Found/Acquired: Temple of Osiris-Khentimentu (Abydos),glazed composition,glazed; bored,0.70 centimetres;  1.90 centimetres; ,,"Chamber M seems to have been used as a rubbish hole: the objects in it were generally damaged. The latest pottery and flints date to the reign of Peribsen and the jewellery is not likely to be much earlier.
Bibliography: 
W. M. F. Petrie, 'Abydos' II (London, 1902-4), 23, 26;
E. A. Wallis Budge 'A Guide to the Fourth, Fifth and Sixth Egyptian Rooms, and the Coptic Room' (London, 1922), 290, no. 227.
For general references on Early Dynastic glazed beads, see  W. M. F. Petrie, 'Abydos' I (London, 1902), pl.LLI, W. M. F. Petrie, 'Gizeh and Rifeh' (Warminster, 1977), pl.III. upper right; W. M. F. Petrie, 'Tarkhan I and Memphis V' (London, 1913), pl.XIV; W. M. F. Petrie, 'Tarkhan' II (London, 1914), pl.XLIV; W. M. F. Petrie, 'Royal Tombs of the Earliest Dynasties' II, pls.XXXVIII, 11, 13, 20-21, 25, 28-9, 33, 35; XLIV, 41-2; T. E. Peet, in E. Naville (ed.), 'Cemeteries of Abydos' II, 34 (S.609); G. A. Reisner, 'The early dynastic cemeteries of Naga-ed-Dêr' I, (California, 1908), 118, pis.8, no. 12; 41a, (1584 5b); 73c; A. C. Mace in G. A. Reisner (ed.), 'The early dynastic cemeteries of Naga-ed-Dêr' II, (California, 1908), pl.47b; J. E. Quibell, 'Excavations at Saqqara, 1912-1914: Archaic Mastabas’ (Cairo, 1923), pl.XI, 7; J. E. Quibell, ‘Archaic Objects’ (Cairo, 1905), nos. 14125, 14135. 14140 and pl.44; J. E. Quibell & F. W. Green, 'Hierakonpolis' II (London, 1989), pl.XXIII; G. Brunton, 'Qau and Badari' I (London, 1927), pl.XVII; G. Brunton, 'British Museum expedition to Middle Egypt, 1929-1931 Matmar' (London, 1948), pl.XXII, 35-6, 38-45, 48, 50, 52-3, 56, 63, 67; Z. Y. Saad, 'The excavations at Helwan art and civilization in the first and second Egyptian dynasties' (Norman, 1969), pls.77-82 (some possibly later than Early Dynastic); A. Scharff, ‘Die Altertümer der Vor – und Frühzeit Ägyptens’ II (Berlin, 1929-31), nos. 170-2, 174-6, 179-80, 182 and pl.28; W. B. Emery, 'Great tombs of the First Dynasty; excavations at Sakkara' III (London, 1958), 81 and pls.99, 108.",Andrews 1981 / Catalogue of Egyptian Antiquities. Jewellery I; Spencer 1980 / Early Dynastic Objects,Not on display,,,Donated by: Egypt Exploration Fund,Excavated by: Egypt Exploration Fund,1903,,,Egypt and Sudan,EA38041,"1903,1010.33",
,bead (object name),No: Optional[EA38033],"A long cylinder bead: probably glazed green originally, although the surface has decayed to pale brown and white.; ",,2nd Dynasty; 1st Dynasty,,Found/Acquired: Temple of Osiris-Khentimentu (Abydos),glazed composition,glazed,0.50 centimetres;  3.40 centimetres; ,,"Chamber M seems to have been used as a rubbish hole: the objects in it were generally damaged. The latest pottery and flints date to the reign of Peribsen and the jewellery is not likely to be much earlier.
Bibliography: 
W. M. F. Petrie, 'Abydos' II (London, 1903), 23, 26. Similar beads are shown on pl.VIII, 153-4, 159;
E. A. Wallis Budge 'A Guide to the Fourth, Fifth and Sixth Egyptian Rooms, and the Coptic Room' (London, 1922), 290, no. 227.
For general references on Early Dynastic glazed beads, see  W. M. F. Petrie, 'Abydos' I (London, 1902), pl.LLI, W. M. F. Petrie, 'Gizeh and Rifeh' (Warminster, 1977), pl.III. upper right; W. M. F. Petrie, 'Tarkhan I and Memphis V' (London, 1913), pl.XIV; W. M. F. Petrie, 'Tarkhan' II (London, 1914), pl.XLIV; W. M. F. Petrie, 'Royal Tombs of the Earliest Dynasties' II, pls.XXXVIII, 11, 13, 20-21, 25, 28-9, 33, 35; XLIV, 41-2; T. E. Peet, in E. Naville (ed.), 'Cemeteries of Abydos' II, 34 (S.609); G. A. Reisner, 'The early dynastic cemeteries of Naga-ed-Dêr' I, (California, 1908), 118, pis.8, no. 12; 41a, (1584 5b); 73c; A. C. Mace in G. A. Reisner (ed.), 'The early dynastic cemeteries of Naga-ed-Dêr' II, (California, 1908), pl.47b; J. E. Quibell, 'Excavations at Saqqara, 1912-1914: Archaic Mastabas’ (Cairo, 1923), pl.XI, 7; J. E. Quibell, ‘Archaic Objects’ (Cairo, 1905), nos. 14125, 14135. 14140 and pl.44; J. E. Quibell & F. W. Green, 'Hierakonpolis' II (London, 1989), pl.XXIII; G. Brunton, 'Qau and Badari' I (London, 1927), pl.XVII; G. Brunton, 'British Museum expedition to Middle Egypt, 1929-1931 Matmar' (London, 1948), pl.XXII, 35-6, 38-45, 48, 50, 52-3, 56, 63, 67; Z. Y. Saad, 'The excavations at Helwan art and civilization in the first and second Egyptian dynasties' (Norman, 1969), pls.77-82 (some possibly later than Early Dynastic); A. Scharff, ‘Die Altertümer der Vor – und Frühzeit Ägyptens’ II (Berlin, 1929-31), nos. 170-2, 174-6, 179-80, 182 and pl.28; W. B. Emery, 'Great tombs of the First Dynasty; excavations at Sakkara' III (London, 1958), 81 and pls.99, 108.",Andrews 1981 / Catalogue of Egyptian Antiquities. Jewellery I; Spencer 1980 / Early Dynastic Objects,Not on display,,,Donated by: Egypt Exploration Fund,Excavated by: Egypt Exploration Fund,1903,,,Egypt and Sudan,EA38033,"1903,1010.25",
https://media.britishmuseum.org/media/Repository/Documents/2014_10/3_19/dfb67b2b_006d_47c8_a45d_a3b90148cebe/preview_00222410_001.jpg,bead (object name),No: Optional[EA38036],"A very large cylinder bead: of green glazed composition, the glazed surface having slightly decayed in parts. The bore is of elliptical shape.; ",,2nd Dynasty; 1st Dynasty,,Found/Acquired: Temple of Osiris-Khentimentu (Abydos),glazed composition,glazed; bored,2.10 centimetres;  6.50 centimetres; ,,"Chamber M seems to have been used as a rubbish hole: the objects in it were generally damaged. The latest pottery and flints date to the reign of Peribsen and the jewellery is not likely to be much earlier.
Bibliography: 
W. M. F. Petrie, 'Abydos' II (London, 1902-4), 23, 26. Similar beads are shown on pl.VIII, 168;
E. A. Wallis Budge 'A Guide to the Fourth, Fifth and Sixth Egyptian Rooms, and the Coptic Room' (London, 1922), 290, no. 227.",Andrews 1981 / Catalogue of Egyptian Antiquities. Jewellery I; Spencer 1980 / Early Dynastic Objects,Not on display,,,Donated by: Egypt Exploration Fund,Excavated by: Egypt Exploration Fund,1903,,,Egypt and Sudan,EA38036,"1903,1010.28",
,bead (object name),No: Optional[EA38035],"Large cylinder bead: of green glazed composition, the glaze having mostly decayed to white. The bore is elliptical in shape.; ",,2nd Dynasty; 1st Dynasty,,Found/Acquired: Temple of Osiris-Khentimentu (Abydos),glazed composition,glazed; bored,1.00 centimetres;  4.10 centimetres; ,,"Chamber M seems to have been used as a rubbish hole: the objects in it were generally damaged. The latest pottery and flints date to the reign of Peribsen and the jewellery is not likely to be much earlier.
Bibliography: 
W. M. F. Petrie, 'Abydos' II (London, 1902-4), 23, 26, and pl. VIII, 155, 160 (probably);
E. A. Wallis Budge 'A Guide to the Fourth, Fifth and Sixth Egyptian Rooms, and the Coptic Room' (London, 1922), 290, no. 227.
For general references on Early Dynastic glazed beads, see  W. M. F. Petrie, 'Abydos' I (London, 1902), pl.LLI, W. M. F. Petrie, 'Gizeh and Rifeh' (Warminster, 1977), pl.III. upper right; W. M. F. Petrie, 'Tarkhan I and Memphis V' (London, 1913), pl.XIV; W. M. F. Petrie, 'Tarkhan' II (London, 1914), pl.XLIV; W. M. F. Petrie, 'Royal Tombs of the Earliest Dynasties' II, pls.XXXVIII, 11, 13, 20-21, 25, 28-9, 33, 35; XLIV, 41-2; T. E. Peet, in E. Naville (ed.), 'Cemeteries of Abydos' II, 34 (S.609); G. A. Reisner, 'The early dynastic cemeteries of Naga-ed-Dêr' I, (California, 1908), 118, pis.8, no. 12; 41a, (1584 5b); 73c; A. C. Mace in G. A. Reisner (ed.), 'The early dynastic cemeteries of Naga-ed-Dêr' II, (California, 1908), pl.47b; J. E. Quibell, 'Excavations at Saqqara, 1912-1914: Archaic Mastabas’ (Cairo, 1923), pl.XI, 7; J. E. Quibell, ‘Archaic Objects’ (Cairo, 1905), nos. 14125, 14135. 14140 and pl.44; J. E. Quibell & F. W. Green, 'Hierakonpolis' II (London, 1989), pl.XXIII; G. Brunton, 'Qau and Badari' I (London, 1927), pl.XVII; G. Brunton, 'British Museum expedition to Middle Egypt, 1929-1931 Matmar' (London, 1948), pl.XXII, 35-6, 38-45, 48, 50, 52-3, 56, 63, 67; Z. Y. Saad, 'The excavations at Helwan art and civilization in the first and second Egyptian dynasties' (Norman, 1969), pls.77-82 (some possibly later than Early Dynastic); A. Scharff, ‘Die Altertümer der Vor – und Frühzeit Ägyptens’ II (Berlin, 1929-31), nos. 170-2, 174-6, 179-80, 182 and pl.28; W. B. Emery, 'Great tombs of the First Dynasty; excavations at Sakkara' III (London, 1958), 81 and pls.99, 108.",Andrews 1981 / Catalogue of Egyptian Antiquities. Jewellery I; Spencer 1980 / Early Dynastic Objects,Not on display,,,Donated by: Egypt Exploration Fund,Excavated by: Egypt Exploration Fund,1903,,,Egypt and Sudan,EA38035,"1903,1010.27",
,bead (object name),No: Optional[EA38030],"Cylinder bead: of green glazed composition, partly decayed in certain areas to white or brown. The bead has a fine bore.; ",,2nd Dynasty; 1st Dynasty,,Found/Acquired: Temple of Osiris-Khentimentu (Abydos),glazed composition,glazed; bored,0.40 centimetres;  1.70 centimetres; ,,"Chamber M seems to have been used as a rubbish hole: the objects in it were generally damaged. The latest pottery and flints date to the reign of Peribsen and the jewellery is not likely to be much earlier.
Bibliography: 
W. M. F. Petrie, 'Abydos' II (London, 1903), 23, 26. Similar beads are shown on pl.VIII, 153-4, 159;
E. A. Wallis Budge 'A Guide to the Fourth, Fifth and Sixth Egyptian Rooms, and the Coptic Room' (London, 1922), 290, no. 227.",Andrews 1981 / Catalogue of Egyptian Antiquities. Jewellery I; Spencer 1980 / Early Dynastic Objects,Not on display,,,Donated by: Egypt Exploration Fund,Excavated by: Egypt Exploration Fund,1903,,,Egypt and Sudan,EA38030,"1903,1010.22",
,bead (object name),No: Optional[EA38042],Cylinder bead: of glazed composition with fine bore. The glaze has decayed to a dull brown.; ,,2nd Dynasty; 1st Dynasty,,Found/Acquired: Temple of Osiris-Khentimentu (Abydos),glazed composition,glazed; bored,0.60 centimetres;  1.70 centimetres; ,,"Chamber M seems to have been used as a rubbish hole: the objects in it were generally damaged. The latest pottery and flints date to the reign of Peribsen and the jewellery is not likely to be much earlier.
Bibliography: 
W. M. F. Petrie, 'Abydos' II (London, 1902-4), 23, 26; 
E. A. Wallis Budge 'A Guide to the Fourth, Fifth and Sixth Egyptian Rooms, and the Coptic Room' (London, 1922), 290, no. 227.
For general references on Early Dynastic glazed beads, see  W. M. F. Petrie, 'Abydos' I (London, 1902), pl.LLI, W. M. F. Petrie, 'Gizeh and Rifeh' (Warminster, 1977), pl.III. upper right; W. M. F. Petrie, 'Tarkhan I and Memphis V' (London, 1913), pl.XIV; W. M. F. Petrie, 'Tarkhan' II (London, 1914), pl.XLIV; W. M. F. Petrie, 'Royal Tombs of the Earliest Dynasties' II, pls.XXXVIII, 11, 13, 20-21, 25, 28-9, 33, 35; XLIV, 41-2; T. E. Peet, in E. Naville (ed.), 'Cemeteries of Abydos' II, 34 (S.609); G. A. Reisner, 'The early dynastic cemeteries of Naga-ed-Dêr' I, (California, 1908), 118, pis.8, no. 12; 41a, (1584 5b); 73c; A. C. Mace in G. A. Reisner (ed.), 'The early dynastic cemeteries of Naga-ed-Dêr' II, (California, 1908), pl.47b; J. E. Quibell, 'Excavations at Saqqara, 1912-1914: Archaic Mastabas’ (Cairo, 1923), pl.XI, 7; J. E. Quibell, ‘Archaic Objects’ (Cairo, 1905), nos. 14125, 14135. 14140 and pl.44; J. E. Quibell & F. W. Green, 'Hierakonpolis' II (London, 1989), pl.XXIII; G. Brunton, 'Qau and Badari' I (London, 1927), pl.XVII; G. Brunton, 'British Museum expedition to Middle Egypt, 1929-1931 Matmar' (London, 1948), pl.XXII, 35-6, 38-45, 48, 50, 52-3, 56, 63, 67; Z. Y. Saad, 'The excavations at Helwan art and civilization in the first and second Egyptian dynasties' (Norman, 1969), pls.77-82 (some possibly later than Early Dynastic); A. Scharff, ‘Die Altertümer der Vor – und Frühzeit Ägyptens’ II (Berlin, 1929-31), nos. 170-2, 174-6, 179-80, 182 and pl.28; W. B. Emery, 'Great tombs of the First Dynasty; excavations at Sakkara' III (London, 1958), 81 and pls.99, 108.",Andrews 1981 / Catalogue of Egyptian Antiquities. Jewellery I; Spencer 1980 / Early Dynastic Objects,Not on display,,,Donated by: Egypt Exploration Fund,Excavated by: Egypt Exploration Fund,1903,,,Egypt and Sudan,EA38042,"1903,1010.34",
,bead (object name),No: Optional[EA38040],"A conical bead: of glazed composition, with plain surfaces, slightly chipped at the wide end. The glaze has decayed to a dull brown.; ",,2nd Dynasty; 1st Dynasty,,Found/Acquired: Temple of Osiris-Khentimentu (Abydos),glazed composition,glazed,0.90 centimetres;  1.60 centimetres; ,,"Chamber M seems to have been used as a rubbish hole: the objects in it were generally damaged. The latest pottery and flints date to the reign of Peribsen and the jewellery is not likely to be much earlier.
Bibliography: 
W. M. F. Petrie, 'Abydos' II (London, 1902-4), 23, 26; with similar beads on pl. VIII, 169-70;
E. A. Wallis Budge 'A Guide to the Fourth, Fifth and Sixth Egyptian Rooms, and the Coptic Room' (London, 1922), 290, no. 227.",Andrews 1981 / Catalogue of Egyptian Antiquities. Jewellery I; Spencer 1980 / Early Dynastic Objects,Not on display,,,Donated by: Egypt Exploration Fund,Excavated by: Egypt Exploration Fund,1903,,,Egypt and Sudan,EA38040,"1903,1010.32",
,bead (object name),No: Optional[EA38038],"Conical bead: of glazed composition, decorated with incised spiral grooves. The glaze has decayed to a dull brown.; ",,2nd Dynasty; 1st Dynasty,,Found/Acquired: Temple of Osiris-Khentimentu (Abydos),glazed composition,glazed; incised,0.80 centimetres;  2.70 centimetres; ,,"Chamber M seems to have been used as a rubbish hole: the objects in it were generally damaged. The latest pottery and flints date to the reign of Peribsen and the jewellery is not likely to be much earlier.
Bibliography: 
W. M. F. Petrie, 'Abydos' II (London, 1902-4), 23, 26; with similar beads on pl. VIII, 164-7;
E. A. Wallis Budge 'A Guide to the Fourth, Fifth and Sixth Egyptian Rooms, and the Coptic Room' (London, 1922), 290, no. 227.
For similar Early Dynastic beads, see W. M. F. Petrie, 'Royal Tombs of the Earliest Dynasties' II, pl. XLI, 79; W. B. Emery, 'Great tombs of the First Dynasty; excavations at Sakkara' III (London, 1958), pl. 108, 1.",Andrews 1981 / Catalogue of Egyptian Antiquities. Jewellery I; Spencer 1980 / Early Dynastic Objects,Not on display,,,Donated by: Egypt Exploration Fund,Excavated by: Egypt Exploration Fund,1903,,,Egypt and Sudan,EA38038,"1903,1010.30",
,bead (object name),No: Optional[EA38031],"Cylinder bead: of green glazed composition, partly decayed in certain areas to white or brown. The bead has a fine bore.; ",,2nd Dynasty; 1st Dynasty,,Found/Acquired: Temple of Osiris-Khentimentu (Abydos),glazed composition,glazed; bored,0.40 centimetres;  1.70 centimetres; ,,"Chamber M seems to have been used as a rubbish hole: the objects in it were generally damaged. The latest pottery and flints date to the reign of Peribsen and the jewellery is not likely to be much earlier.
Bibliography: 
W. M. F. Petrie, 'Abydos' II (London, 1903), 23, 26. Similar beads are shown on pl.VIII, 153-4, 159;
E. A. Wallis Budge 'A Guide to the Fourth, Fifth and Sixth Egyptian Rooms, and the Coptic Room' (London, 1922), 290, no. 227.",Andrews 1981 / Catalogue of Egyptian Antiquities. Jewellery I; Spencer 1980 / Early Dynastic Objects,Not on display,,,Donated by: Egypt Exploration Fund,Excavated by: Egypt Exploration Fund,1903,,,Egypt and Sudan,EA38031,"1903,1010.23",
,bead (object name),No: Optional[EA38027],"Cylinder bead: of green glazed composition, partly decayed in certain areas to white or brown. The bead has a fine bore.; ",,2nd Dynasty; 1st Dynasty,,Found/Acquired: Temple of Osiris-Khentimentu (Abydos),glazed composition,glazed; bored,0.40 centimetres;  1.70 centimetres; ,,"Chamber M seems to have been used as a rubbish hole: the objects in it were generally damaged. The latest pottery and flints date to the reign of Peribsen and the jewellery is not likely to be much earlier.
Bibliography: 
W. M. F. Petrie, 'Abydos' II (London, 1903), 23, 26. Similar beads are shown on pl.VIII, 153-4, 159;
E. A. Wallis Budge 'A Guide to the Fourth, Fifth and Sixth Egyptian Rooms, and the Coptic Room' (London, 1922), 290, no. 227.",Andrews 1981 / Catalogue of Egyptian Antiquities. Jewellery I; Spencer 1980 / Early Dynastic Objects,Not on display,,,Donated by: Egypt Exploration Fund,Excavated by: Egypt Exploration Fund,1903,,,Egypt and Sudan,EA38027,"1903,1010.19",
,blade (object name),No: Optional[EA68789],Thin flake of brown flint: with a pointed tip. One edge slightly chipped. The upper surface bears a small patch of white crust.; ,,1st Dynasty,,Excavated/Findspot: Tarkhan,flint,,7.40 centimetres max ;  0.50 centimetres;  1.50 centimetres max ; ,,,Spencer 1980 / Early Dynastic Objects,Not on display,,,"Donated by: British School of Archaeology, Egypt",,1913,,,Egypt and Sudan,EA68789,"1913,1027.24",
,blade (object name),No: Optional[EA68788],Thin flake of brown striped flint blade: with a pointed tip and rounded butt. The entire length of one edge has been sharpened by chipping.; ,,1st Dynasty,,Excavated/Findspot: Tarkhan,flint,,6.50 centimetres max ;  0.40 centimetres;  1.50 centimetres max ; ,,"For grave 2053, see W. M. F. Petrie, 'Tarkhan' II (London, 1914), pl. IV (1982), 6 and pl.XLIII.",Spencer 1980 / Early Dynastic Objects,Not on display,,,"Donated by: British School of Archaeology, Egypt",,1913,,,Egypt and Sudan,EA68788,"1913,1027.23",
,blade (object name),No: Optional[EA68790],Thin flake of brown flint: with a sharply-pointed tip. One edge sharpened by chipping.; ,,1st Dynasty,,Excavated/Findspot: Tarkhan,flint,,8.00 centimetres max ;  0.40 centimetres;  1.60 centimetres max ; ,,"For grave 2053, see W. M. F. Petrie, 'Tarkhan' II (London, 1914), pl. IV (1982), 6 and pl.XLIII.",Spencer 1980 / Early Dynastic Objects,Not on display,,,"Donated by: British School of Archaeology, Egypt",,1913,,,Egypt and Sudan,EA68790,"1913,1027.25",
,blade (object name),No: Optional[EA68734],"Broad flake of brown flint: with a pointed tip and rounded butt. Slightly sharpened along the edges by chipping, but completely unworked at the ends.; ",,1st Dynasty,,Excavated/Findspot: Abydos,flint,,8.90 centimetres;  0.50 centimetres;  1.90 centimetres max ; ,,,Spencer 1980 / Early Dynastic Objects,Not on display,,,Donated by: Egypt Exploration Fund,Excavated by: Egypt Exploration Fund,1900,,,Egypt and Sudan,EA68734,"1900,1005.47",
,blade (object name),No: Optional[EA68730],"A broad flake of brown flint: originally with a pointed tip, now broken off. The butt end is rounded and has been slightly chipped along the edge.; ",,1st Dynasty,,Excavated/Findspot: Tomb of Qaa,flint,flaked,5.80 centimetres;  0.60 centimetres;  2.50 centimetres max ; ,,"Bibliography:
W. M. F. Petrie, 'Abydos' I (London, 1902), 8, pl.XV, group marked Q, second from end of row.",Spencer 1980 / Early Dynastic Objects,Not on display,,,Donated by: Egypt Exploration Fund,Excavated by: Egypt Exploration Fund,1900,,,Egypt and Sudan,EA68730,"1900,1005.43",
https://media.britishmuseum.org/media/Repository/Documents/2014_11/5_16/b61f54ce_45b2_46ae_8d6d_a3da0110755c/preview_01215848_001.jpg,blade (object name),No: Optional[EA68764],A thin flake of brown flint: with a pointed tip. The butt end has been chipped to form an abrupt point with sharp edges.; ,,1st Dynasty,,Excavated/Findspot: Tomb of Djer,flint,flaked,7.50 centimetres;  0.40 centimetres;  1.10 centimetres max ; ,,"Bibliography:
W. M. F. Petrie, 'Abydos' I (London, 1902), 8, pl.XIV, group marked O, centre row, second from end.",Spencer 1980 / Early Dynastic Objects,Not on display,,,Donated by: Egypt Exploration Fund,Excavated by: Egypt Exploration Fund,1901,,,Egypt and Sudan,EA68764,"1901,1028.27",
,blade (object name),No: Optional[EA68763],"A thin flake of brown flint: with a chipped abrupt point at the butt end. The other end is narrow, rounded and slightly chipped.; ",,1st Dynasty,,Excavated/Findspot: Tomb of Djer (?);  Excavated/Findspot: Tomb of Djet (?),flint,flaked,8.30 centimetres;  0.40 centimetres;  1.40 centimetres max ; ,,"Bears excavators mark. O. The flints 68755-69 are recorded in the registers of the British and Medieval Department as coming from the tomb of Djet, but 10 of this group definitely come from the tomb of Djer, and it is almost certain that the same is true of the remaining 5.",Spencer 1980 / Early Dynastic Objects,Not on display,,,Donated by: Egypt Exploration Fund,Excavated by: Egypt Exploration Fund,1901,,,Egypt and Sudan,EA68763,"1901,1028.26",
,blade (object name),No: Optional[EA68094],"Flake of pale brown flint: of triangular section, completely unworked. The tip is pointed and the butt bears a patch of white crust.; ",Qaa,1st Dynasty,,Excavated/Findspot: Saqqara (Memphis),flint,,6.40 centimetres;  1.00 centimetres max ;  1.40 centimetres max ; ,,,Spencer 1980 / Early Dynastic Objects,Not on display,,,Donated by: Egypt Exploration Society,Excavated by: Prof Walter B Emery,1971,,,Egypt and Sudan,EA68094,"1971,0227.27",
,blade (object name),No: Optional[EA68075],Thin flake of brown flint: with a pointed tip. The butt end has been slightly chipped.; ,Qaa,1st Dynasty,,Excavated/Findspot: Saqqara (Memphis),flint,,10.10 centimetres;  0.60 centimetres;  1.60 centimetres max ; ,,,Spencer 1980 / Early Dynastic Objects,Not on display,,,Donated by: Egypt Exploration Society,Excavated by: Prof Walter B Emery,1971,,,Egypt and Sudan,EA68075,"1971,0227.8",
https://media.britishmuseum.org/media/Repository/Documents/2014_10/3_21/4e481c81_6f2d_4e66_9ed7_a3b9015f8317/preview_00229048_001.jpg,blade (object name),No: Optional[EA68088],"Thin flake of brown flint: broken off about halfway along its length, the pointed tip being lost. The butt end is rounded and has been chipped to form a sharp edge.; ",Qaa,1st Dynasty,,Excavated/Findspot: Saqqara (Memphis),flint,,4.50 centimetres;  0.40 centimetres;  1.80 centimetres max ; ,,,Spencer 1980 / Early Dynastic Objects,Not on display,,,Donated by: Egypt Exploration Society,Excavated by: Prof Walter B Emery,1971,,,Egypt and Sudan,EA68088,"1971,0227.21",
,blade (object name),No: Optional[EA68072],Pointed flake of brown striped flint: slightly chipped along the edges towards the tip.; ,Qaa,1st Dynasty,,Excavated/Findspot: Saqqara (Memphis),flint,,7.80 centimetres;  0.80 centimetres;  2.30 centimetres max ; ,,,Spencer 1980 / Early Dynastic Objects,Not on display,,,Donated by: Egypt Exploration Society,Excavated by: Prof Walter B Emery,1971,,,Egypt and Sudan,EA68072,"1971,0227.5",
https://media.britishmuseum.org/media/Repository/Documents/2014_10/3_21/627608cf_42a4_4499_961d_a3b9015bd438/preview_00227940_001.jpg,blade (object name),No: Optional[EA68081],"Thin flake of pale brown flint: with a pointed tip, upon which is a small trace of white crust. The butt end is rounded and has been slightly chipped.; ",Qaa,1st Dynasty,,Excavated/Findspot: Saqqara (Memphis) (?),flint,,6.80 centimetres;  0.30 centimetres;  1.40 centimetres max ; ,,,Spencer 1980 / Early Dynastic Objects,Not on display,,,Donated by: Egypt Exploration Society,,1971,,,Egypt and Sudan,EA68081,"1971,0227.14",
,blade (object name),No: Optional[EA68083],"Flake of brown flint of triangular section: with a sharp median ridge. The butt has been shaped to a blunt point with chipped edges, but the tip of the flake, which was pointed, has been broken away.; ",Qaa,1st Dynasty,,Excavated/Findspot: Saqqara (Memphis),flint,flaked,6.80 centimetres;  0.80 centimetres;  1.50 centimetres max ; ,,,Spencer 1980 / Early Dynastic Objects,Not on display,,,Donated by: Egypt Exploration Society,Excavated by: Prof Walter B Emery,1971,,,Egypt and Sudan,EA68083,"1971,0227.16",
https://media.britishmuseum.org/media/Repository/Documents/2014_10/3_21/5f91ac8c_4465_4802_be8a_a3b9015bd311/preview_00228011_001.jpg,blade (object name),No: Optional[EA68762],"A broad, thin flake of brown flint: with a pointed tip and rounded butt. The butt end has a distinct bulb of percussion, and has been slightly worked to an edge by chipping.; ",,1st Dynasty,,Excavated/Findspot: Tomb of Djer,flint,flaked,9.50 centimetres;  0.60 centimetres;  2.40 centimetres max ; ,,"Bibliography:
W. M. F. Petrie, 'Abydos' I (London, 1902), 8, pl.XIV, group marked O, at end of row.",Spencer 1980 / Early Dynastic Objects,Not on display,,,Donated by: Egypt Exploration Fund,Excavated by: Egypt Exploration Fund,1901,,,Egypt and Sudan,EA68762,"1901,1028.25",
,blade (object name),No: Optional[EA68728],"Thin flake of brown flint: with a pointed tip. Both ends slightly chipped, the butt having been formed into a blunt point.; ",,1st Dynasty,,Excavated/Findspot: Tomb of Qaa,flint,,9.90 centimetres;  0.50 centimetres;  1.90 centimetres max ; ,,"See W. M. F. Petrie, 'Abydos' I (London, 1902), pl.XV, group marked Q.",Spencer 1980 / Early Dynastic Objects,Not on display,,,Donated by: Egypt Exploration Fund,Excavated by: Egypt Exploration Fund,1900,,,Egypt and Sudan,EA68728,"1900,1005.41",
,blade (object name),No: Optional[EA68700],"Thin flake of brown flint, chipped to a point at the tip.; ",,1st Dynasty,,Excavated/Findspot: Tomb of Merneit,flint,,7.50 centimetres max ;  0.50 centimetres;  1.70 centimetres max ; ,,"see Petrie, Abydos I, pl.XV, group marked Y",Spencer 1980 / Early Dynastic Objects,Not on display,,,Donated by: Egypt Exploration Fund,Excavated by: Egypt Exploration Fund,1900,,,Egypt and Sudan,EA68700,"1900,1005.13",
,blade (object name),No: Optional[EA68729],Thin flake of brown flint: pointed at one end and rounded at the other. Both ends have been sharpened by chipping.; ,,1st Dynasty,,Excavated/Findspot: Tomb of Qaa,flint,flaked,7.40 centimetres;  0.40 centimetres;  1.50 centimetres max ; ,,"See W. M. F. Petrie, 'Abydos' I (London, 1902), pl.XV, group marked Q.",Spencer 1980 / Early Dynastic Objects,Not on display,,,Donated by: Egypt Exploration Fund,Excavated by: Egypt Exploration Fund,1900,,,Egypt and Sudan,EA68729,"1900,1005.42",
,blade (object name),No: Optional[EA68085],"Thin flake of pale brown flint: originally with a pointed tip, now broken. There is a patch of white crust on the upper surface. The butt is rounded and unworked.; ",Qaa,1st Dynasty,,Excavated/Findspot: Saqqara (Memphis),flint,,5.30 centimetres;  0.60 centimetres;  1.40 centimetres max ; ,,,Spencer 1980 / Early Dynastic Objects,Not on display,,,Donated by: Egypt Exploration Society,,1971,,,Egypt and Sudan,EA68085,"1971,0227.18",
,blade (object name),No: Optional[EA68078],Narrow flake of pale brown flint: with a pointed tip. One edge of the flake has been sharpened by chipping.; ,Qaa,1st Dynasty,,Excavated/Findspot: Saqqara (Memphis),flint,,8.20 centimetres;  0.40 centimetres;  1.00 centimetres max ; ,,,Spencer 1980 / Early Dynastic Objects,Not on display,,,Donated by: Egypt Exploration Society,Excavated by: Prof Walter B Emery,1971,,,Egypt and Sudan,EA68078,"1971,0227.11",
,blade (object name),No: Optional[EA68103],Thin flake of brown flint: with a pointed tip. The butt end has been chipped to form a rough blunt point.; ,,1st Dynasty,,Excavated/Findspot: Saqqara (Memphis),flint,,8.10 centimetres;  0.50 centimetres;  1.30 centimetres max ; ,,,Spencer 1980 / Early Dynastic Objects,Not on display,,,Donated by: Egypt Exploration Society,Excavated by: Prof Walter B Emery,1971,,,Egypt and Sudan,EA68103,"1971,0227.37",
,blade (object name),No: Optional[EA68100],Thin flake of brown flint: with a pointed tip and rounded butt. One edge of the flake has been very slightly chipped.; ,Qaa,1st Dynasty,,Excavated/Findspot: Saqqara (Memphis),flint,,8.20 centimetres;  0.50 centimetres;  2.00 centimetres max ; ,,,Spencer 1980 / Early Dynastic Objects,Not on display,,,Donated by: Egypt Exploration Society,Excavated by: Prof Walter B Emery,1971,,,Egypt and Sudan,EA68100,"1971,0227.34",
https://media.britishmuseum.org/media/Repository/Documents/2014_10/3_21/4fc02602_86d3_4490_af41_a3b9015bd708/preview_00227942_001.jpg,blade (object name),No: Optional[EA68082],Flake of brown flint with a pointed tip: no attempt has been made to sharpen the flake.; ,Qaa,1st Dynasty,,Excavated/Findspot: Saqqara (Memphis),flint,,6.80 centimetres;  0.90 centimetres;  1.70 centimetres max ; ,,,Spencer 1980 / Early Dynastic Objects,Not on display,,,Donated by: Egypt Exploration Society,Excavated by: Prof Walter B Emery,1971,,,Egypt and Sudan,EA68082,"1971,0227.15",
https://media.britishmuseum.org/media/Repository/Documents/2014_10/3_21/9f9dfa80_e058_4122_bf8a_a3b9015bd2a0/preview_00227939_001.jpg,blade (object name),No: Optional[EA68079],Flake of pale brown flint: with a pointed tip. Both ends slightly sharpened by chipping.; ,Qaa,1st Dynasty,,Excavated/Findspot: Saqqara (Memphis),flint,,6.10 centimetres;  0.60 centimetres;  1.30 centimetres max ; ,,,Spencer 1980 / Early Dynastic Objects,Not on display,,,Donated by: Egypt Exploration Society,Excavated by: Prof Walter B Emery,1971,,,Egypt and Sudan,EA68079,"1971,0227.12",
,blade (object name),No: Optional[EA68074],One of two flakes of translucent brown flint: struck from the same core and now refitted together. The larger flake has a patch of white crust on the upper surface and has been chipped at the butt.; ,Qaa,1st Dynasty,,Excavated/Findspot: Saqqara (Memphis),flint,flaked,10.50 centimetres;  2.10 centimetres max ; ,,"Attached to 1971,0227.36.
These two flakes bear a faint note in pencil, 'W. room N. complex', indicating that they come from the so-called Funerary Temple on the north side of the tomb.",Spencer 1980 / Early Dynastic Objects,Not on display,,,Donated by: Egypt Exploration Society,Excavated by: Prof Walter B Emery,1971,,,Egypt and Sudan,EA68074,"1971,0227.7",
,blade (object name),No: Optional[EA68102],One of two flakes of translucent brown flint: struck from the same core and now refitted together. The larger flake has a patch of white crust on the upper surface and has been chipped at the butt.; ,,1st Dynasty,,Excavated/Findspot: Saqqara (Memphis),flint,flaked,10.00 centimetres;  2.60 centimetres max ; ,,"Attached to 1971,0227.7
These two flakes bear a faint note in pencil, 'W. room N. complex', indicating that they come from the so-called Funerary Temple on the north side of the tomb.",Spencer 1980 / Early Dynastic Objects,Not on display,,,Donated by: Egypt Exploration Society,Excavated by: Prof Walter B Emery,1971,,,Egypt and Sudan,EA68102,"1971,0227.36",
https://media.britishmuseum.org/media/Repository/Documents/2014_11/5_17/3624bffd_92a8_4261_8aeb_a3da011ebbe9/preview_01220531_001.jpg,blade (object name),No: Optional[EA68777],"Flint blade - 6 flake blades fitted together to form part of a core, rectangular.; ",,1st Dynasty,,Found/Acquired: Maidum,flint,,9.70 centimetres;  6.60 centimetres max ; ,,,,"On display (Room 64 - Early Egypt, Display Case 5)",,,"Donated by: British School of Archaeology, Egypt;  Donated through: Sir William Matthew Flinders Petrie",,1910,,,Egypt and Sudan,EA68777,"1910,1116.2",
https://media.britishmuseum.org/media/Repository/Documents/2014_11/5_16/f741b919_82a8_4a3f_86d0_a3da01109e04/preview_01215968_001.jpg,bodkin (object name),No: Optional[EA68153],"A copper bodkin: of square section, tapering to a pointed tip. At the top of the blade the metal has been hammered to form a narrow rod, looped over at the end. Surface corroded.; ",,1st Dynasty,,Excavated/Findspot: Saqqara (Memphis),copper,hammered; looped,10.00 centimetres;  0.80 centimetres max ; ,,"Bibliography: 
W. B. Emery, 'Great tombs of the First Dynasty; excavations at Sakkara' III (London, 1958), 50, no. 7 or 9.
For similar objects of Early Dynastic date, see W. B. Emery, 'Great tombs of the First Dynasty; excavations at Sakkara' I' (Cairo, 1949), 48-9 and pl.9B; W. M. F. Petrie, 'Royal Tombs of the Earliest Dynasties' II, pls.XXXVIII, 92; XLIII, 17; Z. Y. Saad, 'The excavations at Helwan art and civilization in the first and second Egyptian dynasties' (Norman, 1969), pl.37; E. Amélineau, ‘Les Nouvelles Fouilles d’Abydos’ III, (1897-8), pl.VIII, 15.",Spencer 1980 / Early Dynastic Objects,Not on display,,,Donated by: Egypt Exploration Society,,1971,,,Egypt and Sudan,EA68153,"1971,0227.87",
,bowl (object name),No: Optional[EA30365],"Green-grey volcanic ash bowl: with a flat base, marked on the interior with an incised circle, the rim curves inwards to a flattened inner edge. Partially reconstructed and one piece of rim missing.; ",,1st Dynasty; 2nd Dynasty,,Found/Acquired: Egypt,volcanic ash,incised,7.00 centimetres base ;  22.80 centimetres rim; max ;  5.20 centimetres max ; ,,,Spencer 1980 / Early Dynastic Objects,Not on display,,,Purchased from: Rev Chauncey Murch,,1898,,,Egypt and Sudan,EA30365,"1898,1008.4",
,bowl (object name),No: Optional[EA36365],"Large bowl of green-grey volcanic ash: with a flat base, flaring sides and an incurving rim. The base is countersunk on the interior,  and the rim chipped in four places.; ",,1st Dynasty; 2nd Dynasty,,Found/Acquired: Egypt,volcanic ash,,11.00 centimetres base ;  34.20 centimetres max;rim ;  13.60 centimetres max ; ,,,Spencer 1980 / Early Dynastic Objects,Not on display,,,Purchased through: Rev Chauncey Murch;  Purchased from: Mohammed Mohassib,,1902,,,Egypt and Sudan,EA36365,"1902,0412.65",
https://media.britishmuseum.org/media/Repository/Documents/2014_11/5_14/7be82b83_db51_4fea_aeb0_a3da00f05ef6/preview_01211619_001.jpg,bowl (object name),No: Optional[EA32076],"Variegated pink limestone bowl: with veins of red, on a flat base, marked in the interior with an incised circle. The rim is of the incurved type and is slightly broken.; ",,1st Dynasty; 2nd Dynasty,,Found/Acquired: Egypt,limestone,incised,29.20 centimetres;  5.40 centimetres;  1.84 kilograms; ,,,Spencer 1980 / Early Dynastic Objects,Not on display,,,Purchased from: Miss Selima Harris,,1875,,,Egypt and Sudan,EA32076,"1875,0810.30",Miscellaneous number: BS.4596b (BS.4596b)
,bowl (object name),No: Optional[EA68148],"Pale-red breccia bowl: with flat base, flaring sides and incurving rim, a small part of which is missing, the interior of the base is countersunk, restored from fragments.; ",,1st Dynasty,,Excavated/Findspot: Saqqara (Memphis),breccia,,10.70 centimetres max ;  3.40 centimetres; ,,,Spencer 1980 / Early Dynastic Objects,Not on display,,,Donated by: Egypt Exploration Society,Excavated by: Prof Walter B Emery,1971,,,Egypt and Sudan,EA68148,"1971,0227.82",
https://media.britishmuseum.org/media/Repository/Documents/2014_11/5_16/5b724ff1_579b_4891_ad7e_a3da0110abee/preview_01215874_001.jpg,bowl (object name); model (object name),No: Optional[EA32679],Model bowl of limestone: with only a slight depression in the top. The rough exterior surface bears patches of black paint.; ,,1st Dynasty,,Excavated/Findspot: Tomb of Qaa,limestone,painted,3.00 centimetres base ;  11.00 centimetres rim ;  4.50 centimetres; ,,"Bibliography:
W. M. F. Petrie, 'Royal Tombs of the Earliest Dynasties' I, 15, 28, pl.XXXVIII, 5-6.",Spencer 1980 / Early Dynastic Objects,"On display (Room 64 - Early Egypt, Display Case 10)",,,Donated by: Egypt Exploration Fund,Excavated by: Egypt Exploration Fund,1900,,,Egypt and Sudan,EA32679,"1900,1015.41",
https://media.britishmuseum.org/media/Repository/Documents/2017_2/20_14/31eb1afd_30a1_4957_8665_a72000f50044/preview_30891.jpg,bowl (object name),No: Optional[EA30891],Bowl of marl pottery with a flat base and incurving irregular rim. The exterior surface is smoothed around the rim but rough scraped below. The interior has been carefully smoothed.; ,,1st Dynasty,,Excavated/Findspot: Hiw,pottery,scraped,6.20 centimetres base ;  21.20 centimetres rim ;  10.20 centimetres max ; ,,"For this site, see W. M. F. Petrie, 'Diospolis Parva : the cemeteries of Abadiyeh and Hu, 1898-9' (London, 1901).
Marked H on base. Like Late ware L16B in Petrie’s Corpus of Prehistoric Pottery (1921).",Spencer 1980 / Early Dynastic Objects,Not on display,,,Donated by: Egypt Exploration Fund,Excavated by: Egypt Exploration Fund,1899,,,Egypt and Sudan,EA30891,"1899,1017.47",
,bowl (object name),No: Optional[EA58343],"Grey and white variegated limestone bowl: with a flat base, flaring sides and a rounded external rim. The interior of the base is marked with two concentric incised circles. Restored from fragments.; ",,1st Dynasty,,Found/Acquired: Egypt,limestone,incised,2.80 centimetres base ;  9.30 centimetres rim ;  3.80 centimetres; ,,,Spencer 1980 / Early Dynastic Objects,Not on display,,,Donated by: Percy Edward Newberry,,1926,,,Egypt and Sudan,EA58343,"1926,1111.9",
https://media.britishmuseum.org/media/Repository/Documents/2014_11/5_14/f50f87d9_5a29_46e6_b882_a3da00f09773/preview_01211736_001.jpg,bowl (object name),No: Optional[EA38047],Bowl of red-brown pottery with a dull black surface. The base is rounded and the convex sides curve inwards to the plain rim. Good condition.; ,,1st Dynasty,,Excavated/Findspot: Temple of Osiris-Khentimentu (Abydos),pottery,,6.10 centimetres rim ;  7.70 centimetres;  4.90 centimetres; ,,"Bibliography:
W. M. F. Petrie, 'Abydos' II (London 1903), 38 and pl. XLII, 22 or 23.",Spencer 1980 / Early Dynastic Objects,Not on display,,,Donated by: Egypt Exploration Fund,Excavated by: Egypt Exploration Fund,1903,,,Egypt and Sudan,EA38047,"1903,1010.39",
https://media.britishmuseum.org/media/Repository/Documents/2014_11/5_14/59546f19_80ad_4402_b70c_a3da00f093a1/preview_01211734_001.jpg,bowl (object name),No: Optional[EA38046],Bowl of polished black pottery with a round base and incurved plain rim. Restored from fragments.; ,,1st Dynasty,,Excavated/Findspot: Temple of Osiris-Khentimentu (Abydos),pottery,polished,12.00 centimetres rim ;  6.20 centimetres; ,,,Spencer 1980 / Early Dynastic Objects,Not on display,,,Donated by: Egypt Exploration Fund,Excavated by: Egypt Exploration Fund,1903,,,Egypt and Sudan,EA38046,"1903,1010.38",
,bowl (object name),No: Optional[EA68619],"A small piece of the rim of a bowl. The material is an unusual variety of coloured limestone, basically pink with darker red stripes. The rim curves inwards.; ",,1st Dynasty,,Excavated/Findspot: Tomb of Den,limestone,,2.50 centimetres;  5.80 centimetres; ,,"Possibly W. M. F. Petrie, 'Royal Tombs of the Earliest Dynasties' II, pl. LIII C, 443.",Spencer 1980 / Early Dynastic Objects,Not on display,,,Donated by: Egypt Exploration Society,,1976,,,Egypt and Sudan,EA68619,"1976,0724.73",
,bowl (object name),No: Optional[EA32643],"Fragments of bowl: eight fragments of a bowl of brown veined limestone (?) or sandstone (?), five fragments having been joined to reconstitute part of the base and side of the vessel. The three loose pieces are from the rim, which was of the incurved type. The bowl had a flat base and was finely worked with very thin sides.; ",,1st Dynasty,,Excavated/Findspot: Tomb of Djet,limestone (?); sandstone (?),,2.30 - 4.00 centimetres 3 separate frags. ;  13.30 centimetres 5 joined frags ;  1.50 - 3.60 centimetres 3 separate frags. ;  11.90 centimetres 5 joined frags. ; ,,"Bibliography:
W. M. F. Petrie, 'Royal Tombs of the Earliest Dynasties' II, pl. LIII B, 422.",Spencer 1980 / Early Dynastic Objects,Not on display,,,Donated by: Egypt Exploration Society,,1900,,,Egypt and Sudan,EA32643,"1900,1015.5",
,bowl (object name),No: Optional[EA49115],Piece of a pink limestone bowl with decoration in the form of four cord-bands below the rim.; ,,1st Dynasty,,Excavated/Findspot: Abydos,limestone,,12.00 centimetres;  5.80 centimetres; ,,,Spencer 1980 / Early Dynastic Objects,Not on display,,,Donated by: Egypt Exploration Fund,Excavated by: Egypt Exploration Fund,1909,,,Egypt and Sudan,EA49115,"1909,1029.1",
,bowl (object name),No: Optional[EA36401],Round-based dish: of pale yellow limestone banded with white. The rim is plain with a smooth rounded edge. Chipped in places.; ,,1st Dynasty,,Found/Acquired: Egypt,limestone,,22.40 centimetres max ;  5.20 centimetres max ; ,,,Spencer 1980 / Early Dynastic Objects,Not on display,,,Purchased through: Rev Chauncey Murch;  Purchased through: Mohammed Mohassib,,1902,,,Egypt and Sudan,EA36401,"1902,0412.101",
,bowl (object name),No: Optional[EA36332],"Red breccia bowl: with a flat base and an incurving rim, rather irregular in height, the rim is flat on the inner edge, interior of the base smoothly rounded, without any incised ring, restored from fragments with several small pieces of the rim missing.; ",,1st Dynasty; 2nd Dynasty,,Excavated/Findspot: Abydos (?),breccia,incised,10.00 centimetres base ;  30.70 centimetres rim ;  9.70 centimetres; ,,,Spencer 1980 / Early Dynastic Objects,Not on display,,,Purchased from: Mohammed Mohassib,,1902,,,Egypt and Sudan,EA36332,"1902,0412.32",
https://media.britishmuseum.org/media/Repository/Documents/2017_2/20_15/3809e38d_4945_41d6_87e1_a72000f7a1f3/preview_30895.jpg,bowl (object name),No: Optional[EA30895],"Bowl of marl pottery with a flat base and an incurved rim, smoothed on interior and along outer rim; trimmed around lower body. Possibly coated with buff slip.; ",,1st Dynasty; Late Predynastic,,Excavated/Findspot: Hiw,pottery,slipped (?),7.00 centimetres base ;  16.00 centimetres rim ;  10.60 centimetres;  17.40 centimetres max ; ,,"For this site, see W. M. F. Petrie, 'Diospolis Parva : the cemeteries of Abadiyeh and Hu, 1898-9' (London, 1901).
Late ware L17f in Petrie’s Corpus of Prehistoric Pottery (1921).",Spencer 1980 / Early Dynastic Objects,Not on display,,,Donated by: Egypt Exploration Fund,Excavated by: Egypt Exploration Fund,1899,,,Egypt and Sudan,EA30895,"1899,1017.51",
https://media.britishmuseum.org/media/Repository/Documents/2014_10/3_16/617982e4_f78a_40d5_8d72_a3b90109122d/preview_00205685_001.jpg,bowl (object name),No: Optional[EA32676],Grey schist shallow bowl: with flat base and incurving rim. The interior of base is slightly countersunk.; ,,1st Dynasty,,Excavated/Findspot: Tomb of Qaa,schist,,7.60 centimetres base ;  25.80 centimetres rim ;  5.10 centimetres; ,,"Bibliography:
W. M. F. Petrie, 'Royal Tombs of the Earliest Dynasties' I, 28, pl.XXXVIII, 8;
W. M. F. Petrie, 'Royal Tombs of the Earliest Dynasties' II, pl. LI B, 223.",Spencer 1980 / Early Dynastic Objects,"On display (Room 64 - Early Egypt, Display Case 10)",,,Donated by: Egypt Exploration Fund,Excavated by: Egypt Exploration Fund,1900,,,Egypt and Sudan,EA32676,"1900,1015.38",
https://media.britishmuseum.org/media/Repository/Documents/2014_10/3_17/38bd1495_1816_4fd6_8ac7_a3b9011ef80d/preview_00211524_001.jpg,bowl (object name),No: Optional[EA68229],Schist bowl with an incised inscription: open bowl of grey schist with a flat base and incurving rim. The base is countersunk on the interior. On the side of the bowl there is an incised inscription. Restored from fragments.; ,,1st Dynasty,,Excavated/Findspot: Saqqara (Memphis),schist,incised,20.00 centimetres max ;  6.00 centimetres; ,Inscription type: inscription Inscription position: side Inscription script: hieroglyphic Inscription transliteration: It-nb.wy Inscription note: Incised. Possibly a personal name.; ,"Bibliography:
W. B. Emery, 'Great tombs of the First Dynasty; excavations at Sakkara' III (London, 1958), 61 and pl. 83, no. 10;
G. T. Martin, 'Hetepka', 17 and pl. 19, no. 2;
P. Kaplony, 'Die Inschriften der Ägyptischen Frühzeit I (Wiesbaden, 1963), 438;
P. Kaplony, 'Die Inschriften der Ägyptischen Frühzeit, supplement (Wiesbaden, 1964), 33, 76, abb. 1069;
B. Porter & R. Moss, 'Topographical Bibliography of Ancient Egyptian Hieroglyphic Texts, Reliefs and Paintings' III, pt. 2 (Oxford: Clarendon Press), 446.",Spencer 1980 / Early Dynastic Objects,"On display (Room 64 - Early Egypt, Display Case 12)",,,Donated by: Egypt Exploration Society,,1971,,,Egypt and Sudan,EA68229,"1971,0227.163",
,bowl (object name),No: Optional[EA42134],"Bowl or red pottery: with a flat base and convex sides, turning inwards at the rim. Good condition.; ",,1st Dynasty,,Excavated/Findspot: Edfu (?),pottery,,6.00 centimetres base ;  14.50 - 16.20 centimetres elliptical rim ;  8.50 - 9.50 centimetres irregular ; ,,"This bowl bears the mark, Edfu N possibly indicating the archaic sites north of Edfu which were worked by Garstang. See 'Annales du Service des Antiquitiés de l'Égypte',8 (1907), 132-3, 137-",Spencer 1980 / Early Dynastic Objects,Not on display,,,Donated by: F G Hilton Price,Excavated by: Prof John Garstang,1905,,,Egypt and Sudan,EA42134,"1905,1209.56",
,bowl (object name),No: Optional[EA59059],"Basalt bowl: with flat base and flaring sides, becoming slightly convex towards ledge-rim, incised line beneath rim on exterior, rim chipped.; ",,1st Dynasty,,Found/Acquired: Egypt,basalt,incised,13.70 centimetres max ;  10.20 - 10.80 centimetres irregular ; ,,,Spencer 1980 / Early Dynastic Objects,Not on display,,,Purchased through: Denis P Kyticas,,1928,,,Egypt and Sudan,EA59059,"1928,0414.38",
https://media.britishmuseum.org/media/Repository/Documents/2026_7/15_15/763b76b2_5fc7_4bd2_afae_b48800f75dc8/preview_EA32180.jpg,bowl (object name),No: Optional[EA32180],"Small metasediment bowl: with flat base, flaring sides and incurving rim, a fragment of which is now missing, base countersunk on the interior.; ",,1st Dynasty,,Found/Acquired: Egypt,metasediment,,4.00 centimetres base ;  11.40 centimetres mouth ;  4.60 centimetres max ; ,,,Spencer 1980 / Early Dynastic Objects,"On display (Room 64 - Early Egypt, Display Case 12)",,,Purchased through: R J Moss & Co,,1899,,,Egypt and Sudan,EA32180,"1899,1016.1193",
,bowl (object name),No: Optional[EA49283],"A small fragment of calcite from the rim of a vessel, probably a bowl.; ",,1st Dynasty; 2nd Dynasty,,Excavated/Findspot: Abydos,calcite,,3.20 centimetres;  2.00 centimetres; ,,,Spencer 1980 / Early Dynastic Objects,Not on display,,,Donated by: Egypt Exploration Fund,Excavated by: Egypt Exploration Fund,1910,,,Egypt and Sudan,EA49283,"1910,1008.6",
,bowl (object name),No: Optional[EA68217],Deep calcite bowl: with a flat base and thin convex sides which curve inwards to a round-edged rim. Restored from fragments with some loss.; ,,1st Dynasty; 2nd Dynasty,,Excavated/Findspot: Saqqara (Memphis),calcite,,4.50 centimetres base ;  11.60 centimetres rim; max ;  7.40 centimetres; ,,,Spencer 1980 / Early Dynastic Objects,Not on display,,,Donated by: Egypt Exploration Society,Excavated by: Prof Walter B Emery,1971,,,Egypt and Sudan,EA68217,"1971,0227.151",
https://media.britishmuseum.org/media/Repository/Documents/2026_3/18_17/5ebe9433_068a_4376_bcf3_b4110118e618/preview_EA67152.jpg,bowl (object name),No: Optional[EA67152],"Bowl of variegated limestone: low open bowl of pink mottled limestone, witha flat base and incurving rim. The base is slightly countersunk on the interior. Restored from fragments with some loss.; ",,1st Dynasty,,Excavated/Findspot: Saqqara (Memphis),limestone,,4.00 centimetres base ;  16.50 centimetres rim ;  3.90 centimetres; ,,,Spencer 1980 / Early Dynastic Objects,Not on display,,,Donated by: Egypt Exploration Society,,1969,,,Egypt and Sudan,EA67152,"1969,0212.15",
https://media.britishmuseum.org/media/Repository/Documents/2014_11/5_14/f0be4ae1_4465_4cb4_9d0a_a3da00f06751/preview_01211623_001.jpg,bowl (object name),No: Optional[EA35308],"Large bowl of grey schist: with a flat base and incurving rim. The base is countersunk on the interior. The side of the bowl bears two small areas which have been greatly scratched, no doubt deliberately, perhaps in order to remove an incised inscription. Restored from fragments.; ",,1st Dynasty,,Found/Acquired: Egypt,schist,scratched; incised,9.80 centimetres base ;  35.00 centimetres rim ;  13.50 centimetres;  2.99 kilograms; ,,"Compare the erased inscriptions on vessels from the tomb of Semerkhet, W. M. F. Petrie, 'Royal Tombs of the Earliest Dynasties' I, pls. V, 5; VI, 9-11. See also introduction to inscribed stone vessel fragments (p. 41).",Spencer 1980 / Early Dynastic Objects,"On display (Room 64 - Early Egypt, Display Case 8)",,,,,1901,,,Egypt and Sudan,EA35308,"1901,0608.40",
,bowl (object name),No: Optional[EA49280],Plain rim fragment of a dolomite bowl.; ,,1st Dynasty; 2nd Dynasty,,Excavated/Findspot: Abydos,dolomite,,8.00 centimetres;  6.50 centimetres; ,,,Spencer 1980 / Early Dynastic Objects,Not on display,,,Donated by: Egypt Exploration Fund,Excavated by: Egypt Exploration Fund,1910,,,Egypt and Sudan,EA49280,"1910,1008.3",
https://media.britishmuseum.org/media/Repository/Documents/2014_11/5_14/c16b9e85_2435_4697_8663_a3da00f073d7/preview_01211629_001.jpg,bowl (object name),No: Optional[EA59058],Basalt bowl: with a flat base and sides that become convex towards the rim.; ,,1st Dynasty,,Found/Acquired: Egypt,basalt,,16.60 centimetres;  7.80 centimetres; ,,,Spencer 1980 / Early Dynastic Objects,Not on display,,,Purchased from: Mohammed Mohassib,,1928,,,Egypt and Sudan,EA59058,"1928,0414.37",
,bowl (object name),No: Optional[EA29310],"Dolomite limestone bowl: with a flat base and convex sides which turn inwards sharply to a moulded external rim, the inner side of which has been flattened.; ",,1st Dynasty; 2nd Dynasty,,Found/Acquired: Egypt,dolomite,mould-made,3.50 base ;  10.30 centimetres max ;  5.12 centimetres max ; ,,,Spencer 1980 / Early Dynastic Objects,Not on display,,,Purchased through: R J Moss & Co,,1897,,,Egypt and Sudan,EA29310,"1897,0511.26",
,bowl (object name),No: Optional[EA59057],"Basalt bowl with flat base, flaring sides and incurving plain rim, interior of the base is countersunk, some restoration.; ",,1st Dynasty,,Found/Acquired: Egypt,basalt,,19.00 centimetres;  9.00 centimetres; ,,,Spencer 1980 / Early Dynastic Objects,Not on display,,,Purchased from: Mohammed Mohassib,,1928,,,Egypt and Sudan,EA59057,"1928,0414.36",
,bowl (object name),No: Optional[EA73836],"Low bowl of grey and white banded gneiss with a small flat base, convex sides and an indistinct groove below the rim, reconstructed from fragments.; ",,1st Dynasty,3100BC-2890BC,Found/Acquired: Egypt,gneiss,,8.20 centimetres;  3.80 centimetres; ,,,,Not on display,,,Bequeathed by: Mrs Mary E Walker;  Donated by: Catherine Marchionne;  Donated by: Dr A E Walker,,1990,,,Egypt and Sudan,EA73836,"1990,1210.24",
https://media.britishmuseum.org/media/Repository/Documents/2014_10/5_1/087448e3_1fc6_40e1_8d66_a3bb001bd82b/preview_00285953_001.jpg,bowl (object name),No: Optional[EA22823],"Porphyritic diorite bowl: with flat base and plain rim, the sides are very slightly concave near the base and convex near the top, the interior of the base is rounded, not countersunk. Repaired.; ",,1st Dynasty,,Found/Acquired: Egypt,porphyry; diorite,,5.20 centimetres base ;  18.30 centimetres rim ;  10.00 centimetres; ,,,Spencer 1980 / Early Dynastic Objects,Not on display,,,Purchased through: Sir Ernest A T Wallis Budge,,1891,,,Egypt and Sudan,EA22823,"1891,0509.14",
,bowl (object name),No: Optional[EA32176],Schist bowl: bowl of green schist with a flat base and slightly incurving rim. The interior of the base is countersunk but not flat.; ,,1st Dynasty; 2nd Dynasty,,Found/Acquired: Egypt,schist,,6.50 centimetres base ;  19.60 centimetres rim; max ;  5.90 centimetres max ; ,,,Spencer 1980 / Early Dynastic Objects,Not on display,,,Purchased through: R J Moss & Co,,1899,,,Egypt and Sudan,EA32176,"1899,1016.1189",
https://media.britishmuseum.org/media/Repository/Documents/2014_11/5_17/24620f1d_aea4_4dae_a7e5_a3da011eaf22/preview_01220526_001.jpg,bowl (object name),No: Optional[EA68245],"Deep bowl of pale brown pottery: with dull red paint on all surfaces. The base is flattened but remains very slightly convex, and the sides turn inwards at the rim. Good condition.; ",,1st Dynasty,,Excavated/Findspot: Saqqara (Memphis),pottery,painted,14.00 centimetres base ;  27.80 centimetres rim; max ;  12.50 centimetres; ,,"Bibliography:
W. B. Emery, 'Excavations at Saqqara : the tomb of Hemaka' (Cairo, 1938), 50, type 14 and pl. 27, type 14.",Spencer 1980 / Early Dynastic Objects,Not on display,,,Donated by: Egypt Exploration Society,,1971,,,Egypt and Sudan,EA68245,"1971,0227.179",
https://media.britishmuseum.org/media/Repository/Documents/2014_10/3_17/476e0e83_2de6_499b_bb0f_a3b90121ef04/preview_00212316_001.jpg,bowl (object name),No: Optional[EA32673],Part of the side and rim of a bowl of grey marble: consisting of two joined pieces. The exterior surface bears an incised hieroglyphic inscription.; ,,1st Dynasty,,Excavated/Findspot: Tomb of Qaa,marble,incised,7.00 centimetres;  19.50 centimetres max ; ,"Inscription type: inscription Inscription position: exterior Inscription script: hieroglyphic Inscription transliteration: pr-nsw 
ḥwt Ḥr p w‘ỉ 
ḥwt zʒ ḥʒ nb Inscription note: Incised. For bibliography on ḥwt Ḥr p w‘ỉ , see P. Kaplony, 'Die Inschriften der Ägyptischen Frühzeit I (Wiesbaden, 1963) 816-817, 858-861, 1126. The building ḥwt zʒ ḥʒ nb occurs on numerous inscriptions, and has been interpreted by Kaplony as a royal palace at Memphis (P. Kaplony, 'Die Inschriften der Ägyptischen Frühzeit II (Wiesbaden, 1964), anm. 809-10, 813, 992, 1405, 1781. Kaplony reads the name simply as ḥwt zʒ ḥʒ). See also P. Lacau & J. P . Lauer, 'Pyramide à degrees IV, fasc. 2, 26, no. 46; 31-2, no. 58; 54, no. 108; R. Weill, ‘Recherches sur la première dynastie et les temps prépharaoniques (Cairo, 1961),  136-41; F. LI. Griffith, in W. M. F. Petrie, 'Royal Tombs of the Earliest Dynasties' I, 40.; Inscription type: inscription Inscription position: exterior Inscription script: hieroglyphic Inscription transliteration: bỉtỉ Inscription note: At the extreme right-hand edge of the fragment, is part of the bỉtỉ sign, where the group nsw bỉtỉ nbty ḳ(ʒ)‘ would have stood. For similar inscriptions, see W. M. F. Petrie, 'Royal Tombs of the Earliest Dynasties' I, pl.IX, 2, 4, 5; P. Lacau & J. P . Lauer, 'Pyramide à degrees IV, fasc. 1, pl.IV, 8-11 (cf. , pl.IV, 7).; Inscription type: inscription Inscription position: exterior Inscription script: hieroglyphic Inscription translation: Signs of an uncertain meaning. Inscription note: Incised. Taken to be a name, Hetep-renpet, in P. Kaplony, 'Die Inschriften der Ägyptischen Frühzeit I (Wiesbaden, 1963), 593-4.; ","Bibliography:
W. M. F. Petrie, 'Royal Tombs of the Earliest Dynasties' I, 21, 40, pl.IX, 1;
P. Lacau & J. P . Lauer, 'Pyramide à degrees IV, fasc. I, pl. IV, 9;
P. Kaplony, 'Mitteilungen der Deutschen Archäologischen Instituts Abteilung Kairo' 20 (Wiesbaden, 1965), 23, abb. 46;
R. Weill, ‘Recherches sur la première dynastie et les temps prépharaoniques I (Cairo, 1961), 137, (A).",Spencer 1980 / Early Dynastic Objects,Not on display,,Named in inscription: Qaa,Donated by: Egypt Exploration Fund,Excavated by: Egypt Exploration Fund,1900,,,Egypt and Sudan,EA32673,"1900,1015.35",
https://media.britishmuseum.org/media/Repository/Documents/2014_10/3_17/45c04890_180a_493b_9ee9_a3b9011ef6d3/preview_00211523_001.jpg,bowl (object name),No: Optional[EA68221],"Shallow green-grey schist bowl: with a flat base and an incurving rim, the interior of the base is slightly countersunk, with scratched inscription on the base, perhaps three signs making-up a personal name.; ",,1st Dynasty,,Excavated/Findspot: Saqqara (Memphis),schist,scratched,8.20 centimetres base ;  32.70 centimetres rim ;  4.70 centimetres; ,Inscription type: inscription Inscription position: underside Inscription script: hieroglyphic Inscription transliteration: Mrỉ-ỉtỉ Inscription translation: Meryiti Inscription note: Incised. 3 signs possibly respresenting this name.; ,"Bibliography:
W. B. Emery, 'Great tombs of the First Dynasty; excavations at Sakkara' III (London, 1958), 61 and pl. 83, no. 8;
P. Kaplony, 'Die Inschriften der Ägyptischen Frühzeit I (Wiesbaden, 1963), 492.",Spencer 1980 / Early Dynastic Objects,Not on display,,,Donated by: Egypt Exploration Society,Excavated by: Prof Walter B Emery,1971,,,Egypt and Sudan,EA68221,"1971,0227.155",
,bowl (object name),No: Optional[EA29304],"Basalt bowl: the base in countersunk on the interior, part of the rim is missing.; ",,1st Dynasty,,Found/Acquired: Egypt,basalt,,17.70 centimetres;  8.10 centimetres; ,,,Spencer 1980 / Early Dynastic Objects,Not on display,,,Purchased from: R J Moss & Co,,1897,,,Egypt and Sudan,EA29304,"1897,0511.20",
https://media.britishmuseum.org/media/Repository/Documents/2014_10/3_17/ce39380b_68ad_4709_bd90_a3b9011ed5b8/00211509_001.jpg,bowl (object name),No: Optional[EA29305],Basalt bowl: with a flat base and sides that become convex towards the rim. The exterior of the bowl bears a single incised mark.; ,,1st Dynasty,,Found/Acquired: Egypt,basalt,incised,16.80 centimetres;  8.00 centimetres; ,,,Spencer 1980 / Early Dynastic Objects,Not on display,,,Purchased from: R J Moss & Co,,1897,,,Egypt and Sudan,EA29305,"1897,0511.21",
,bowl (object name),No: Optional[EA32077],White marble bowl: flat-based bowl with faint bands of grey. The base is countersunk on the interior and incurving rim has a flat inner rim. Restored from fragments.; ,,1st Dynasty; 2nd Dynasty,,Found/Acquired: Egypt,marble,,26.60 centimetres max ;  7.20 centimetres max ; ,,,Spencer 1980 / Early Dynastic Objects,Not on display,,,Purchased from: Miss Selima Harris,,1875,,,Egypt and Sudan,EA32077,"1875,0810.29",Miscellaneous number: BS.4569.a (BS.4569.a)
https://media.britishmuseum.org/media/Repository/Documents/2014_10/3_17/c7ee009f_25c1_4877_ba83_a3b9011ed709/00211510_001.jpg,bowl (object name),No: Optional[EA30798],"Porphyry bowl: small bowl with flat base, composed of mottled black and white porphyry. The sides are slightly concave near the base and convex above, turning inwards at the top to a plain rim. The exterior of  the bowl bears an incised inscription of unknown reading.; ",,1st Dynasty,,Found/Acquired: Egypt,porphyry,incised,8.20 centimetres;  3.50 centimetres;  0.238 kilograms; ,Inscription type: inscription Inscription position: exterior Inscription script: hieroglyphic Inscription note: Incised. Unknown reading.; ,"For parallels to this inscription, see W. M. F. Petrie, 'Funeral Furniture with Stone and Metal Vases' (London, 1937), 6-7 and pl. XVI, 212-19.",Spencer 1980 / Early Dynastic Objects,"On display (Room 64 - Early Egypt, Display Case 10)",,,Purchased from: R J Moss & Co,,1899,,,Egypt and Sudan,EA30798,"1899,0708.76",
https://media.britishmuseum.org/media/Repository/Documents/2014_11/5_16/5c83df50_a768_41e0_a043_a3da0110b39b/preview_01215878_001.jpg,bowl (object name); model (object name),No: Optional[EA32683],"Limestone model of a spouted bowl: solid except for a slight depression in the top. The spout projects from the side and it is scored with a narrow groove in its upper surface, to represent the channel. Exterior surface decorated with a network of lines in black paint.; ",,1st Dynasty,,Excavated/Findspot: Tomb of Qaa,limestone,painted; incised,3.30 centimetres base ;  8.20 centimetres rim ;  3.90 centimetres; ,,"Bibliography:
W. M. F. Petrie, 'Royal Tombs of the Earliest Dynasties' I, 15, 28, pl.XXXVIII, 5-6",Spencer 1980 / Early Dynastic Objects,"On display (Room 64 - Early Egypt, Display Case 10)",,,Donated by: Egypt Exploration Fund,Excavated by: Egypt Exploration Fund,1900,,,Egypt and Sudan,EA32683,"1900,1015.45",
https://media.britishmuseum.org/media/Repository/Documents/2026_7/15_15/b3578289_ed81_4f9e_a8dc_b48800f75699/preview_EA29932.jpg,bowl (object name),No: Optional[EA29932],"Pale grey-green volcanic ash bowl: with flat base and convex sides, which turn inwards sharply to a moulded external rim, surrounded by an incised line.; ",,1st Dynasty; 2nd Dynasty,,Found/Acquired: Egypt,volcanic ash,mould-made; incised,3.00 centimetres base ;  9.11 centimetres max ;  4.84 centimetres; ,,,Spencer 1980 / Early Dynastic Objects,"On display (Room 64 - Early Egypt, Display Case 12)",,,Purchased through: R J Moss & Co,,1898,,,Egypt and Sudan,EA29932,"1898,0315.67",
,bowl (object name),No: Optional[EA29877],"Striated calcite bowl: with nearly vertical convex sides rising from a flattened base, plain rim with a sharp upper edge, discoloured and cracked.; ",,1st Dynasty; 2nd Dynasty,,Found/Acquired: Egypt,calcite,,13.00 centimetres;  6.20 centimetres max ; ,,,Spencer 1980 / Early Dynastic Objects,Not on display,,,Purchased through: R J Moss & Co,,1898,,,Egypt and Sudan,EA29877,"1898,0315.12",
https://media.britishmuseum.org/media/Repository/Documents/2014_10/6_12/e62c69bc_5610_4033_ae15_a3bc00cfdc51/preview_00415387_001.jpg,bowl (object name),No: Optional[EA36400],"Calcite open bowl: pale, with rounded base and a plain incurving rim.; ",,1st Dynasty,,Found/Acquired: Egypt,calcite,,23.30 centimetres;  8.50 centimetres; ,,"Published:
A. Roveri and F. Tiradritte [eds.], Kemet: Alle Sorgenti del Tempo, Ravenna 1998, p.242 [213].",Spencer 1980 / Early Dynastic Objects,Not on display,,,Purchased from: Mohammed Mohassib,,1902,,,Egypt and Sudan,EA36400,"1902,0412.100",
,bowl (object name),No: Optional[EA68256],"Deep calcite bowl: with a flat base and thin, convex sides, which converge at the flat rim. Restored from fragments.; ",,1st Dynasty,,Excavated/Findspot: Saqqara (Memphis),calcite,,19.20 centimetres;  8.00 centimetres;  14.10 centimetres; ,,,Spencer 1980 / Early Dynastic Objects,Not on display,,,Donated by: Egypt Exploration Society,,1971,,,Egypt and Sudan,EA68256,"1971,0227.190",
https://media.britishmuseum.org/media/Repository/Documents/2026_3/23_11/280a9e9f_4b71_4198_81c9_b41600bdd066/preview_EA37248.jpg,bowl (object name),No: Optional[EA37248],"Coarse calcite bowl: with flat base and convex sides, which turn inwards towards a contracted mouth and rounded external rim, separated from the shoulder by a narrow groove. The interior of the base is slightly countersunk.; ",,1st Dynasty; 2nd Dynasty,,Found/Acquired: Egypt,calcite,,2.70 centimetres base ;  7.20 centimetres rim ;  4.10 centimetres; ,,,Spencer 1980 / Early Dynastic Objects,Not on display,,,Purchased from: Joseph Sams,,1834,,,Egypt and Sudan,EA37248,.37248,Miscellaneous number: SM (SM)
https://media.britishmuseum.org/media/Repository/Documents/2014_11/5_16/0d64ae8b_9653_449a_9b39_a3da010980ee/preview_01213504_001.jpg,bowl (object name),No: Optional[EA32675],"Veined calcite bowl: with convex sides rising vertically to plain rim. The base, although rather flattened, is still convex with ill-defined edges, and it is pierced by a hole caused by excessive hollowing in manufacture.; ",,1st Dynasty,,Excavated/Findspot: Tomb of Qaa,calcite,,17.60 centimetres rim ;  7.40 centimetres; ,,"Bibliography: 
W. M. F. Petrie, 'Royal Tombs of the Earliest Dynasties' I 28, pl.XXXVIII, 8;
W. M. F. Petrie, 'Royal Tombs of the Earliest Dynasties' II, pl. LI F, 311.",Spencer 1980 / Early Dynastic Objects,"On display (Room 64 - Early Egypt, Display Case 10)",,,Donated by: Egypt Exploration Fund,Excavated by: Egypt Exploration Fund,1900,,,Egypt and Sudan,EA32675,"1900,1015.37",
,bowl (object name),No: Optional[EA4568],Calcite bowl: of pale calcite with a flat base and incurving rim. Interior of the base smoothly rounded. Two small fragments missing from the rim.; ,,1st Dynasty; 2nd Dynasty,,Found/Acquired: Egypt,calcite,,6.80 centimetres base ;  27.00 centimetres rim ;  8.50 centimetres; ,,,Spencer 1980 / Early Dynastic Objects,Not on display,,,Purchased from: Joseph Sams,,1834,,,Egypt and Sudan,EA4568,.4568,Miscellaneous number: BS.4568 (BS.4568)
,bowl (object name),No: Optional[EA36380],"Deep bowl of pale calcite: with a flat base and convex sides, which rise to a plain rim. The base of the bowl has been made from a separate piece of stone.; ",,1st Dynasty; 2nd Dynasty,,Found/Acquired: Egypt,calcite,,9.10 centimetres base ;  26.20 centimetres rim ;  20.00 centimetres; ,,"Compare the bowls with fitted bases from Naga ed-Dier, in G. A. Reisner, 'The early dynastic cemeteries of Naga-ed-Dêr' I, (California, 1908), 40, no. 63 ; 46, no. 15; 76, no. 4.",Spencer 1980 / Early Dynastic Objects,Not on display,,,Purchased from: Mohammed Mohassib,,1902,,,Egypt and Sudan,EA36380,"1902,0412.80",
https://media.britishmuseum.org/media/Repository/Documents/2017_2/20_14/39152f89_c0d4_46f7_9dda_a72000f53cf1/preview_30892.jpg,bowl (object name),No: Optional[EA30892],"Shallow marl pottery bowl with flat base and wide flaring sides, with sharply in-turned rim; coated with orange slip and loosely burnished radially on the interior and burnished horizontally on the exterior around the upper body only.; ",,1st Dynasty; Late Predynastic,,Excavated/Findspot: Hiw,pottery,burnished,25.30 centimetres max ;  5.60 centimetres; ,,"Marked H65 on the base. Late ware L3 in Petrie’s Corpus of Prehistoric Pottery (1921), see also W.M.F Petrie and A.C. Mace, Diospolis Parva, London (1901), pl. xviii.3.",,Not on display,,,Donated by: Egypt Exploration Fund,Excavated by: Egypt Exploration Fund,1899,,,Egypt and Sudan,EA30892,"1899,1017.48",
https://media.britishmuseum.org/media/Repository/Documents/2016_10/17_13/940a94c9_3a05_4e69_a583_a6a200da78a5/preview_67414.jpg,bowl (object name),No: Optional[EA67414],"Bowl of orange marl pottery , which has been pebble-burnished in vertical stripes on both the exterior and interior surfaces. The sides expand in a convex curve from the flat base to a plain rim, without turning inwards at the top. Good condition.; ",,1st Dynasty; Early Dynastic,,"Excavated/Findspot: Ballas, el-",pottery,burnished,12.40 centimetres;  24.10 centimetres max ; ,,"For this site, see W. M. F. Petrie, 'Naqada and Ballas' (London 1896).
Like Late ware L17f in Petrie’s Corpus of Prehistoric Pottery.
Marked 331 on base.",Spencer 1980 / Early Dynastic Objects,Not on display,,,Donated by: Egyptian Research Account,Excavated by: Sir William Matthew Flinders Petrie,1895,,,Egypt and Sudan,EA67414,"1898,0912.2",
https://media.britishmuseum.org/media/Repository/Documents/2014_10/3_19/47287282_736e_449e_896f_a3b90139f8c2/preview_00218799_001.jpg,plaque (object name); box (object name),No: Optional[EA35515],"A fragment of ivory: possibly part of a box, with an incised design on one side, showing two figures of bearded captives offering vases. The figures are set one above the other in two registers. The surface of the ivory has decayed and the fragment has been restored from three smaller pieces.; ",,1st Dynasty,,Excavated/Findspot: Abydos,ivory,incised,7.90 centimetres max ;  10.00 grammes;  2.60 centimetres max ;  0.60 centimetres; ,,"Bears excavator's mark B.
Compare with W. M. F. Petrie,  'Royal Tombs of the Earliest Dynasties' II, pl. IV, 6.
Bibliography:
W. M. F. Petrie,  'Royal Tombs of the Earliest Dynasties' II, pls. IIIA, 2 and IV, 15 (each showing only a part of the object.
See also P. Kaplony, 'Die Inschriften der Ägyptischen Frühzeit I (Wiesbaden, 1963), 208;
P. Kaplony, 'Die Inschriften der Ägyptischen Frühzeit II (Wiesbaden, 1964), 901, n. 1183, where the object is incorrectly equated with Petrie,  'Royal Tombs of the Earliest Dynasties' II, pl. IIIA, I.",Spencer 1980 / Early Dynastic Objects,"On display (Room 64 - Early Egypt, Display Case 10)",,,Donated by: Egypt Exploration Fund,Excavated by: Egypt Exploration Fund,1901,,,Egypt and Sudan,EA35515,"1901,1012.15",
https://media.britishmuseum.org/media/Repository/Documents/2014_10/2_21/39b208fc_fdb9_4e2d_b82d_a3b8015a8062/preview_00333189_001.jpg,box (object name),No: Optional[EA35552],"A fragment of ivory: probably from the lid of a box, with smooth surfaces and well-finished edges. The upper surface bears an incised inscription, showing the serekh of Den and the royal cobra. Good condition.; ",,1st Dynasty,,Excavated/Findspot: Tomb of Den,elephant ivory,incised,6.00 centimetres max ;  0.30 centimetres;  5.60 centimetres max ; ,"Inscription type: inscription Inscription script: hieroglyphic Inscription translation: Serek of Den,  together with the sign nbw, 'gold', and a sign which may be a form of the hieroglyph šn, 'eternity'. Inscription note: Incised. Petrie interpreted the sign as a seal, remarking: 'It is clearly the figure of a signet cylinder rolling on the clay', but J. G. Griffiths in 'Annales du Service des Antiquitiés de l'Égypte'  56 (1959), 75-6 takes the text as a form of titulary, reading: 'The Uraeus. the Ombite ...' Griffith's interpretation probably results from his comparison of the text to an inscription in the Step Pyramid complex, in which the sn hieroglyph occurs, see Griffiths, op. cit., 72 and C. M. Firth and J. E. Quibell, 'Excavations at Saqqara : the Step Pyramid' II (Cairo, 1935), pl.43. R. Weill, in ‘Recueil de Travaux relatifs à la philology et à ‘archéologie égyptiennes et assyriennes 29 (Paris, 1907), 35-7, also interprets the sign on the ivory as šn, influenced, like Griffiths, by the Step Pyramid text.; ","Bibliography:
W. M. F. Petrie,  'Royal Tombs of the Earliest Dynasties' II, 25 and pl. VII, 12;
R. Weill, 'IIe' et 'IIIe Dynasties', 72;
Musée de la Vielle Charité, 'L’Egypte des millénaires obscurs' (Marseilles, 1990), , pp. 90, 106 [461].",Spencer 1980 / Early Dynastic Objects,"On display (Room 64 - Early Egypt, Display Case 10)",,Named in inscription: Den,Donated by: Egypt Exploration Fund,Excavated by: Egypt Exploration Fund,1901,,,Egypt and Sudan,EA35552,"1901,1012.52",
https://media.britishmuseum.org/media/Repository/Documents/2014_10/3_19/76630aec_d8f5_4405_870c_a3b90139fe0b/preview_00218801_001.jpg,plaque (object name); box (object name),No: Optional[EA35514],"A rectangular fragment of carved ivory or bone: probably part of a box, broken off at the upper edge. The front surface bears an incised scene showing a figure of a captive with his arms bound behind his back. In front of the figure is a carved border, of the same style as that found on the strips of ivory inlay of the period. The edges of the piece have been carefully finished and the back is flat, with four incised cuts at the edges. Good condition.; ",,1st Dynasty,,Excavated/Findspot: Abydos,ivory (?); bone (?),incised,3.90 centimetres max ;  4.00 grammes;  2.50 centimetres max ;  0.40 centimetres; ,,"Bibliography:
A. Roveri and F. Tiradritte [eds.], 'Kemet: Alle Sorgenti del Tempo' (Ravenna, 1998), p.208 [166];
W. M. F. Petrie,  'Royal Tombs of the Earliest Dynasties' II, pl. IIIA, I;
J. Capart, ‘Les Débuts de L’Art, 245, fig. 174, bottom left;
J. Capart, ‘Primitive Art', 253, fig. 190, bottom left;
See also P. Kaplony, 'Die Inschriften der Ägyptischen Frühzeit I (Wiesbaden, 1963), 208;
P. Kaplony, 'Die Inschriften der Ägyptischen Frühzeit II (Wiesbaden, 1964), 901, n. 1183, where this object is incorrectly equated with Petrie, 'Royal Tombs of the Earliest Dynasties' II, pl. IIIA, 2.",Spencer 1980 / Early Dynastic Objects,"On display (Room 64 - Early Egypt, Display Case 10)",,,Donated by: Egypt Exploration Fund,Excavated by: Egypt Exploration Fund,1901,,,Egypt and Sudan,EA35514,"1901,1012.14",
https://media.britishmuseum.org/media/Repository/Documents/2014_10/6_12/0ff28fb3_1a4c_4234_bb29_a3bc00d408d7/preview_00416500_001.jpg,bracelet (object name),No: Optional[EA35528],"An ivory or bone bead: in the form of a serekh, with the Horus falcon on the top, probably intended for use in a bracelet. The panels of the façade and the dots above are carved in sunken relief. The bead is pierced horizontally by two holes. The ivory is well preserved, although the object has been restored from three fragments, and the face of the hawk is missing.; ",,1st Dynasty,,Excavated/Findspot: Tomb of Djer,bone (?); ivory (?),pierced; incised; carved,1.60 centimetres;  0.80 centimetres; ,,"Serekhs occur as beads in bracelets of contemporary date and varied materials: gold and turquoise serekhs were found on the arm of a queen of Djer (see W. M. F. Petrie, 'Royal Tombs of the Earliest Dynasties' II (London, 1901), pl. I, no. 1 = E. Vernier, ‘Bijoux et orfèvreries. Catalogue général des antiquites égyptiennes du Musée du Caire’ (Cairo, 1927), no. 52008); blue glazed composition serekhs were found in a First Dynasty mastaba at Giza ( W. M. F. Petrie, 'Gizeh and Rifeh' (Warminster, 1977), pl. III = University College, London 25976 and W. S. Smith, ‘Ancient Egypt as Represented in the Museum of Fine Arts’, 1st ed., 19 and 4th ed., 24 = Boston MFA 07.565, from mastaba V at Giza.
Also from this tomb: amuletic fragment (1901,1012.26).
Bibliography:
W. M. F. Petrie, 'Royal Tombs of the Earliest Dynasties' II (London, 1901), 17.
Compare the bracelet also discovered in the tomb of Djer, illustrated in W. M. F. Petrie, 'Royal Tombs of the Earliest Dynasties' II (London, 1901), pl.I, 1; A. Wilkinson, 'Ancient Egyptian Jewellery' (London, 1971), 16, fig. 8. See also W. M. F. Petrie, 'Gizeh and Rifeh' (Warminster, 1977), pl.III, top right.",Spencer 1980 / Early Dynastic Objects; Andrews 1981 / Catalogue of Egyptian Antiquities. Jewellery I,"On display (Room 64 - Early Egypt, Display Case 10)",,,Donated by: Egypt Exploration Fund,Excavated by: Egypt Exploration Fund,1901,,,Egypt and Sudan,EA35528,"1901,1012.28",
https://media.britishmuseum.org/media/Repository/Documents/2014_10/16_8/23d6fe03_e50b_486e_a180_a3c6008bc795/preview_00987945_001.jpg,cast (object name); palette (object name),No: Optional[EA35714],"Plaster cast of the 'Narmer Palette' (Cairo, Egypt). The original executed in greywacke or schist was discovered by Quibell in 1894 in Kom el-Ahmar (Hierakonpolis). The decoration commemorates the victories of Narmer. Each side is surmounted by Hathor-heads flanking a serekh containing the royal name. Reverse: Narmer, wearing the white-crown, followed by a sandal-bearer, brandishes a mace and prepares to strike a captive, before - a Horus-falcon surmounts a cluster of Delta-vegetation and holds a prisoner, below - two slain enemies are represented. Obverse - Narmer, wearing the red-crown, followed by sandal-bearer and officials and standard-bearers, proceeds to the Temple of Horus and inspects two rows of bound and decapitated enemies, the circular grinding area is enclosed by the serpentine necks of two mythological quadruped beasts, tethered and held by attendants, below - the king is portrayed as a bull trampling on an enemy and destroying a fort.; ",,1st Dynasty,3000 BC (original),,plaster,,64.00 centimetres max ;  9.40 kilograms;  2.50 centimetres max ;  42.00 centimetres max ; ,Inscription type: inscription Inscription script: hieroglyphic; ,"M. Vandenbeusch, Pharaoh: art and power in ancient Egypt (London,  2024), p.58, fig.44.; Published:
A. Roveri and F. Tiradritte [eds.], Kemet: Alle Sorgenti del Tempo, Ravenna 1998, p.224-225 [186].
P. Pasini [ed.], Kemet: Guide all mostra, Ravenna 1998, p.15.",,"On display (Room 64 - Early Egypt, Display Case 10)",attendant; ancient egyptian deity; prisoner; cattle,Named in inscription & portrayed: Narmer;  Representation of: Horus,,,,,,Egypt and Sudan,EA35714,.35714,
https://media.britishmuseum.org/media/Repository/Documents/2014_11/5_17/d6166ec8_2be6_4558_8c3e_a3da011e9eb7/preview_01220522_001.jpg,chisel (object name),No: Optional[EA68152],"A chisel of rectangular section: slightly pitted by corrosion although the metal surfaces have now been cleaned. The cutting edge has been hammered from both sides of the tool, but has never been finally sharpened by grinding.; ",,1st Dynasty,,Excavated/Findspot: Saqqara (Memphis) (?),copper,hammered,15.00 centimetres;  89.00 grammes;  0.92 centimetres;  1.00 centimetres; ,,"Perhaps the reason why the chisel was not sharpened is because it was made specifically for the funeral equipment and therefore did not need to be functional.
Bibliography:
W. B. Emery, 'Great tombs of the First Dynasty; excavations at Sakkara' II' (Cairo, 1954), 61, no. 230, fig. 75 and pl. XXXIb.
For other examples of Early Dynastic copper chisels, see E. Amélineau, ‘Les Nouvelles Fouilles d’Abydos’ II (1896-7), pl.XVIII; W. M. F. Petrie, 'Royal Tombs of the Earliest Dynasties' II, pl.XXXV, 91; XXXVIII, 94; XLI, 93; W. M. F. Petrie, 'Abydos' I (London, 1902), pl.L; W. M. F. Petrie, 'Abydos' II (London, 1902-4), pl.XV, 1, 8, 10; W. M. F. Petrie, 'Tombs of the courtiers and Oxyrhynkos' (London, 1925), pl.V, 6, 8, 12; W. M. F. Petrie, 'Tarkhan I and Memphis V' (London, 1913), pls.IV, 3-5, 8; VI, 4, 10; W. M. F. Petrie, 'Tools and weapons : illustrated by the Egyptian collection in University College, London' (London, 1917), 19-20 and pls.XXI-XXII; G. A. Reisner, 'The early dynastic cemeteries of Naga-ed-Dêr' I, (California, 1908), 115 and pl.40d; W. B. Emery, 'Great tombs of the First Dynasty; excavations at Sakkara' I' (Cairo, 1949), 42-6 and pl.9B; W. B. Emery, 'Great tombs of the First Dynasty; excavations at Sakkara' II' (London, 1954), 61 and pl.XXXIb; J. E. Quibell, ‘Archaic Objects’ (Cairo, 1905), nos. 14540-1. 14556-7 and pl.59; J. E. Quibell, 'Excavations at Saqqara, 1912-1914: Archaic Mastabas’ (Cairo, 1923), pl.VIII, 1; J. E. Quibell & F. W. Green, 'Hierakonpolis' II (London, 1989), 26 and pl.XLVIIIb; C. M. Firth and J. E. Quibell, 'Excavations at Saqqara : the Step Pyramid' II (Cairo, 1935), pl.93, (3); J. Garstang, ‘Maḥâsna and Bêt Khallâf’ (London, 1989), pls.XVI, XXIII; P. Montet, 'Kêmi' 8 (1946), pl.X.",Spencer 1980 / Early Dynastic Objects,"On display (Room 64 - Early Egypt, Display Case 12)",,,Donated by: Egypt Exploration Society,,1971,,,Egypt and Sudan,EA68152,"1971,0227.86",
,chisel (object name),No: Optional[EA67584],Corroded copper chisel.; ,,1st Dynasty,,Excavated/Findspot: Abydos,copper,,14.80 centimetres;  1.01 centimetres;  2.85 centimetres; ,,,,Not on display,,,Donated by: Egypt Exploration Fund,Excavated by: Egypt Exploration Fund,1903,,,Egypt and Sudan,EA67584,"1903,0813.7",
,chisel (object name); model (object name),No: Optional[EA35554],"A model chisel: consisting of a thin copper bar of rectangular section, flattened at one end in imitation of the cutting edge. The surface of the metal is corroded.; ",,1st Dynasty,,Excavated/Findspot: Tomb of Den,copper,,8.90 centimetres; ,,"Bibliography:
W. M. F. Petrie, 'Royal Tombs of the Earliest Dynasties' II, pl.XLI, 91.
For other examples of Early Dynastic model chisels, see W. M. F. Petrie, 'Royal Tombs of the Earliest Dynasties' II, pls.XLI, 90, 92; XLV, 65-75; W. M. F. Petrie, 'Gizeh and Rifeh' (Warminster, 1977), pl.VIE. 150; W. M. F. Petrie, 'Tarkhan I and Memphis V' (London, 1913), pl.V, 18-22; A. C. Mace in G. A. Reisner (ed.), 'The early dynastic cemeteries of Naga-ed-Dêr' II, (California, 1908), 47, fig. 107, (4) and pl.48a; J. de Morgan, ‘Recherches sur les Origines de l’Égypte (Paris, 1896-7), 251, fig. 838; 252, fig. 846; E. Amélineau, ‘Les Nouvelles Fouilles d’Abydos’ II (1896-7), pl.XVIII, 1-2; A. Scharff, ‘Die Altertümer der Vor – und Frühzeit Ägyptens’ I (Berlin, 1929-31), no. 137a and pl.7.",Spencer 1980 / Early Dynastic Objects,Not on display,,,Donated by: Egypt Exploration Fund,Excavated by: Egypt Exploration Fund,1901,,,Egypt and Sudan,EA35554,"1901,1012.54",
https://media.britishmuseum.org/media/Repository/Documents/2014_11/5_18/f8c7c485_7e6d_49d3_a1d1_a3da01300da5/preview_01226849_001.jpg,chisel (object name),No: Optional[EA67566],"A chisel of rectangular section: with a slightly convex cutting edge. The edge has been sharpened by hammering and grinding from one side of the tool, the other side being flat. On being cleaned, a distinct mark appeared on the surface of the metal, showing that the tool had been set into a wooden handle to a point 2.5cm from the butt.; ",,1st Dynasty,,Excavated/Findspot: Tomb of Djer,copper,hammered; ground,7.50 centimetres max ;  21.40 grammes;  0.60 centimetres;  0.80 centimetres at edge ; ,,"Bibliography:
W. M. F. Petrie, 'Royal Tombs of the Earliest Dynasties' II, 24, pl.VI, 26.
Compare the chisels with wooden handles from tomb 3471 at Saqqara; W. B. Emery, 'Great tombs of the First Dynasty; excavations at Sakkara' I' (Cairo, 1949), 42, fig. 22 and pl.9B.",Spencer 1980 / Early Dynastic Objects,"On display (Room 64 - Early Egypt, Display Case 10)",,,Donated by: Egypt Exploration Fund,Excavated by: Egypt Exploration Fund,1901,,,Egypt and Sudan,EA67566,"1901,1028.35",
https://media.britishmuseum.org/media/Repository/Documents/2014_11/1_4/dbc5dbe1_2f31_437d_a569_a3d6004dba9a/preview_01056377_001.jpg,clapper (object name),No: Optional[EA18186],"Ivory clapper; one end carved in the form of an animal-head; incised detail filled with black on ear, eye and collar;  tip of ear, muzzle and back end broken off. Reverse side undecorated, flat.; ",,1st Dynasty,,Found/Acquired: Thebes (historic - Upper Egypt),ivory,incised,16.30 centimetres;  0.05 kilograms;  3.50 centimetres;  1.00 centimetres; ,,"For parallels see 
Hickmann, H., 1949. Catalogue General des antiquités égyptiennes du Musée du Caire: Instruments de musique. (Cairo: l'Institut français d'archéologie oriental); pl. xiv, xv; 
Saad, Z. Y., 1947. Royal excavations at Saqqara and Helwan (1941-1945) (Cairo: l'Institut français d'archéologie orientale), pl.xiii.
The identity of the animal depicted is unclear, but it is often considered a rabbit or hare. It is the most frequently occurring head on clappers of First Dynasty date.",,Not on display,,,Donated by: Sir Charles Holled Smith KCMG CB,,1887,,,Egypt and Sudan,EA18186,"1887,0402.76",
https://media.britishmuseum.org/media/Repository/Documents/2014_10/6_12/79106dc7_9170_4e87_8012_a3bc00d02e25/preview_00415462_001.jpg,human skeletal remains (object name); coffin (object name),No: Optional[EA52887],"Skeleton of an adult, sex unknown, lying in a flexed position on the left side in a cane basket.
Skull -  No obvious fractures. All teeth probably present. Mouth gaping. 
Thorax and abdomen -  Many of the ribs are dislocated at the costo-vertebral junction, but not fractured. The spinal column is dislocated in the lower dorsal region and there are well-marked osteo arthritic changes with associated lipping in the lumbar region. No abnormal changes in the intervertebral discs.
Long bones -  No definite fractures seen. The right foot is dislocated. Lines of arrested growth at the lower ends of tibiae.
Remains of a coffin of basketwork: just large enough to contain a contracted burial. The reeds used for the sides and ends of the coffin were bound into bundles before final assembly. All the upper part of the coffin is missing. The remaining parts, with the bones, were consolidated with paraffin wax by the excavator.; ",,1st Dynasty,,Excavated/Findspot: Tarkhan,reed; human bone,basketry,117.00 centimetres coffin ;  158.00 centimetres skeleton ;  58.50 centimetres coffin ; ,,"Bibliography:
W. M. F. Petrie, 'Tarkhan' II (London, 1914), 6; 
W. R. Dawson and P. H. K Gray, 'Catalogue of Egyptian antiquities in the British Museum Vol.1, Mummies and human remains' (London, 1968), 4, no. 7.","Spencer 1980 / Early Dynastic Objects; Dawson & Gray 1968 / Catalogue of Egyptian Antqiuities in the British Museum: Mummies and Human Remains; Fletcher, Antoine and Hill 2014 / Regarding the Dead: Human Remains in the British Museum",Not on display,,,"Donated by: Egyptian Research Account;  Donated by: British School of Archaeology, Egypt",,1913,,,Egypt and Sudan,EA52887,"1913,0730.1-2",
https://media.britishmuseum.org/media/Repository/Documents/2014_10/1_6/b2ad6c7f_f286_455b_924c_a3b7006e9785/preview_00032944_001.jpg,human skeletal remains (object name); coffin (object name),No: Optional[EA52888],"Skeletal remains of a young adult, sex unidentified, with wooden coffin.
Skull - Some of the lower front teeth show evidence of attrition. The cranium in its dimensions appears to be within normal limits. 
Thorax, Abdomen, Arms, and Legs: - The body is reduced to a mass of disjointed bones, now held together by paraffin wax. Remains of charred linen bandages are visible.
A rectangular coffin for a contracted burial: made of rough planks fastened together by dowels. Some of the boards, particularly those of the lid, were not cut with parallel edges but were trimmed to fit irregular spaces. The coffin was constructed by making a frame of narrow bars of wood, forming the edges of the coffin and the corner posts, and then filling in the spaces with thin planks, set vertically along the sides and horizontally at the ends. The cover was made of rough planks laid lengthwise. Some parts of the lid are missing, but the surviving woodwork is in good condition.; ",,1st Dynasty,,Excavated/Findspot: Tarkhan,wood; human tissue; linen,dowelled,48.50 centimetres coffin without lid ;  91.20 centimetres coffin ;  56.20 centimetres coffin ; ,,"Bibliography:
W. M. F. Petrie, 'Tarkhan' II (London, 1914), pl. XLVII;
W. R. Dawson and P. H. K Gray, 'Catalogue of Egyptian antiquities in the British Museum Vol.1, Mummies and human remains' (London, 1968), 4-5, no. 9.","Spencer 1980 / Early Dynastic Objects; Dawson & Gray 1968 / Catalogue of Egyptian Antqiuities in the British Museum: Mummies and Human Remains; Fletcher, Antoine and Hill 2014 / Regarding the Dead: Human Remains in the British Museum","On display (Room 64 - Early Egypt, Display Case 8)",,,"Donated by: Egyptian Research Account;  Donated by: British School of Archaeology, Egypt",,1913,,,Egypt and Sudan,EA52888,"1913,0730.4",
https://media.britishmuseum.org/media/Repository/Documents/2014_11/5_15/0a073238_5ad0_48fb_9e89_a3da0103914d/preview_01211699_001.jpg,cosmetic-palette (object name),No: Optional[EA37273],"Rectangular mudstone palette: with projections at the corners, broken away in two instances. The sides are slightly convex and they are bordered by two parallel incised lines on the upper surface.; ",,Late Predynastic; 1st Dynasty,,Excavated/Findspot: Temple of Osiris-Khentimentu (Abydos),mudstone,incised,12.80 centimetres;  9.00 centimetres; ,,"Incised border lines are common on palettes at the very end of the Predynastic period. Compare W. M. F. Petrie, 'Tarkhan I and Memphis V' (London, 1913),  pl.XXIX; W. M. F. Petrie, 'Tarkhan' II (London, 1914), pl.XXIV.
Bibliography:
W. M. F. Petrie, 'Abydos' I (London, 1902), pl. LIII, 12.",Spencer 1980 / Early Dynastic Objects,"On display (Room 64 - Early Egypt, Display Case 7)",,,Donated by: Egypt Exploration Fund,Excavated by: Egypt Exploration Fund,1902,,,Egypt and Sudan,EA37273,"1902,1011.10",
https://media.britishmuseum.org/media/Repository/Documents/2026_7/14_11/9a8b6143_fdcd_4a86_8dea_b48700b99bbc/preview_EA56571.jpg,cosmetic-palette (object name),No: Optional[EA56571],A mudstone palette of oval shape: with the edges roughly rounded. The surfaces are considerably scratched and the edge is slightly broken at one point.; ,,Late Predynastic; 1st Dynasty,,Excavated/Findspot: Mostagedda,mudstone,,11.20 centimetres;  9.70 centimetres; ,,"Bibliography:
G. Brunton, ‘Mostagedda and the Tasian Culture’ (London, 1937), 93 and pl. XXXI (1726).",Spencer 1980 / Early Dynastic Objects,"On display (Room 64 - Early Egypt, Display Case 8)",,,Donated by: Wellcome Institute for the History of Medicine,,,,,Egypt and Sudan,EA56571,"1953,1215.5",
,cosmetic-palette (object name),No: Optional[EA49279],A fragment from one end of an oval palette of coarse alabaster: the palette appears to have been of the type with pointed ends and a slightly hollowed upper surface with raised edges. Possibly has a cosmetic function.; ,,1st Dynasty,,Excavated/Findspot: Abydos,calcite,,8.60 centimetres;  1.60 centimetres;  7.70 centimetres; ,,"Compare W. M. F. Petrie, 'Tarkhan I and Memphis V' (London, 1913), pls. I, 10; XXIX, 29-30.",Spencer 1980 / Early Dynastic Objects,Not on display,,,Donated by: Egypt Exploration Fund,Excavated by: Egypt Exploration Fund,1910,,,Egypt and Sudan,EA49279,"1910,1008.2",
https://media.britishmuseum.org/media/Repository/Documents/2016_7/11_11/616fec44_a0ec_4b75_a3e2_a64000bf3d99/preview_42132.jpg,cup (object name),No: Optional[EA42132],"Deep conical cup with a flat base and straight sides expanding to the rim. Made of hand-worked red-brown Nile silt pottery, with clear marks of straw in the clay. Slightly elliptical in shape at the rim. Good condition.; ",,1st Dynasty; Early Dynastic,,Excavated/Findspot: Kom el-Ahmar (Hierakonpolis),pottery,handmade,14.00 centimetres;  7.00 centimetres;  9.50 centimetres; ,,"Like 5f in Petrie’s Corpus of Proto-dynastic Pottery (1953) but smaller (cf. Proto 5k)
Grave 107 in the Fort Cemetery was excavated by John Garstang and is published in B. Adams, The Fort Cemetery at Hierakonpolis (1987), p. 109-110. The grave contained two bodies and a large quantity of pottery.",Spencer 1980 / Early Dynastic Objects,Not on display,,,Donated by: F G Hilton Price,Excavated by: Prof John Garstang,1905,,,Egypt and Sudan,EA42132,"1905,1209.54",
,cup (object name),No: Optional[EA32644],"Miniature cup of calcite: small cup with a flat base and flaring sides, which rise to a plain rim with a sharp upper edge. Part of one side is missing. Traces of red substance remain inside; ",,1st Dynasty,,Excavated/Findspot: Tomb of Djer,calcite,,3.89 centimetres max ;  2.55 centimetres max ; ,,"Bibliography:
W. M. F. Petrie, 'Royal Tombs of the Earliest Dynasties' II, pl. LI F, 302.",Spencer 1980 / Early Dynastic Objects,Not on display,,,Donated by: Egypt Exploration Fund,Excavated by: Egypt Exploration Fund,1900,,,Egypt and Sudan,EA32644,"1900,1015.6",
https://media.britishmuseum.org/media/Repository/Documents/2014_10/3_21/598ef0d7_892c_4184_8c9c_a3b9015f944b/preview_00229006_001.jpg,cylinder seal (object name),No: Optional[EA65859],"Black steatite cylinder seal: perforated through the centre, bearing incised designs of Mesopotamian character. These include four figures of fish, four hollow ovals and a circle with four radiating lines, surrounded by cross-hatching. Good condition, although slightly chipped.; ",,Late Predynastic; 1st Dynasty,,Found/Acquired: Egypt,steatite,glazed; perforated; incised,1.61 centimetres;  3.15 centimetres; ,,"Compare A. Scharff, ‘Die Altertümer der Vor – und Frühzeit Ägyptens II (Berlin, 1929-31), nos.133, 135-6 and pl.25; H. J. Kantor, 'Journal of Near Eastern Studies' 11 (1952) 239-50; A. M. Lythgoe and D. Dunham, 'The predynastic cemetery, N 7000 : Naga-ed-Dêr' IV (Berkeley, 1965), 180, fig. 79h.
Bibliography:
A. F. Shore, 'British Museum Quarterly' 24 (1961), 35 and pl. xd.",Spencer 1980 / Early Dynastic Objects,"On display (Room 64 - Early Egypt, Display Case 5)",,,Purchased through: Spink & Son Ltd,Field Collection by: Rev George Denis Nash,1959,,,Egypt and Sudan,EA65859,"1959,1212.60",
https://media.britishmuseum.org/media/Repository/Documents/2025_12/8_11/fbc97276_303f_4875_8412_b3ad00b67f61/preview_EA52840__2_.jpg,cylinder seal (object name),No: Optional[EA52840],Black basalt cylinder seal decorated with representations of three monkeys.; ,,1st Dynasty,,Found/Acquired: Egypt,basalt,,1.39 centimetres;  2.76 centimetres; ,,,,Not on display,,,Purchased from: Mohammed Mohassib,,1913,,,Egypt and Sudan,EA52840,"1913,0524.15",
https://media.britishmuseum.org/media/Repository/Documents/2014_10/3_21/a91cd668_f00c_41f8_b9d8_a3b9015f8047/preview_00228994_001.jpg,cylinder seal (object name),No: Optional[EA49018],"Wooden cylinder seal: perforated through the centre, bearing an incised inscription which shows a figure of a lion and a primitive shrine. The wood has slightly split and a small piece has broken from the inscribed surface.; ",,Early Dynastic; 1st Dynasty,,Excavated/Findspot: Abydos (?),wood,incised; perforated,1.30 centimetres;  2.10 centimetres; ,"Inscription type: inscription Inscription script: hieroglyphic Inscription translation: A personal name, the precise reading of which is uncertain. Inscription note: Incised. The name has been read Nḥtỉ; P. Kaplony, 'Die Inschriften der Ägyptischen Frühzeit I (Wiesbaden, 1963), 551; P. Kaplony, 'Die Inschriften der Ägyptischen Frühzeit II (Wiesbaden, 1964), 1113.; ","The motif is common on the Early Dynastic mud seal impressions, see P. Kaplony, 'Die Inschriften der Ägyptischen Frühzeit III (Wiesbaden, 1964), pls.40-6; P. Kaplony, 'Die Inschriften der Ägyptischen Frühzeit I (Wiesbaden, 1963), 14-15; P. Kaplony, 'Die Inschriften der Ägyptischen Frühzeit II (Wiesbaden, 1964), 686-7, n. 43, 46; G. Godron, 'Revue d'Égyptologie' 8 (Paris,1951), 91-8; W. Helck, ‘Untersuchungen zu den Beamtentiteln des ägyptischen alten Reiches’ (Gluckstadt, 1954), 76-7.
Bibliography:
P. Kaplony, 'Die Inschriften der Ägyptischen Frühzeit III (Wiesbaden, 1964), pl. 43, abb. 150;
G. Godron, 'Revue d'Égyptologie' 8 (Paris,1951), 97, fig. 26.",Spencer 1980 / Early Dynastic Objects,"On display (Room 64 - Early Egypt, Display Case 9)",,,Donated by: Egypt Exploration Fund,Excavated by: Egypt Exploration Fund,1909,,"This object came to the Museum with material from the Egypt Exploration Fund excavations at Mahasna and Abydos, but is not mentioned in the publication of the excavations by Ayrton and Loat.",Egypt and Sudan,EA49018,"1909,0408.17",
https://media.britishmuseum.org/media/Repository/Documents/2014_10/3_21/6d9c6b3a_d696_4276_b5bc_a3b9015f8f31/preview_00229003_001.jpg,cylinder seal (object name),No: Optional[EA58436],A small cylinder seal of black steatite: perforated through the centre and bearing an incised inscription. Good condition; ,,Early Dynastic; 1st Dynasty,,Found/Acquired: Egypt,steatite,perforated; incised,0.92 centimetres;  1.13 centimetres; ,Inscription type: inscription Inscription script: hieroglyphic Inscription translation: The name Mr-kʒ Inscription note: Incised. Written twice without any determinative.; ,"Bibliography:
P. Kaplony, 'Die Inschriften der Ägyptischen Frühzeit II (Wiesbaden, 1964), 1153;
P. Kaplony, 'Die Inschriften der Ägyptischen Frühzeit II (Wiesbaden, 1964) pl. 102, abb. 456.",Spencer 1980 / Early Dynastic Objects,"On display (Room 64 - Early Egypt, Display Case 9)",,,Purchased from: Mustriki Singis,,1927,,,Egypt and Sudan,EA58436,"1927,0518.1",
,dish (object name),No: Optional[EA49303],Rough dish of pale brown pottery: with a small flat base and straight sides. The plain rim is not flared outwards. Good condition.; ,,1st Dynasty,,Excavated/Findspot: Umm el-Qaab (Abydos),pottery,,4.00 centimetres base ;  10.60 centimetres rim ;  5.20 centimetres whole ; ,,"Bibliography: 
This vessel is omitted from E. Naville, ‘The cemeteries of Abydos’ I (London, 1913), 38.",Spencer 1980 / Early Dynastic Objects,Not on display,,,Donated by: Egypt Exploration Fund,Excavated by: Egypt Exploration Fund,1910,,,Egypt and Sudan,EA49303,"1910,1008.26",
https://media.britishmuseum.org/media/Repository/Documents/2014_11/5_16/0dd158fa_d6de_4182_9122_a3da010a7cae/preview_01213811_001.jpg,dish (object name),No: Optional[EA49301],"Roughly shaped conical dish: of red-brown pottery with flaring sides and a rounded, plain rim. The base is small and flat, although rather unevenly formed. Good condition.; ",,1st Dynasty,,Excavated/Findspot: Umm el-Qaab (Abydos),pottery,,4.80 centimetres base ;  15.00 centimetres rim ;  6.70 centimetres whole ; ,,"Bibliography:
E. Naville, ‘The cemeteries of Abydos’ I (London, 1913), 38 and pl. XII, 6.",Spencer 1980 / Early Dynastic Objects,"On display (Room 64 - Early Egypt, Display Case 8)",,,Donated by: Egypt Exploration Fund,Excavated by: Egypt Exploration Fund,1910,,,Egypt and Sudan,EA49301,"1910,1008.24",
,dish (object name); table (object name),No: Optional[EA29303],"Shallow dish of volcanic ash: a shallow round-based dish or table-top of grey-green volcanic ash, with a plain round edge, slightly chipped at one point.; ",,1st Dynasty,,Found/Acquired: Egypt,volcanic ash,,28.20 centimetres max ;  4.00 centimetres; ,,,Spencer 1980 / Early Dynastic Objects,Not on display,,,Purchased through: R J Moss & Co,,1897,,,Egypt and Sudan,EA29303,"1897,0511.19",
https://media.britishmuseum.org/media/Repository/Documents/2014_11/5_16/67b284f1_305f_4a6b_a91d_a3da010a291e/preview_01213821_001.jpg,dish (object name),No: Optional[EA49300],"Roughly shaped conical dish: of red-brown pottery with flaring sides and a rounded, plain rim. The base is small and flat, although rather unevenly formed. Good condition.; ",,1st Dynasty,,Excavated/Findspot: Umm el-Qaab (Abydos),pottery,,4.40 centimetres base ;  14.30 centimetres rim ;  6.50 centimetres whole ; ,,"Bibliography:
E. Naville, ‘The cemeteries of Abydos’ I (London, 1913), 38 and pl. XII, 6.",Spencer 1980 / Early Dynastic Objects,"On display (Room 64 - Early Egypt, Display Case 8)",,,Donated by: Egypt Exploration Fund,Excavated by: Egypt Exploration Fund,1910,,,Egypt and Sudan,EA49300,"1910,1008.23",
,dish (object name),No: Optional[EA49302],Rough concial dish: with a flat base and slightly flared at the lip. The level of the rim is irregular and a small fragment is missing from the edge. Wheel-made. Good condition.; ,,1st Dynasty,,Excavated/Findspot: Umm el-Qaab (Abydos),pottery,wheel-made,4.30 centimetres base ;  15.00 centimetres rim ;  6.80 centimetres whole ; ,,"Bibliography:
E. Naville, ‘The cemeteries of Abydos’ I (London, 1913), 38 and pl. XVI, 6.",Spencer 1980 / Early Dynastic Objects,Not on display,,,Donated by: Egypt Exploration Fund,Excavated by: Egypt Exploration Fund,1910,,,Egypt and Sudan,EA49302,"1910,1008.25",
https://media.britishmuseum.org/media/Repository/Documents/2014_10/6_14/d732f1b5_6af6_487e_bf22_a3bc00ea2f85/preview_00423091_001.jpg,figure (object name),No: Optional[EA38018],"A glazed composition figure of a pig: originally green, but now dull brown in colour because of the decay of the glaze. The modelling of the body and legs is rather summary, but a fair amount of detail is shown in the head, including the eyes, ears, mouth and nostrils.; ",,1st Dynasty; 2nd Dynasty,,Excavated/Findspot: Temple of Osiris-Khentimentu (Abydos),glazed composition,glazed,4.50 centimetres;  7.60 centimetres;  2.20 millimetres; ,,"For parallels, see J. E. Quibell & F. W. Green, 'Hierakonpolis' I (London, 1989), pl.XVIII, 9; B. Adams, 'Ancient Hierakonpolis' (Warminster, 1974),  21, no. 107 and pl.14.
Bibliography:
W. M. F. Petrie, 'Abydos' II (London, 1902-4), pl. VI, 66..",Spencer 1980 / Early Dynastic Objects,"On display (Room 64 - Early Egypt, Display Case 7)",,,Donated by: Egypt Exploration Fund,Excavated by: Egypt Exploration Fund,1903,,,Egypt and Sudan,EA38018,"1903,1010.10",
https://media.britishmuseum.org/media/Repository/Documents/2014_11/5_14/63bbf824_04be_48f0_9833_a3da00f0917d/preview_01211733_001.jpg,figure (object name),No: Optional[EA38045],"A dull brown pottery figure of a hippopotamus: repaired from two pieces with a large part of one side missing. The figure is crudely modelled with little detail, the eyes being shown by incised lines and the position of the ears being marked by two holes. Most of the mouth has been lost by the breaking away of the front of the face. The surviving parts of the figure are in good condition, and the missing portions have been restored in plaster.; ",,1st Dynasty; 2nd Dynasty,,Excavated/Findspot: Temple of Osiris-Khentimentu (Abydos),pottery; plaster,incised; pierced,12.70 centimetres;  24.50 millimetres;  10.60 centimetres; ,,"Bibliography: 
W. M. F. Petrie, 'Abydos' II (London, 1902-4), pl.X, 225.
Petrie says ('Abydos' II (London, 1902-4), 27) that this object was found in two pieces, one in the deposit M.65 and the other in M.89, but the figure itself bears the mark M.64.
For similar figures, see W. M. F. Petrie, 'Abydos' I (London, 1902), pl.LII, 35; W. M. F. Petrie, 'Abydos' II (London, 1902-4), pl.IX, 188;W. M. F. Petrie, 'Diospolis Parva : the cemeteries of Abadiyeh and Hu, 1898-9' (London, 1901), pl.VI. (R.134). For the date of this figure see E. Baumgartel, 'The cultures of prehistoric Egypt' II (London, OUP), 72.",Spencer 1980 / Early Dynastic Objects,"On display (Room 64 - Early Egypt, Display Case 7)",,,Donated by: Egypt Exploration Fund,Excavated by: Egypt Exploration Fund,1903,,,Egypt and Sudan,EA38045,"1903,1010.37",
https://media.britishmuseum.org/media/Repository/Documents/2014_10/1_6/d476d389_1f0e_40e5_9e94_a3b70064d914/preview_00030299_001.jpg,figure (object name),No: Optional[EA37996],"Statuette of a king:  the figure of a beardless king wearing a white crown, the weight of which seems to be pushing out the tops of his huge ears. Wrapped in a short, stiff robe, he strides forward on his left leg. Perhaps the most striking aspect of the figure is the sense of age conveyed by the stoop of the king's shoulders, the forward thrust of his neck, and the droop (possibly somewhat exaggerated by weathering) of his long, pointed chin. Though a few would disagree, most believe that this is a depiction of an aged king. The robe is the type worn by kings during the sed-festival. This ceremony of royal rejuvenation was already in existence at the beginning of the First Dynasty. Here, the garment has the form of robes shown on other Early Dynastic representations of this ceremony. Unlike other versions of the robe, however, the material is patterned, with a design of diamond shapes bordered by two bands of guilloche. The designs were carved with such plasticity that even the under-and-over intertwining of the strips in the guilloche bands can still be seen. The effect strongly suggests woven designs in a heavy fabric, rather than painting on leather, as has sometimes been suggested. The most singular feature of the robe is a sort of flap that hangs down over each shoulder. These ""epaulets"" are worn and cracked and extremely hard to see, but the better-preserved example, on the left shoulder, apparently has a  scalloped edge. The objects appear to be unique, and no one has yet come up with a satisfactory identification or explanation, apart from a tentative (and unlikely) suggestion that they might represent animal paws. The arms of the figure are held at the front, by the fold of the cloak, and it is possible that the band of the robe hung over the right hand.; ",,1st Dynasty; 2nd Dynasty; Naqada II,3000BC (circa),Excavated/Findspot: Temple of Osiris-Khentimentu (Abydos),ivory,carved; incised,8.80 centimetres max ; ,,"The accomplished technique of the ivory caning at so early a period should be no surprise. Ivory figures were already being made in early predynastic times, and they continued be produced throughout the Predynastic Period. But while predynastic ivory figures are very stylized, this statuette has an assured naturalism that can most tellingly be compared to a two-dimensional representation of King Den, which was also found at Abydos, and probably comes from the king's tomb. 
For the date of this deposit, see the introduction to the section on glazed composition objects, A. J. Spencer, 'Catalogue of Egyptian Antiquities in the British Museum' V Early Dynastic Objects, (London, 1980), 71. This particular object has been considered to belong to a later age than the Early Dynastic period, as there is no archaic parallel for it, but on the other hand no later parallel has been produced to support this view. An unpublished opinion, that the piece belongs to the Amarna period, on the basis of the form of the neck, fails to take account of the effect of the short Sed-festival robe on the appearance of the neck, caused by the way in which the robe rises in a ridge across the back. Compare the figures on the limestone slab from Saqqara (1969,0212.16).
Compare the dress of the fragmentary statue of Amenophis III, in C. Aldred. 'Journal of Egyptian Archaeology' 55 (1969), 74, figs. 1-2. Fragments of reliefs showing a similar patterned cloak are known from the reign of Sneferu, see A. Fakhry, 'Monuments of Sneferu at Dahshur, II, The Valley Temple' part I (Cairo, 1959), pls.XXIX, C-D; XXXII, B.
Bibliography (selective):
W. M. F. Petrie, 'Abydos' II (London, 1902), pls.11, 3; XIII; 
J. Capart, ‘Les Débuts de L’Art',  154, flg. 112;
J. Vandier, 'Manuel d'Archeologie egyptienne', I, (2), 958, fig. 628; H. Ranke, 'The Art of ancient Egypt : architecture, sculpture, painting, applied art' (Vienna, 1936), fig. 44; 
H. Schäfer, 'Die Kunst Ägyptens', 177; 
W. S. Smith, 'History of Egyptian Sculpture and Painting in the Old Kingdom' (London, 1946),  pl.Ia;
J. Josephson and G. Dreyer, 'Naqada IId: The Birth of an Empire', JARCE 51 (2015), 169-71, fig. 4;  
H. Asselberghs, 'Chaos en Beheersing: documenten uit aeneolithisch Egypte' (Leiden, 1961), fig. 32; 
W. B. Emery, 'Archaic Egypt', (London, 1961) pl.30b;
C. Aldred, 'Egypt to the End of the Old Kingdom' (London, 1965), 62, fig. 52;
B. Porter & R. Moss, 'Topographical Bibliography of Ancient Egyptian Hieroglyphic Texts, Reliefs and Paintings' V (Oxford: Clarendon Press), 40;
H Sourouzian in Fs. Leclant 1993, Vol 1 p507
A. Roveri and F. Tiradritti [eds.], 'Kemet: Alle Sorgenti del Tempo' (Ravenna, 1998), p.223 [185];
P. Pasini [ed.], 'Kemet: Guide all mostra' (Ravenna, 1998), p.18;
E. Russmann, 'Eternal Egypt : masterworks of ancient art from the British Museum' , (New York, 2001),  pp. 66-67 [1];
G. Robins, ‘The Art of Ancient Egypt’ (London, 1997), fig. 33, p. 37;
H. Sourouzian in C. Berger ‘et. al’ ‘Hommages à Jean Leclant’ I (Bibliothèque d’Étude 106/1 (1994)), no. 1, p. 50;
S. Quirke and J. Spencer, 'British Museum Book of Ancient Egypt', (London, 1992), p. 70, fig. 50;
T. G. H. James & W. V. Davies, ‘Egyptian Sculpture’ (London, 1983), p. 23, fig. 21;
N. Strudwick, Masterpieces of Ancient Egypt, London 2006, pp. 36-7.",Spencer 1980 / Early Dynastic Objects; Russmann 2001 / Eternal Egypt: Masterworks of Ancient Art from the British Museum; Strudwick 2006 / Masterpieces of Ancient Egypt,"On display (Room 64 - Early Egypt, Display Case 10)",,,Donated by: Egypt Exploration Fund,Excavated by: Egypt Exploration Fund,1903,,,Egypt and Sudan,EA37996,"1903,1010.1",
https://media.britishmuseum.org/media/Repository/Documents/2014_11/5_14/98233f85_5845_4ecf_ada8_a3da00ed2ddb/preview_01210520_001.jpg,figure (object name),No: Optional[EA66837],"A finely-worked figure of a frog: in black and white porphyritic diorite. The details of the legs and eyes are depicted, and the surface of the stone is smooth and polished. The eyes have been drilled out to a depth of 0.5cm and were probably inlaid with a different colour of stone. Part of the face and chin has been restored, including the mouth.; ",,Late Predynastic; 1st Dynasty,,Found/Acquired: Egypt,porphyry,polished; drilled; inlaid,11.50 centimetres;  28.70 centimetres;  6.80 kilograms;  17.40 centimetres; ,,"Bibliography:
M. J. Mellink, J. Filip & C. Vandersleyen, 'Propyläen Kunstgeschichte' (Berlin, 1974), pl. 216b;
'British Museum Report of the Trustees' 1966, pl. VIII.
Nicholson and Shaw, Ancient Egyptian Materials and Technology (Cambridge 2000), p. 50",Spencer 1980 / Early Dynastic Objects,"On display (Room 64 - Early Egypt, Display Case 4)",,,Purchased from: Capt Edward G Spencer-Churchill (Trustees of),,1966,"Departmental Reports for 26 March 1965, ‘Official Correspondence and Reports, Egyptian, 1965-66’,  p.465, as I.E.S. Edwards gave a list of his reasons for doubting the authenticity of the figure of the frog in which he wrote:  
‘(1) Nothing is known about its provenance or its history before 1920 when it was bought in Paris by the late Mr Oscar Raphael.’",,Egypt and Sudan,EA66837,"1966,0212.117",
https://media.britishmuseum.org/media/Repository/Documents/2014_11/5_15/0bfa74ac_434b_4e17_9b48_a3da01039dc0/preview_01211704_001.jpg,figure (object name),No: Optional[EA37280],"A glazed composition figure of a squatting baboon: with a fairly large well-formed face, including details of the eyes and brow-ridges. The mouth is  indicated by an incised line.  All the legs are delineated, the forepaws resting on the lower part of the bent hind legs. The figure is covered with a pale green glaze, some areas of which have turned white.; ",,1st Dynasty; 2nd Dynasty,,Excavated/Findspot: Temple of Osiris-Khentimentu (Abydos),glazed composition,incised; glazed,8.60 centimetres; ,,"For similar figures, see W. M. F. Petrie, 'Abydos' I (London, 1902), pl.LIII, 7-8; W. M. F. Petrie, 'Abydos' II (London, 1902-4), pls.VI, 50-61, 64, 65; IX, 202; X, 218-9; XI, 233. 235, 238, 247-8; J. E. Quibell & F. W. Green, 'Hierakonpolis' I (London, 1989), pl.XXII, 2, 11-12; B. Adams, 'Ancient Hierakonpolis' (Warminster, 1974), 24-9, nos. 123, 124, 127-37, 140. 142, T44: A. Scharff, ‘Die Altertümer der Vor – und Frühzeit Ägyptens’ II (Berlin, 1929-31), nos. 91-3 and pl.17; J. Capart, ‘Les Débuts de L’Art en Égypte’, 179-81; H. W. Müller, 'Ägyptische Kunstwerke, Kleinfunde und Glas in der Sammlung E. & M. Kofler-Truniger' (Berlin, 1964), A 13 a-o; G. Dreyer, 'Mitteilungen der Deutschen Archäologischen Instituts Abteilung Kairo' 32 (Wiesbaden, 1976), 85, in (a-b) and pl.24a-b.
Bibliography:
W. M. F. Petrie, 'Abydos' I (London, 1902), pl. LIII, 9.",Spencer 1980 / Early Dynastic Objects,"On display (Room 64 - Early Egypt, Display Case 7)",,,Donated by: Egypt Exploration Fund,Excavated by: Egypt Exploration Fund,1903,,,Egypt and Sudan,EA37280,"1902,1011.17",
https://media.britishmuseum.org/media/Repository/Documents/2014_11/5_14/80e481e0_e724_4b63_a764_a3da00f08fd3/preview_01211732_001.jpg,figure (object name),No: Optional[EA38044],"A figure of a squatting frog: in pale red-brown pottery, with remains of a polished red slip. All four feet have been broken, revealing that the pottery is black in the core owing to incomplete firing. The mouth and eyes are the only details shown.; ",,1st Dynasty; 2nd Dynasty,,Excavated/Findspot: Temple of Osiris-Khentimentu (Abydos),pottery,polished; slipped,5.80 centimetres;  10.50 centimetres;  6.30 centimetres; ,,"Bibliography: 
W. M. F. Petrie, 'Abydos' II, pl.X, 227.
Frog-figures in pottery seem to be rare, although many examples of stone or glazed composition are known. See J. E. Quibell & F. W. Green, 'Hierakonpolis' I (London, 1989), pl.XVIII, 10, 11, 14; J. Capart, ‘Les Débuts de L’Art en Égypte’, 185; G. Dreyer, 'Mitteilungen der Deutschen Archäologischen Instituts Abteilung Kairo' 32 (Wiesbaden, 1976), 85, III (d) and pl.24c.",Spencer 1980 / Early Dynastic Objects,"On display (Room 64 - Early Egypt, Display Case 7)",,,Donated by: Egypt Exploration Fund,Excavated by: Egypt Exploration Fund,1903,,,Egypt and Sudan,EA38044,"1903,1010.36",
https://media.britishmuseum.org/media/Repository/Documents/2014_10/5_7/29c4b386_d2a2_4575_b2d4_a3bb0081536e/preview_00316341_001.jpg,figure (object name),No: Optional[EA54372],"Figure of a frog: in green granite, streaked with brown. The eyes and mouth are depicted by shallow depressions and incised lines, although the work is not very detailed. The surface is smooth and polished, except on the underside, which is rough and may have been broken.; ",,Late Predynastic; 1st Dynasty,,Found/Acquired: Egypt,granite,incised; polished,4.44 centimetres;  8.24 centimetres;  5.91 centimetres; ,,"Numerous examples of Early Dynastic frog-figures are known. See Petrie, 'Prehistoric Egypt', 13 and pl.VIII, 38-42; J. E. Quibell, 'Hierakonpolis', 1, pl.XVIII, 10, 11, 14; J. Capart, 'Primitive Art', 193, fig. 151.
Published: 'Art and Afterlife in Ancient Egypt' (Japan 1999-2000): No 72/",Spencer 1980 / Early Dynastic Objects,"On display (Room 64 - Early Egypt, Display Case 4)",,,Purchased from: Mohammed Mohassib,,1919,,,Egypt and Sudan,EA54372,"1919,0208.31",
https://media.britishmuseum.org/media/Repository/Documents/2014_11/5_14/7a89e743_54c0_4b4e_9f9a_a3da00f085ca/preview_01211726_001.jpg,figure (object name),No: Optional[EA38023],"A figure of a squatting baboon: cut out of a thin sheet of glazed composition. The legs and neck are indicated by incised lines and the snout has been rounded at the top. The green glaze has partly decayed to brown, and has been chipped at the feet.; ",,1st Dynasty; 2nd Dynasty,,Excavated/Findspot: Temple of Osiris-Khentimentu (Abydos),glazed composition,glazed; cut; incised,4.60 centimetres; ,,"For another example of a baboon-figure made in this way, see B. Adams, 'Ancient Hierakonpolis' (Warminster, 1974), 27, no. 136 and pl.20.
Bibliography:
W. M. F. Petrie, 'Abydos' II (London, 1902-4), 25 (not illustrated).",Spencer 1980 / Early Dynastic Objects,"On display (Room 64 - Early Egypt, Display Case 7)",,,Donated by: Egypt Exploration Fund,Excavated by: Egypt Exploration Fund,1903,,,Egypt and Sudan,EA38023,"1903,1010.15",
https://media.britishmuseum.org/media/Repository/Documents/2014_10/5_22/3d6d454c_4b6c_4794_87cf_a3bb016f3805/preview_00383548_001.jpg,figure (object name),No: Optional[EA32138],"Lead female figure; left arm across breast, right arm lost.; ",,Late Predynastic; 1st Dynasty,,Found/Acquired: Egypt,lead,,5.90 centimetres;  75.00 grammes;  2.40 centimetres;  1.50 centimetres; ,,"Said to be from Abydos.
Krysko, W.W. 1986. 'Comments on the oldest known lead figurine'. Historical Metallurgy 20, 109-111.",,"On display (Room 64 - Early Egypt, Display Case 7)",,,Purchased from: R J Moss & Co,,1899,,,Egypt and Sudan,EA32138,"1899,1016.1151",
,figure (object name),No: Optional[EA51108],Rough grey ware pottery head of an animal.; ,,1st Dynasty,,Excavated/Findspot: Abydos,pottery,,5.50 centimetres; ,,,Peet 1914 / Cemeteries of Abydos II. 1911-1912,Not on display,,,Donated by: Egypt Exploration Fund,Excavated by: Egypt Exploration Fund,1912,,,Egypt and Sudan,EA51108,"1912,1012.6",
,figure (object name),No: Optional[EA38048],"Limestone figure of a baboon: a figure of a squatting baboon, carved with very little detail from an extremely rough piece of limestone. The front paws are extended towards the knees and the remains of the cutting of the eyes can be detected.; ",,1st Dynasty,,Excavated/Findspot: Temple of Osiris-Khentimentu (Abydos),limestone,carved,24.50 centimetres;  12.00 centimetres;  16.50 centimetres; ,,"These baboon-figures from Abydos seem to have been made from loose desert stones, which, because of weathering, already had shapes resembling that of the baboon. Only a small amount of carving was done to heighten the similarity. 
Bibliography:
W. M. F. Petrie, 'Abydos' II, pl.IX, 190-2; 
J. Capart, 'Les Debuts de L'Art', 179, fig. 132; 'Primitive Art', 185, fig. 146.",Spencer 1980 / Early Dynastic Objects,Not on display,,,Donated by: Egypt Exploration Fund,Excavated by: Egypt Exploration Fund,1903,,,Egypt and Sudan,EA38048,"1903,1010.40",
https://media.britishmuseum.org/media/Repository/Documents/2014_11/5_14/cd1444cf_3460_4b1f_8a7e_a3da00f08243/preview_01211724_001.jpg,figure (object name),No: Optional[EA38021],"A glazed composition figure of a squatting baboon: with the details of the eyes, brows and nostrils indicated in the face. The legs are delineated, the hind legs being drawn up with the forepaws resting on the knees. The glaze has decayed to white with brown patches.; ",,1st Dynasty; 2nd Dynasty,,Excavated/Findspot: Temple of Osiris-Khentimentu (Abydos),glazed composition,glazed,7.00 centimetres; ,,"For similar figures, see W. M. F. Petrie, 'Abydos' I (London, 1902), pl.LIII, 7-8; W. M. F. Petrie, 'Abydos' II (London, 1902-4), pls.VI, 50-61, 64, 65; IX, 202; X, 218-9; XI, 233. 235, 238, 247-8; J. E. Quibell & F. W. Green, 'Hierakonpolis' I (London, 1989), pl.XXII, 2, 11-12; B. Adams, 'Ancient Hierakonpolis' (Warminster, 1974), 24-9, nos. 123, 124, 127-37, 140. 142, T44: A. Scharff, ‘Die Altertümer der Vor – und Frühzeit Ägyptens’ II (Berlin, 1929-31), nos. 91-3 and pl.17; J. Capart, ‘Les Débuts de L’Art en Égypte’, 179-81; H. W. Müller, 'Ägyptische Kunstwerke, Kleinfunde und Glas in der Sammlung E. & M. Kofler-Truniger' (Berlin, 1964), A 13 a-o; G. Dreyer, 'Mitteilungen der Deutschen Archäologischen Instituts Abteilung Kairo' 32 (Wiesbaden, 1976), 85, in (a-b) and pl.24a-b.
Bibliography:
W. M. F. Petrie, 'Abydos' II (London, 1902-4), 25 (not illustrated).",Spencer 1980 / Early Dynastic Objects,"On display (Room 64 - Early Egypt, Display Case 7)",,,Donated by: Egypt Exploration Fund,Excavated by: Egypt Exploration Fund,1903,,,Egypt and Sudan,EA38021,"1903,1010.13",
https://media.britishmuseum.org/media/Repository/Documents/2014_10/6_14/4b9b303e_bc52_4ff9_956c_a3bc00ea783e/preview_00423019_001.jpg,figure (object name),No: Optional[EA38020],"A composition figure of a squatting baboon: originally glazed green, although this glaze has now decayed to white or brown. The figure is well modelled with the details of the legs and face clearly shown. The forelegs are extended to hold an object of uncertain nature on the knees, the top of the object reaching up to join the chin. Its conical shape suggests that it may represent a pot closed with a mud seal. Good condition, glaze slightly flaked in parts.; ",,1st Dynasty; 2nd Dynasty,,Excavated/Findspot: Temple of Osiris-Khentimentu (Abydos),glazed composition,glazed,10.20 centimetres; ,,"Compare J. E. Quibell & F. W. Green, 'Hierakonpolis' I (London, 1989), pl.XXII, 12 = B. Adams, 'Ancient Hierakonpolis' (Warminster, 1974), 25, no. 124 and pls. 18, 23; G. Dreyer, 'Mitteilungen der Deutschen Archäologischen Instituts Abteilung Kairo' 32 (Wiesbaden, 1976), 85, III (a) and pl.24a.
Bibliography:
 W. M. F. Petrie, 'Abydos' II (London, 1902), pl.VI, 53; 
J. Capart, ‘Les Débuts de L’Art en Égypte’, 180, fig. 133, top left.",Spencer 1980 / Early Dynastic Objects,"On display (Room 64 - Early Egypt, Display Case 7)",,,Donated by: Egypt Exploration Fund,Excavated by: Egypt Exploration Fund,1903,,,Egypt and Sudan,EA38020,"1903,1010.12",
https://media.britishmuseum.org/media/Repository/Documents/2014_11/5_14/f5df383e_59d6_4758_ba8e_a3da00f07e42/preview_01211722_001.jpg,figure (object name),No: Optional[EA38019],"A green glazed composition figure of a squatting baboon: crudely made. The front of the body and top of the head are flat with almost angular edges, and the details of the face are summarily depicted by impressed points and incised lines. There has been little attempt to produce a lifelike form and only the hind legs are shown. Well-preserved pale green glaze.; ",,1st Dynasty; 2nd Dynasty,,Excavated/Findspot: Temple of Osiris-Khentimentu (Abydos),glazed composition,glazed; incised,9.50 centimetres; ,,"For similar figures, see W. M. F. Petrie, 'Abydos' I (London, 1902), pl.LIII, 7-8; W. M. F. Petrie, 'Abydos' II (London, 1902-4), pls.VI, 50-61, 64, 65; IX, 202; X, 218-9; XI, 233. 235, 238, 247-8; J. E. Quibell & F. W. Green, 'Hierakonpolis' I (London, 1989), pl.XXII, 2, 11-12; B. Adams, 'Ancient Hierakonpolis' (Warminster, 1974), 24-9, nos. 123, 124, 127-37, 140. 142, T44: A. Scharff, ‘Die Altertümer der Vor – und Frühzeit Ägyptens’ II (Berlin, 1929-31), nos. 91-3 and pl.17; J. Capart, ‘Les Débuts de L’Art en Égypte’, 179-81; H. W. Müller, 'Ägyptische Kunstwerke, Kleinfunde und Glas in der Sammlung E. & M. Kofler-Truniger' (Berlin, 1964), A 13 a-o; G. Dreyer, 'Mitteilungen der Deutschen Archäologischen Instituts Abteilung Kairo' 32 (Wiesbaden, 1976), 85, in (a-b) and pl.24a-b.
Bibliography:
W. M. F. Petrie, 'Abydos' I (London, 1902), pl. VI, 53;
J. Capart, ‘Les Débuts de L’Art en Égypte’, 180, fig. 133, top right.",Spencer 1980 / Early Dynastic Objects,"On display (Room 64 - Early Egypt, Display Case 7)",,,Donated by: Egypt Exploration Fund,Excavated by: Egypt Exploration Fund,1903,,,Egypt and Sudan,EA38019,"1903,1010.11",
https://media.britishmuseum.org/media/Repository/Documents/2014_11/5_15/00d4360f_3f97_4b6c_8783_a3da0103a4d3/preview_01211708_001.jpg,figure (object name),No: Optional[EA37281],"A squatting figure of a baboon: not very well made. The facial detail is not clear and the mouth is not indicated. The hind legs are visible, but of the forelegs only that on the left of the figure is clearly shown. Good condition, with well-preserved pale green glaze.; ",,1st Dynasty; 2nd Dynasty,,Excavated/Findspot: Temple of Osiris-Khentimentu (Abydos),glazed composition,glazed,7.70 centimetres; ,,"For similar figures, see W. M. F. Petrie, 'Abydos' I (London, 1902), pl.LIII, 7-8; W. M. F. Petrie, 'Abydos' II (London, 1902-4), pls.VI, 50-61, 64, 65; IX, 202; X, 218-9; XI, 233. 235, 238, 247-8; J. E. Quibell & F. W. Green, 'Hierakonpolis' I (London, 1989), pl.XXII, 2, 11-12; B. Adams, 'Ancient Hierakonpolis' (Warminster, 1974), 24-9, nos. 123, 124, 127-37, 140. 142, T44: A. Scharff, ‘Die Altertümer der Vor – und Frühzeit Ägyptens’ II (Berlin, 1929-31), nos. 91-3 and pl.17; J. Capart, ‘Les Débuts de L’Art en Égypte’, 179-81; H. W. Müller, 'Ägyptische Kunstwerke, Kleinfunde und Glas in der Sammlung E. & M. Kofler-Truniger' (Berlin, 1964), A 13 a-o; G. Dreyer, 'Mitteilungen der Deutschen Archäologischen Instituts Abteilung Kairo' 32 (Wiesbaden, 1976), 85, in (a-b) and pl.24a-b.
Bibliography:
W. M. F. Petrie, 'Abydos' I (London, 1902), pl. LIII, II",Spencer 1980 / Early Dynastic Objects,"On display (Room 64 - Early Egypt, Display Case 7)",,,Donated by: Egypt Exploration Fund,Excavated by: Egypt Exploration Fund,1902,,,Egypt and Sudan,EA37281,"1902,1011.18",
https://media.britishmuseum.org/media/Repository/Documents/2014_11/5_14/5ab520c7_3cdb_4757_b66c_a3da00f0841c/preview_01211725_001.jpg,figure (object name),No: Optional[EA38022],"A small glazed composition figure of a squatting baboon: without detailed modelling. The legs are not clearly shown, nor are the eyes, but the mouth and brows are indicated. Some of the pale green glaze has flaked off at the back of the figure.; ",,1st Dynasty; 2nd Dynasty,,Excavated/Findspot: Temple of Osiris-Khentimentu (Abydos),glazed composition,glazed,4.60 centimetres; ,,"For similar figures, see W. M. F. Petrie, 'Abydos' I (London, 1902), pl.LIII, 7-8; W. M. F. Petrie, 'Abydos' II (London, 1902-4), pls.VI, 50-61, 64, 65; IX, 202; X, 218-9; XI, 233. 235, 238, 247-8; J. E. Quibell & F. W. Green, 'Hierakonpolis' I (London, 1989), pl.XXII, 2, 11-12; B. Adams, 'Ancient Hierakonpolis' (Warminster, 1974), 24-9, nos. 123, 124, 127-37, 140. 142, T44: A. Scharff, ‘Die Altertümer der Vor – und Frühzeit Ägyptens’ II (Berlin, 1929-31), nos. 91-3 and pl.17; J. Capart, ‘Les Débuts de L’Art en Égypte’, 179-81; H. W. Müller, 'Ägyptische Kunstwerke, Kleinfunde und Glas in der Sammlung E. & M. Kofler-Truniger' (Berlin, 1964), A 13 a-o; G. Dreyer, 'Mitteilungen der Deutschen Archäologischen Instituts Abteilung Kairo' 32 (Wiesbaden, 1976), 85, in (a-b) and pl.24a-b.
Bibliography:
W. M. F. Petrie, 'Abydos' II (London, 1902-4), 25 (not illustrated).",Spencer 1980 / Early Dynastic Objects,"On display (Room 64 - Early Egypt, Display Case 7)",,,Donated by: Egypt Exploration Fund,Excavated by: Egypt Exploration Fund,1903,,,Egypt and Sudan,EA38022,"1903,1010.14",
https://media.britishmuseum.org/media/Repository/Documents/2014_11/5_17/2b488dd9_cc71_4cea_9174_a3da011e97ef/preview_01220520_001.jpg,furniture-fitting (object name),No: Optional[EA68149],"A terminal from a piece of furniture: formed of a piece of sheet copper beaten out into a bell-shape, with the wide end closed by a separate copper disc. The object has been restored from fragments and is heavily corroded. It still contains traces of decayed wood.; ",,1st Dynasty,,Excavated/Findspot: Saqqara (Memphis),copper; wood,beaten,10.40 - 11.40 centimetres distorted ;  4.20 centimetres; ,,"This kind of terminal was used on chairs and beds, and was sometimes made of ivory as an alternative to copper-cased wood, (W. B. Emery, 'Great tombs of the First Dynasty; excavations at Sakkara' II' (London, 1954), 44, no.105; 45, nos. 165-7 and pl.XXVII). In Saqqara, tomb 3471, copper-cased terminals were discovered in situ on a wooden bed-frame (W. B. Emery, 'Great tombs of the First Dynasty; excavations at Sakkara' I (Cairo, 1949), 57 and pl.11A). The same kind of terminal occurs on the bed of Hetepheres, but in this case covered with gold (H. S. Baker, 'Furniture in the Ancient World' (London, 1966), 47, fig. 35.) For parallels, see W. B. Emery, 'Great tombs of the First Dynasty; excavations at Sakkara' II' (London, 1954), 39, no. 25; 40, no. 42; 45. no. 176; 54, no. 303 and pls.XXVI-XXVII; W. B. Emery, 'Excavations at Saqqara, 1937-1938 : Hor-aha' (Cairo, 1939), 64, no. 349; W. M. F. Petrie, 'Royal Tombs of the Earliest Dynasties' II, pls.XXXV, 83; XLI, 87; E. Amélineau, ‘Les Nouvelles Fouilles d’Abydos’ I (1895-6), pl.IX. See also the representations of terminals on furniture, J. E. Quibell,  'Excavations at Saqqara, 1911-12 : the tomb of Hesy' (Cairo, 1913), pls.XIX-XX; H. S. Baker, 'Furniture in the Ancient World' (London, 1966), 31-2, figs. 18-20.
Bibliography:
W. B. Emery, 'Great tombs of the First Dynasty; excavations at Sakkara' III (London, 1958), 50, no. 4.",Spencer 1980 / Early Dynastic Objects,Not on display,,,Donated by: Egypt Exploration Society,,1971,,,Egypt and Sudan,EA68149,"1971,0227.83",
https://media.britishmuseum.org/media/Repository/Documents/2014_10/3_20/29d06581_5071_4c00_a0a5_a3b901579748/00226770_001.jpg,furniture-fitting (object name),No: Optional[EA68145],"The lower part of an ivory leg: in the form of a bull's foot, consisting of the pedestal upon which the foot rested. The sides of the fragment are decorated, as usual, with incised lines. The ivory has been completely blackened by burning, but is still solid.; ",,1st Dynasty,,Excavated/Findspot: Saqqara (Memphis),ivory,incised,3.50 millimetres;  2.10 centimetres;  1.90 centimetres max ; ,,"Bibliography:
W. B. Emery, 'Great tombs of the First Dynasty; excavations at Sakkara' II (London, 1954), 44, no. 159 and pl.XXVII.",Spencer 1980 / Early Dynastic Objects,Not on display,cattle,,Donated by: Egypt Exploration Society,Excavated by: Prof Walter B Emery,1971,,,Egypt and Sudan,EA68145,"1971,0227.79",
,furniture-fitting (object name),No: Optional[EA68251],"A copper furniture terminal: formed of a piece of sheet copper beaten out into a bell-shape, with the wide end closed by a separate copper disc, still containing fragments of decayed wood. Corroded and partially restored, approximately half the object is in loose fragments.; ",,1st Dynasty,,Excavated/Findspot: Saqqara (Memphis),copper; wood,beaten,4.43 centimetres largest fragment ;  9.71 centimetres largest fragment ;  8.76 centimetres largest fragment ; ,,"This kind of terminal was used on chairs and beds, and was sometimes made of ivory as an alternative to copper-cased wood, (W. B. Emery, 'Great tombs of the First Dynasty; excavations at Sakkara' II' (London, 1954), 44, no.105; 45, nos. 165-7 and pl.XXVII). In Saqqara, tomb 3471, copper-cased terminals were discovered in situ on a wooden bed-frame (W. B. Emery, 'Great tombs of the First Dynasty; excavations at Sakkara' I (Cairo, 1949), 57 and pl.11A). The same kind of terminal occurs on the bed of Hetepheres, but in this case covered with gold (H. S. Baker, 'Furniture in the Ancient World' (London, 1966), 47, fig. 35.) For parallels, see W. B. Emery, 'Great tombs of the First Dynasty; excavations at Sakkara' II' (London, 1954), 39, no. 25; 40, no. 42; 45. no. 176; 54, no. 303 and pls.XXVI-XXVII; W. B. Emery, 'Excavations at Saqqara, 1937-1938 : Hor-aha' (Cairo, 1939), 64, no. 349; W. M. F. Petrie, 'Royal Tombs of the Earliest Dynasties' II, pls.XXXV, 83; XLI, 87; E. Amélineau, ‘Les Nouvelles Fouilles d’Abydos’ I (1895-6), pl.IX. See also the representations of terminals on furniture, J. E. Quibell,  'Excavations at Saqqara, 1911-12 : the tomb of Hesy' (Cairo, 1913), pls.XIX-XX; H. S. Baker, 'Furniture in the Ancient World' (London, 1966), 31-2, figs. 18-20.
Bibliography:
W. B. Emery, 'Great tombs of the First Dynasty; excavations at Sakkara' III (London, 1958), 50, no. 4.",Spencer 1980 / Early Dynastic Objects,Not on display,,,Donated by: Egypt Exploration Society,,1971,,,Egypt and Sudan,EA68251,"1971,0227.185",
https://media.britishmuseum.org/media/Repository/Documents/2014_10/3_20/e67c23e3_a053_4a90_a484_a3b901576f1e/00226746_001.jpg,game-board (object name),No: Optional[EA30465],"A small ivory leg: in the form of a bull's foot, possibly from a game-board. At the top of the leg is a tenon, 1. 3cm high, pierced horizontally by two small holes for fixing. This tenon is situated in the front right-hand corner of the upper surface, and is marked with saw cuts at its base. Small traces of wood adhere to the tenon. The leg is well carved but not completely polished, and the marks made by the tools are still evident. In the right side there is a small wooden dowel, projecting from a hole in the ivory. Good condition.; ",,1st Dynasty; 2nd Dynasty,,Found/Acquired: Egypt,ivory,pierced; sawn; carved; polished,6.40 centimetres;  0.019 kilograms;  2.70 centimetres;  1.60 centimetres; ,,"For similar small ivory legs, see A. Scharff, ‘Die Altertümer der Vor – und Frühzeit Ägyptens’ II (Berlin, 1929-31) nos. 290-1.",Spencer 1980 / Early Dynastic Objects,"On display (Room 64 - Early Egypt, Display Case 10)",cattle,,Purchased through: Rev Chauncey Murch,,1899,,,Egypt and Sudan,EA30465,"1899,0314.17",
https://media.britishmuseum.org/media/Repository/Documents/2014_10/3_20/f110b196_cbf2_4d4d_9ac1_a3b90157705c/00226747_001.jpg,game-board (object name),No: Optional[EA30466],"An ivory leg: in the form of a bull's leg, possibly from a game-board, with a tenon projecting 1.4cm from the top. This tenon is in the front left-hand corner of the upper surface, and is pierced by a single hole for fixing. In the left side of the leg is a small hole for a dowel. This leg belonged to the same object as 1899,0314.17, but was intended to be fixed on the opposite side, so that the positions of the tenon and dowel are reversed.; ",,1st Dynasty; 2nd Dynasty,,Found/Acquired: Egypt,ivory,pierced; carved,6.50 centimetres;  0.018 kilograms;  2.90 centimetres;  1.40 centimetres; ,,"For similar small ivory legs, see A. Scharff, ‘Die Altertümer der Vor – und Frühzeit Ägyptens’ II (Berlin, 1929-31) nos. 290-1.",Spencer 1980 / Early Dynastic Objects,"On display (Room 64 - Early Egypt, Display Case 10)",cattle,,Purchased through: Rev Chauncey Murch,,1899,,,Egypt and Sudan,EA30466,"1899,0314.18",
https://media.britishmuseum.org/media/Repository/Documents/2014_9/30_14/25586cd4_15ff_4978_a96f_a3b600ee9950/preview_00014418_001.jpg,game-piece (object name),No: Optional[EA65835],"A spherical marble of pink limestone, bearing the incised serekh of Aḥa. Intended for use in playing the game mḥn.; ",,1st Dynasty,,Found/Acquired: Egypt,limestone,incised,1.40 centimetres; ,Inscription type: inscription Inscription position: front surface Inscription script: hieroglyphic Inscription translation: Aḥa Inscription note: Incised; ,"For similar inscribed marbles, see P. Kaplony, 'Die Inschriften der Ägyptischen Frühzeit’, supplement, (Wiesbaden, 1964), 28-30 and abb. 1050 C, 1051-2; P. Kaplony, 'Mitteilungen der Deutschen Archäologischen Instituts Abteilung Kairo' 20 (Wiesbaden, 1965), 6-7; P. Kaplony ‘Beschriftete Kleinfunde in der Sammlung Georges Michailidis Ergebnisse einer Bestandsaufnahme im Sommer 1968’ (Istanbul, 1973), nos. 5-20 (the antiquity of some of the inscriptions on these objects is doubtful).
For uninscribed marbles, see W. M. F. Petrie, 'Gizeh and Rifeh' (Warminster, 1977, pl.IV; W. M. F. Petrie, 'Tombs of the courtiers and Oxyrhynkos' (London, 1925), pl.VII, 6; T. E. Peet in E. Naville (ed.), ‘The cemeteries of Abydos’ II (London, 1913), pl.X, 3; W. B. Emery, 'Great tombs of the First Dynasty; excavations at Sakkara' II' (London, 1954), 56-9 and pl.XXIX, 233F; W. B. Emery, 'Great tombs of the First Dynasty; excavations at Sakkara' III (London, 1958), 84, nos. 37-8; Compare Z. Y. Saad, 'The excavations at Helwan art and civilization in the first and second Egyptian dynasties' (Norman, 1969) pl.XXXVIa; A. Scharff, ‘Die Altertümer der Vor – und Frühzeit Ägyptens’ II (Berlin, 1929-31), nos. 275-6 and pl.33. 
Bibliography:
A. F. Shore, 'British Museum Quarterly' 26 (London, 1962-3), 89 and pl. XXXIIIc;
P. Kaplony, 'Die Inschriften der Ägyptischen Frühzeit’, supplement, (Wiesbaden, 1964), 28-9 and abb. 1050B.",Spencer 1980 / Early Dynastic Objects,"On display (Room 64 - Early Egypt, Display Case 10)",,Named in inscription: Aha,Purchased from: Spink & Son Ltd,,1959,,,Egypt and Sudan,EA65835,"1959,1212.36",
https://media.britishmuseum.org/media/Repository/Documents/2014_10/6_13/95587bd2_da40_4f75_b160_a3bc00e01917/preview_00419961_001.jpg,game-piece (object name),No: Optional[EA73985],"Tall hippopotamus ivory game-piece of circular shape with smooth surfaces and a convex top, from which a small boss has been broken.; ",,1st Dynasty,3000BC,Found/Acquired: Egypt,hippopotamus ivory,,3.70 centimetres;  5.50 centimetres; ,,,Neumark 1992 / Selected Acquisitions,Not on display,,,Purchased from: Charles Ede Ltd,,1991,,,Egypt and Sudan,EA73985,"1991,1125.1",
https://media.britishmuseum.org/media/Repository/Documents/2014_9/30_14/25586cd4_15ff_4978_a96f_a3b600ee9950/preview_00014418_001.jpg,game-piece (object name),No: Optional[EA66852],A spherical marble of white limestone: bearing the incised serekh of Djet. Used in the game mḥn.; ,,1st Dynasty,,Found/Acquired: Egypt,limestone,incised,1.60 centimetres; ,Inscription type: inscription Inscription position: front surface Inscription script: hieroglyphic Inscription translation: Djet Inscription note: Incised.; ,"For similar inscribed marbles, see P. Kaplony, 'Die Inschriften der Ägyptischen Frühzeit’, supplement, (Wiesbaden, 1964), 28-30 and abb. 1050 C, 1051-2; P. Kaplony, 'Mitteilungen der Deutschen Archäologischen Instituts Abteilung Kairo' 20 (Wiesbaden, 1965), 6-7; P. Kaplony ‘Beschriftete Kleinfunde in der Sammlung Georges Michailidis Ergebnisse einer Bestandsaufnahme im Sommer 1968’ (Istanbul, 1973), nos. 5-20 (the antiquity of some of the inscriptions on these objects is doubtful).
For uninscribed marbles, see W. M. F. Petrie, 'Gizeh and Rifeh' (Warminster, 1977, pl.IV; W. M. F. Petrie, 'Tombs of the courtiers and Oxyrhynkos' (London, 1925), pl.VII, 6; T. E. Peet in E. Naville (ed.), ‘The cemeteries of Abydos’ II (London, 1913), pl.X, 3; W. B. Emery, 'Great tombs of the First Dynasty; excavations at Sakkara' II' (London, 1954), 56-9 and pl.XXIX, 233F; W. B. Emery, 'Great tombs of the First Dynasty; excavations at Sakkara' III (London, 1958), 84, nos. 37-8; Compare Z. Y. Saad, 'The excavations at Helwan art and civilization in the first and second Egyptian dynasties' (Norman, 1969) pl.XXXVIa; A. Scharff, ‘Die Altertümer der Vor – und Frühzeit Ägyptens’ II (Berlin, 1929-31), nos. 275-6 and pl.33. 
Bibliography:
P. Kaplony, 'Mitteilungen der Deutschen Archäologischen Instituts Abteilung Kairo' 20 (Wiesbaden, 1965), 6.",Spencer 1980 / Early Dynastic Objects,"On display (Room 64 - Early Egypt, Display Case 10)",,Named in inscription: Djet,Donated by: Cyril Aldred,,1966,,,Egypt and Sudan,EA66852,"1966,1010.2",
https://media.britishmuseum.org/media/Repository/Documents/2014_9/30_14/25586cd4_15ff_4978_a96f_a3b600ee9950/preview_00014418_001.jpg,game-piece (object name),No: Optional[EA66851],"A spherical marble of grey crystalline limestone, bearing the incised serekh of Anedjib. Used in the game mḥn.; ",,1st Dynasty,,Found/Acquired: Egypt,limestone,incised,1.70 centimetres; ,Inscription type: inscription Inscription position: front surface Inscription script: hieroglyphic Inscription translation: Anedjib Inscription note: Incised; ,"For similar inscribed marbles, see P. Kaplony, 'Die Inschriften der Ägyptischen Frühzeit’, supplement, (Wiesbaden, 1964), 28-30 and abb. 1050 C, 1051-2; P. Kaplony, 'Mitteilungen der Deutschen Archäologischen Instituts Abteilung Kairo' 20 (Wiesbaden, 1965), 6-7; P. Kaplony ‘Beschriftete Kleinfunde in der Sammlung Georges Michailidis Ergebnisse einer Bestandsaufnahme im Sommer 1968’ (Istanbul, 1973), nos. 5-20 (the antiquity of some of the inscriptions on these objects is doubtful).
For uninscribed marbles, see W. M. F. Petrie, 'Gizeh and Rifeh' (Warminster, 1977, pl.IV; W. M. F. Petrie, 'Tombs of the courtiers and Oxyrhynkos' (London, 1925), pl.VII, 6; T. E. Peet in E. Naville (ed.), ‘The cemeteries of Abydos’ II (London, 1913), pl.X, 3; W. B. Emery, 'Great tombs of the First Dynasty; excavations at Sakkara' II' (London, 1954), 56-9 and pl.XXIX, 233F; W. B. Emery, 'Great tombs of the First Dynasty; excavations at Sakkara' III (London, 1958), 84, nos. 37-8; Compare Z. Y. Saad, 'The excavations at Helwan art and civilization in the first and second Egyptian dynasties' (Norman, 1969) pl.XXXVIa; A. Scharff, ‘Die Altertümer der Vor – und Frühzeit Ägyptens’ II (Berlin, 1929-31), nos. 275-6 and pl.33. 
Bibliography:
P. Kaplony, 'Mitteilungen der Deutschen Archäologischen Instituts Abteilung Kairo' 20 (Wiesbaden, 1965), 6.",Spencer 1980 / Early Dynastic Objects,"On display (Room 64 - Early Egypt, Display Case 10)",,Named in inscription: Anedjib,Donated by: Cyril Aldred,,1966,,,Egypt and Sudan,EA66851,"1966,1010.1",
https://media.britishmuseum.org/media/Repository/Documents/2014_9/30_14/25586cd4_15ff_4978_a96f_a3b600ee9950/preview_00014418_001.jpg,game-piece (object name),No: Optional[EA65834],"A spherical marble of yellow limestone, bearing the incised serekh of Aḥa. Intended for use in playing the game mḥn.; ",,1st Dynasty,,Found/Acquired: Egypt,limestone,incised,1.55 centimetres; ,Inscription type: inscription Inscription position: front surface Inscription script: hieroglyphic Inscription translation: Aḥa Inscription note: Incised.; ,"For similar inscribed marbles, see P. Kaplony, 'Die Inschriften der Ägyptischen Frühzeit’, supplement, (Wiesbaden, 1964), 28-30 and abb. 1050 C, 1051-2; P. Kaplony, 'Mitteilungen der Deutschen Archäologischen Instituts Abteilung Kairo' 20 (Wiesbaden, 1965), 6-7; P. Kaplony ‘Beschriftete Kleinfunde in der Sammlung Georges Michailidis Ergebnisse einer Bestandsaufnahme im Sommer 1968’ (Istanbul, 1973), nos. 5-20 (the antiquity of some of the inscriptions on these objects is doubtful).
For uninscribed marbles, see W. M. F. Petrie, 'Gizeh and Rifeh' (Warminster, 1977, pl.IV; W. M. F. Petrie, 'Tombs of the courtiers and Oxyrhynkos' (London, 1925), pl.VII, 6; T. E. Peet in E. Naville (ed.), ‘The cemeteries of Abydos’ II (London, 1913), pl.X, 3; W. B. Emery, 'Great tombs of the First Dynasty; excavations at Sakkara' II' (London, 1954), 56-9 and pl.XXIX, 233F; W. B. Emery, 'Great tombs of the First Dynasty; excavations at Sakkara' III (London, 1958), 84, nos. 37-8; Compare Z. Y. Saad, 'The excavations at Helwan art and civilization in the first and second Egyptian dynasties' (Norman, 1969) pl.XXXVIa; A. Scharff, ‘Die Altertümer der Vor – und Frühzeit Ägyptens’ II (Berlin, 1929-31), nos. 275-6 and pl.33. 
Bibliography:
A. F. Shore, 'British Museum Quarterly' 26 (London, 1962-3), 89 and pl. XXXIIIc;
P. Kaplony, 'Die Inschriften der Ägyptischen Frühzeit’, supplement, (Wiesbaden, 1964), 28-9 and abb. 1050A.",Spencer 1980 / Early Dynastic Objects,"On display (Room 64 - Early Egypt, Display Case 10)",,Named in inscription: Aha,Purchased from: Spink & Son Ltd,,1959,,,Egypt and Sudan,EA65834,"1959,1212.35",
https://media.britishmuseum.org/media/Repository/Documents/2014_11/10_7/bbc43a27_b54a_4e80_a05e_a3df0075fbeb/preview_01490987_001.jpg,gaming-piece (object name),No: Optional[EA64093],"A finely carved figure of a crouching lion in ivory: intended as a gaming piece. The details of the face, mane and legs have been carefully delineated. The carving is well preserved and is on a small scale. The mouth has been hollowed out to a great extent. Only the canine teeth are shown. Through the belly of the figure there is a hole from one side to the other, 0.2cm in diameter.; ",,1st Dynasty,,Found/Acquired: Egypt,ivory,pierced; carved,2.10 centimetres;  4.60 centimetres;  1.50 centimetres; ,,"For examples of similar Early Dynastic objects, see U. Schweitzer, 'Löwe und Sphinx in Alten Ägypten' (1948), 12—3; W. M. F. Petrie, 'Royal Tombs of the Earliest Dynasties' II, pl. VI. 3; W. M. F. Petrie, 'Abydos' II (London, 1902), pl. III, 23—9: W. M. F. Petrie, 'Tombs of the courtiers and Oxyrhynkos' (London, 1925), pl. VII, 1—5, 13; T. E. Peet in E. Naville (ed.) 'Cemeteries of Abydos' II (London, 1913), pl. X, 1;  J. de Morgan, ‘Recherches sur les Origines de l’Égypte II (Paris, 1896-7), 192. fig. 699; J. E. Quibell, ‘Archaic Objects’ (Cairo, 1905), no. 14040: P. Montet, 'Kêmi' 8 (1946). pls.VII—VIII; W. B. Emery, 'Great tombs of the First Dynasty; excavations at Sakkara' II' (London, 1954), 58 and pl. XXIX, 233C; Z. Y. Saad, 'The excavations at Helwan art and civilization in the first and second Egyptian dynasties' (Norman, 1969), pl.49; A. Scharif, 'Abusir-el-Meleq' I, p1.39 (439); A. Scarff, 'Die Altertümer der Vor- und Frühzeit' II (Berlin, 1929-31), no. 11  and pl.17; E. Amélineau, ‘Les Nouvelles Fouilles d’Abydos’ I, (1895-6), pl.XXXI; W. C. Hayes, 'The scepter of Egypt : a background for the study of the Egyptian antiquities in the Metropolitan Museum of Art' I (Cambridge, Mass,  1953), 45, fig. 35; G. Dreyer, 'Mitteilungen der Deutschen Archäologischen Instituts Abteilung Kairo' 32 (Wiesbaden, 1976), 86, VIII (b) and pl. 25d.
Bibliography:
S. Smith, 'British Museum Quarterly' 13 (1938-9), 45-6 and pl.XXV, b-c; 
H. R. Hall and P.E. Newberry, 'Burlington Fine Arts Club Exhibition Catalogue, 1922', 4, no. 18 and pl. LIII; 
U. Schweitzer, 'Löwe und Sphinx in Alten Ägypten' (1948), 13.",Spencer 1980 / Early Dynastic Objects,"On display (Room 64 - Early Egypt, Display Case 10)",,,Donated by: Alec Rea;  Donated by: Mrs Alec Rea,,1938,"Alec Rea is son of Russell Rea, who bequeathed 51 pieces to the collection",,Egypt and Sudan,EA64093,"1938,1025.1",
https://media.britishmuseum.org/media/Repository/Documents/2014_10/4_14/0e08d223_89c6_49c1_989d_a3ba00ec6498/preview_00236511_001.jpg,gaming-piece (object name),No: Optional[EA30798],"Forty-nine marbles: mostly spherical, but including a few which are pear-shaped. The marbles are made of various materials, the number of each being: porphyry 15, limestone 21, breccia 4, quartz 9. Five of the quartz marbles have three white veins running through the stone, which has been deliberately cut so that the veins are in the centre of the marble, no doubt as a decorative effect.; ",,1st Dynasty,,Found/Acquired: Egypt,porphyry; breccia; quartz; limestone,cut,4.00 centimetres;  11.50 centimetres;  17.50 centimetres; ,,"The majority of parallels for uninscribed marbles are Early Dynastic, although marbles of the same type occur in Predynastic graves; see E. R. Ayrton & W. L. S. Loat, 'Pre-dynastic cemetery at El Mahasna' (London, 1911), pl.XVIII, 1'. The British Museum marbles are said to have been found together with the stone bowl, also numbered 30798 (28). This form of vessel is undoubtedly to be dated to the First Dynasty, and most probably to the earlier part of that period. For similar Early Dynastic marbles, see W. M. F. Petrie, 'Gizeh and Rifeh' (Warminster, 1977, pl.IV; W. M. F. Petrie, 'Tombs of the courtiers and Oxyrhynkos' (London, 1925), pl.VII, 6; T. E. Peet in E. Naville (ed.), ‘The cemeteries of Abydos’ II (London, 1913), pl.X, 3; W. B. Emery, 'Great tombs of the First Dynasty; excavations at Sakkara' II' (London, 1954), 56-9 and pl.XXIX, 233F; W. B. Emery, 'Great tombs of the First Dynasty; excavations at Sakkara' III (London, 1958), 84, nos. 37-8; Compare Z. Y. Saad, 'The excavations at Helwan art and civilization in the first and second Egyptian dynasties' (Norman, 1969) pl.XXXVIa; A. Scharff, ‘Die Altertümer der Vor – und Frühzeit Ägyptens’ II (Berlin, 1929-31), nos. 275-6 and pl.33.
For inscribed marbles, see P. Kaplony, 'Die Inschriften der Ägyptischen Frühzeit’, supplement, (Wiesbaden, 1964), 28-30 and abb. 1050 C, 1051-2; P. Kaplony, 'Mitteilungen der Deutschen Archäologischen Instituts Abteilung Kairo' 20 (Wiesbaden, 1965), 6-7; P. Kaplony ‘Beschriftete Kleinfunde in der Sammlung Georges Michailidis Ergebnisse einer Bestandsaufnahme im Sommer 1968’ (Istanbul, 1973), nos. 5-20 (the antiquity of some of the inscriptions on these objects is doubtful).",Spencer 1980 / Early Dynastic Objects,"On display (Room 64 - Early Egypt, Display Case 10)",,,Purchased from: R J Moss & Co,,1899,,,Egypt and Sudan,EA30798,"1899,0708.76",
https://media.britishmuseum.org/media/Repository/Documents/2014_10/3_21/8f99a97b_ab5e_41dc_9e3b_a3b9015fb78a/preview_00229080_001.jpg,hammer (object name),No: Optional[EA68121],"Piece of unworked flint: of irregular shape, covered with white crust. Perhaps a hammer.; ",Qaa,1st Dynasty,,Excavated/Findspot: Saqqara (Memphis),flint,,15.50 centimetres max ;  9.70 centimetres max ; ,,,Spencer 1980 / Early Dynastic Objects,Not on display,,,Donated by: Egypt Exploration Society,Excavated by: Prof Walter B Emery,1971,,,Egypt and Sudan,EA68121,"1971,0227.55",
https://media.britishmuseum.org/media/Repository/Documents/2014_10/3_21/5270df68_15bb_4871_81b0_a3b90160597a/preview_00229293_001.jpg,hoe (object name),No: Optional[EA68791],"Bifacially-worked flint hoe: of triangular form, with a straight cutting edge. There is a small patch of brown crust at the butt, and the surfaces show signs of having been reworked. Roughly chipped.; ",,1st Dynasty,,Excavated/Findspot: Qaw el-Kebir,flint,flaked,20.20 centimetres max ;  10.80 centimetres max ; ,,"Bibliography:
G. Brunton, 'Qau and Badari' I (London, 1927), 14 and pl.XXII, left.",Spencer 1980 / Early Dynastic Objects,Not on display,,,"Donated by: British School of Archaeology, Egypt",,1924,,,Egypt and Sudan,EA68791,"1924,1006.1",
https://media.britishmuseum.org/media/Repository/Documents/2014_10/3_21/9bbfe6a8_2998_462c_a81c_a3b901606599/preview_00229298_001.jpg,hoe (object name),No: Optional[EA68792],"Bifacial flint hoe: of triangular form, with a straight cutting edge. The cutting edge is worn and polished as a result of use, and the corners have been broken away.; ",,1st Dynasty,,Excavated/Findspot: Qaw el-Kebir,flint,polished,18.60 centimetres max ;  8.50 centimetres max ; ,,"Bibliography:
G. Brunton, 'Qau and Badari' I (London, 1927), 14 and pl.XXII, right.",Spencer 1980 / Early Dynastic Objects,Not on display,,,"Donated by: British School of Archaeology, Egypt",,1924,,,Egypt and Sudan,EA68792,"1924,1006.2",
,jar (object name),No: Optional[EA29307],Spheroidal vase of black and white porphyry: with a flat base and two pierced tubular handles. The narrow mouth is surrounded by a flat-topped rim with a rounded outer edge.; ,,1st Dynasty,,Found/Acquired: Egypt,porphyry,pierced,8.80 centimetres base ;  11.20 centimetres rim ;  9.20 centimetres;  16.00 centimetres; ,,"Bibliography:
A. Roveri and F. Tiradritte [eds.], 'Kemet: Alle Sorgenti del Tempo' (Ravenna 1998), p.287 [207-208].",Spencer 1980 / Early Dynastic Objects,Not on display,,,Purchased from: R J Moss & Co,,1897,,,Egypt and Sudan,EA29307,"1897,0511.23",
https://media.britishmuseum.org/media/Repository/Documents/2014_11/5_16/382eecaa_cd33_42b7_9886_a3da010976ee/preview_01213539_001.jpg,jar (object name),No: Optional[EA35548],"Vase of red pottery: originally polished on the exterior, but largely blackened by burning. The vase has a flat base, from which the sides expand to form a wide body, then converge again to a narrow neck. The rim is slightly broken. Within the vase are remains of the original contents. Cracked in places.; ",,Levantine; 1st Dynasty,,Excavated/Findspot: Tomb of Djer,pottery,polished,6.80 centimetres base ;  16.20 centimetres max ;  32.00 centimetres; ,,"Bibliography:
W. M. F. Petrie, 'Abydos' I (London, 1902), 6, pl. VIII, 3 (probably).",Spencer 1980 / Early Dynastic Objects,"On display (Room 64 - Early Egypt, Display Case 10)",,,Donated by: Egypt Exploration Fund,Excavated by: Egypt Exploration Fund,1901,,,Egypt and Sudan,EA35548,"1901,1012.48",
https://media.britishmuseum.org/media/Repository/Documents/2014_11/5_16/45521afb_a764_465c_bc04_a3da0110a9eb/preview_01215873_001.jpg,jar (object name); model (object name),No: Optional[EA32678],Model cylinder jar of limestone: with a roughly shaped rim and concave sides. Hollowing is restricted to a slight depression in the top. The exterior is decorated with specks of black paint.; ,,1st Dynasty,,Excavated/Findspot: Tomb of Qaa,limestone,painted,5.50 centimetres base ;  7.40 centimetres rim ;  5.40 centimetres; ,,"Bibliography:
W. M. F. Petrie, 'Royal Tombs of the Earliest Dynasties' I, 15, 28, pl.XXXVIII, 5-6.",Spencer 1980 / Early Dynastic Objects,"On display (Room 64 - Early Egypt, Display Case 10)",,,Donated by: Egypt Exploration Fund,Excavated by: Egypt Exploration Fund,1900,,,Egypt and Sudan,EA32678,"1900,1015.40",
https://media.britishmuseum.org/media/Repository/Documents/2016_8/15_11/5ffcaaf2_a9c4_4c3a_b31f_a66300bbc89c/preview_49067.jpg,jar (object name),No: Optional[EA49067],"Small shouldered jar of grey sandy marl pottery, with a flat base and a raised narrow neck with  external roll-rim. Surface worn.; ",,1st Dynasty; Early Dynastic,,"Found/Acquired: Mahasna, el-",pottery,,2.20 centimetres base ;  3.40 centimetres rim ;  6.00 centimetres;  7.00 centimetres; ,,"Type as E. R. Ayrton & W. L. S. Loat, 'Pre-dynastic cemetery at El Mahasna' (London, 1911), pl. XXXVIII, 53o.
Illegible marking on side.",Spencer 1980 / Early Dynastic Objects,Not on display,,,Donated by: Egypt Exploration Fund,Excavated by: Egypt Exploration Fund,1909,,,Egypt and Sudan,EA49067,"1909,0804.66",
https://media.britishmuseum.org/media/Repository/Documents/2014_9/29_17/75a64f65_f6ee_4a41_9b0b_a3b50120781c/preview_00149163_001.jpg,jar-sealing (object name); jar (object name),No: Optional[EA35790],"A conical jar-seal: of brown clay, bearing five impressed inscriptions. The surface of the seal is in poor condition, and a pottery lid adheres to the base.; ",,1st Dynasty,,Excavated/Findspot: Tomb of Anedjib,clay; pottery,impressed,21.00 centimetres base ;  30.50 centimetres; ,"Inscription type: inscription Inscription script: hieroglyphic Inscription transliteration: ḫrp ḥrỉ-ỉb Inscription translation: The name Anedjib accompanied by official title (transliterated). Inscription note: Two impressions.; Inscription type: inscription Inscription script: hieroglyphic Inscription transliteration: ḫrp ḥrỉ-ỉb    ‘nḏ-mr Inscription translation: The name Sabu accompanied by official titles (transliterated). Inscription note: Two impressions.; Inscription type: inscription Inscription script: hieroglyphic Inscription translation: The name Anedjib and the name of a vineyard. Also contains a group of signs reading pr dšr, and two other isgns of uncertain reading. Inscription note: One impression. Kaplony takes these uncertain signs to read tpỉ-tm, as a title, P. Kaplony, 'Die Inschriften der Ägyptischen Frühzeit II (Wiesbaden, 1964), 792, n.676; 815, n.808; 922, n.1580; 1052, n.1787; 1121.; ","Bibliography:
W. M. F. Petrie, 'Royal Tombs of the Earliest Dynasties' I, pl.XXVII, 66, 68, 70; 
P. Kaplony, 'Die Inschriften der Ägyptischen Frühzeit III (Wiesbaden, 1964), pls.31, abb.94; 59, abb. 213; 73, abb. 274; see also vols. I, 137 and II, 814, n.789; 1105, 1121, 1129.
'Sacred Food' (Barcelona, 2001), p. 189 [57].",Spencer 1980 / Early Dynastic Objects,Not on display,,Named in inscription: Anedjib;  Named in inscription: Sabu,Donated by: Egypt Exploration Fund,Excavated by: Egypt Exploration Fund,1900,,,Egypt and Sudan,EA35790,.35790,
https://media.britishmuseum.org/media/Repository/Documents/2014_10/3_17/0541f67f_b39d_45a0_a293_a3b90123a07b/preview_00212958_001.jpg,jar-sealing (object name); jar (object name),No: Optional[EA35521],A conical jar-seal of brown clay: with the pottery lid and part of the neck of the jar adhering to the base. The seal bears four impressed inscriptions. The surface of the clay is fragile and rather powdery.; ,,1st Dynasty,,Excavated/Findspot: Tomb of Aha,clay; pottery,,30.50 centimetres base ;  28.00 centimetres; ,"Inscription type: inscription Inscription script: hieroglyphic Inscription translation: Aḥa Inscription note: Impressed.  Four impressions, two of which show the repeated name of Aḥa, whilst the other two have a design of animal figures. The latter are only visible as faint traces.; ","Bibliography: 
W. M. F. Petrie, 'Royal Tombs of the Earliest Dynasties' II, pl.XIV, 97, 104; 
H. R. Hall, 'Catalogue of Egyptian scarabs etc. in the British Museum: Volume 1 : Royal scarabs' (London, 1913), 286, no. 2751;
P. Kaplony, 'Die Inschriften der Ägyptischen Frühzeit III (Wiesbaden, 1963), pl.12, abb. 27F and pl.25, abb. 56; see also vols. I, 63; II, 718, n.194; 723. n. 226; I095. 1101;
B. Porter & R. Moss, 'Topographical Bibliography of Ancient Egyptian Hieroglyphic Texts, Reliefs and Paintings' V (Oxford: Clarendon Press), 88.",Spencer 1980 / Early Dynastic Objects,Not on display,,Named in inscription: Aha,Donated by: Egypt Exploration Fund,Excavated by: Egypt Exploration Fund,1901,,,Egypt and Sudan,EA35521,"1901,1012.21",
,jar (object name),No: Optional[EA35547],"A slender, shouldered vase: with a pointed base, completely blackened by burning and containing the burnt remains of the original contents. The convex sides expand from the base to the shoulder, then begin to converge to the top, but the upper part of the vase is missing.; ",,1st Dynasty,,Excavated/Findspot: Tomb of Djer,pottery,,15.50 centimetres maximum ;  27.40 centimetres; ,,"Bibliography:
W. M. F. Petrie, 'Abydos' I (London, 1902), 6, pl. VIII, 13;
W. M. F. Petrie, 'Royal Tombs of the Earliest Dynasties' II, 9, 46.",Spencer 1980 / Early Dynastic Objects,Not on display,,,Donated by: Egypt Exploration Fund,Excavated by: Egypt Exploration Fund,1901,,,Egypt and Sudan,EA35547,"1901,1012.47",
https://media.britishmuseum.org/media/Repository/Documents/2014_9/29_21/f6bc6f32_20df_472a_8f5d_a3b5015ef964/preview_00170046_001.jpg,jar (object name),No: Optional[EA35508],"Cylinder jar of dull red pottery: with the remains of a pale cream slip. The jar has an external roll-rim, part of which is missing, and an incised line of decoration around the neck. On the side of the jar is an inscription in black ink.; ",,Late Predynastic; 1st Dynasty,,Excavated/Findspot: Abydos,pottery,incised,10.50 centimetres base ;  12.40 centimetres rim ;  27.00 centimetres;  12.00 centimetres max ; ,"Inscription type: inscription Inscription position: side Inscription script: hieroglyphic Inscription translation: Ka, together with a group of signs of uncertain meaning, probably to be read ỉp-šm‘. Inscription note: In black ink.  This inscription, with others of similar type, has been interpreted as a form of official mark or registration. See P. Kaplony, 'Die Inschriften der Ägyptischen Frühzeit I (Wiesbaden, 1963), 293-7. For similar inscribed vessels of Ka, see W. M. F. Petrie, 'Abydos' I (London, 1902), pls.I-III; A. Scharff, ‘Die Altertümer der Vor – und Frühzeit Ägyptens I (Berlin, 1929-31), no. 326: also the examples cited by P. Kaplony, 'Die Inschriften der Ägyptischen Frühzeit II (Wiesbaden, 1964), 995-6, n. 1588.; ","The inscription mentions ‘accounts from Upper Egypt’ in addition to the name of Sekhen/Ka, a Predynastic king who ruled over Upper Egypt just before the first unification of Egypt’s regions into one state. It is the oldest Egyptian inscription in the British Museum.
The correct reading of this king's name is debated. This jar is one of a number of inscriptions on vessels which bear a similar serekh with the 'ka' arms inside. Some are written with the upright 'ka' sign, whilst others bear an upside-down version, interpreted as 'sekhen' ('to embrace').
Published in:
Regulski, I. (ed.), 2022. Hieroglyphs: unlocking ancient Egypt, pp. 168-9; Bibliography:
W. M. F. Petrie, 'Abydos' I (London, 1902), pl. II, 15;
E. A. Wallis Budge 'A Guide to the Fourth, Fifth and Sixth Egyptian Rooms, and the Coptic Room' (London, 1922), 248 (right);
Musée de la Vielle Charité, 'L’Egypte des millénaires obscurs' (Marseilles, 1990), pp. 92, 105 [416];
A. Roveri and F. Tiradritte [eds.], 'Kemet: Alle Sorgenti del Tempo' (Ravenna, 1998), p.37 [4].",Spencer 1980 / Early Dynastic Objects; Quirke 1990 / Who were the Pharaohs? A History of their Names with a List of Cartouches,"On display (Room 64 - Early Egypt, Display Case 9)",,Named in inscription: Ka,Donated by: Egypt Exploration Fund,Excavated by: Egypt Exploration Fund,1901,,,Egypt and Sudan,EA35508,"1901,1012.8",
https://media.britishmuseum.org/media/Repository/Documents/2014_11/5_14/1a098b33_e27d_4fbe_a612_a3da00edb2e3/preview_01210685_001.jpg,jar (object name),No: Optional[EA29314],Red breccia spheroidal jar.; ,,Late Predynastic; 1st Dynasty,,Found/Acquired: Egypt,breccia,,5.00 centimetres; ,,,,"On display (Room 64 - Early Egypt, Display Case 3)",,,Purchased from: R J Moss & Co,,1897,,,Egypt and Sudan,EA29314,"1897,0511.30",
https://media.britishmuseum.org/media/Repository/Documents/2017_6/5_14/ec74c88a_1956_4b69_9bef_a78900f01a74/preview_27717.jpg,jar (object name),No: Optional[EA27717],"Vase of marl pottery with a flat base, barrel-shaped body and narrow neck, terminating in a strong externally rolled-over rim. The working of the rim is rather rough and irregular, with warping of body during manufacture. Possibly coated with red wash.; ",,Late Predynastic; 1st Dynasty,,Found/Acquired: Egypt,pottery,,6.80 centimetres base ;  14.10 centimetres max ;  7.70 centimetres rim ;  18.40 centimetres; ,,Like Late Ware L53H in Petrie’s Corpus of Prehistoric Pottery (1921).,Spencer 1980 / Early Dynastic Objects,Not on display,,,Donated by: Walter Myers,,1886,,,Egypt and Sudan,EA27717,"1886,0830.134",
https://media.britishmuseum.org/media/Repository/Documents/2014_11/5_14/2f1133fb_877b_494d_8798_a3da00ed9e86/preview_01210718_001.jpg,jar (object name),No: Optional[EA35302],Pink variegated limestone spheroidal jar; tubular handles.; ,,Late Predynastic; 1st Dynasty,,Found/Acquired: Egypt,limestone,,16.50 centimetres; ,,,,Not on display,,,Purchased from: R J Moss & Co,,1901,,,Egypt and Sudan,EA35302,"1901,0608.34",
,jar (object name),No: Optional[EA36331],"Squat red breccia jar: with a rounded base and two pierced tubular handles. The narrow mouth is surrounded by a raised, flat-topped rim, slightly broken in one place on its outer edge. Interior fairly well hollowed.; ",,1st Dynasty; 2nd Dynasty,,Found/Acquired: Egypt,breccia,pierced,26.20 centimetres rim ;  29.40 centimetres; ,,,Spencer 1980 / Early Dynastic Objects,Not on display,,,Purchased through: Rev Chauncey Murch;  Purchased from: Mohammed Mohassib,,1902,,,Egypt and Sudan,EA36331,"1902,0412.31",
https://media.britishmuseum.org/media/Repository/Documents/2014_11/5_14/407133b8_b084_416a_9089_a3da00ede975/preview_01210710_001.jpg,jar (object name),No: Optional[EA32154],Red breccia spheroidal jar; two pierced tubular handles.; ,,Late Predynastic; 1st Dynasty,,Found/Acquired: Egypt,breccia,,8.20 centimetres; ,,,,Not on display,,,Purchased from: R J Moss & Co,,1899,,,Egypt and Sudan,EA32154,"1899,1016.1167",
,jar (object name),No: Optional[EA55287],Part of the neck of a vase of pale brown pottery: with the remains of a red slip on the exterior surface. A small section of the handle of the vase extends from the edge of the rim. Good condition.; ,,1st Dynasty; Levantine,,Excavated/Findspot: Tomb of Semerkhet,pottery,slipped,5.60 centimetres rim ;  5.40 centimetres max ;  7.50 centimetres max ;  5.50 centimetres max ; ,,"Although registered as coming from the tomb of Semerkhet, this sherd bears the excavation mark T, probably indicating their true provenance as the tomb of Den.",Spencer 1980 / Early Dynastic Objects,Not on display,,,Donated by: Egypt Exploration Fund,Excavated by: Egypt Exploration Fund,1900,,,Egypt and Sudan,EA55287,"1900,1030.2",
https://media.britishmuseum.org/media/Repository/Documents/2014_11/5_14/bf6c3ca3_14e3_4424_9feb_a3da00ede2c4/preview_01210707_001.jpg,jar (object name),No: Optional[EA32145],Cylinder jar carved from animal bone.; ,,Late Predynastic; 1st Dynasty,,Found/Acquired: Egypt,bone,,6.60 centimetres;  13.30 centimetres; ,,,,Not on display,,,Purchased from: R J Moss & Co,,1899,,,Egypt and Sudan,EA32145,"1899,1016.1158",
https://media.britishmuseum.org/media/Repository/Documents/2026_7/20_13/4aec73c6_0fc7_4619_92eb_b48d00e2c3d5/preview_EA55286.jpg,jar (object name),No: Optional[EA55286],The neck of a vase of dull red pottery: slightly chipped at the edge but otherwise in a good state of preservation.; ,,1st Dynasty,,Excavated/Findspot: Tomb of Semerkhet,pottery,,9.00 centimetres max ;  7.70 centimetres max ; ,,"Although registered as coming from the tomb of Semerkhet, this sherd bears the excavation mark T, probably indicating their true provenance as the tomb of Den.",Spencer 1980 / Early Dynastic Objects,Not on display,,,Donated by: Egypt Exploration Fund,Excavated by: Egypt Exploration Fund,1900,,,Egypt and Sudan,EA55286,"1900,1030.1",
https://media.britishmuseum.org/media/Repository/Documents/2014_10/3_17/64c3a760_6fe8_4ced_91ca_a3b9011d2a5b/00211259_001.jpg,jar (object name),No: Optional[EA32686],"Part of the rim and shoulder of a tall jar: of brown pottery, with the remains of an incised inscription on the exterior. Good condition.; ",,1st Dynasty,,Excavated/Findspot: Tomb of Semerkhet,pottery,incised,34.50 centimetres max ;  1745.00 grammes;  25.80 centimetres max ;  12.30 centimetres; ,"Inscription type: inscription Inscription position: exterior Inscription script: hieroglyphic Inscription note: Incised. The inscription names a royal vineyard of Semerkhet. The signs are roughly formed. The copy of this inscription given by Petrie seems to have been made from two joined sherds, but only one piece came to the Museum.; ","Bibliography:
W. M. F. Petrie, 'Abydos' I (London, 1902), pl.XLV, 46;
A. Roveri and F. Tiradritte [eds.], 'Kemet: Alle Sorgenti del Tempo' (Ravenna, 1998), p.230 [191].",Spencer 1980 / Early Dynastic Objects,Not on display,,Named in inscription: Semerkhet,Donated by: Egypt Exploration Fund,Excavated by: Egypt Exploration Fund,1900,,,Egypt and Sudan,EA32686,"1900,1015.53",
https://media.britishmuseum.org/media/Repository/Documents/2014_11/5_14/88cb5804_5514_46fd_9341_a3da00eda0bc/preview_01210719_001.jpg,jar (object name),No: Optional[EA35304],Andesite porphyry spheroidal jar; two pierced tubular handles.; ,,Late Predynastic; 1st Dynasty,,Found/Acquired: Egypt,porphyry,pierced,14.00 centimetres; ,,"Nicholson and Shaw, Ancient Egyptian Materials and Technology (Cambridge 2000), p. 48 fig. 2.21",,"On display (Room 64 - Early Egypt, Display Case 12)",,,Purchased from: R J Moss & Co,,1901,,,Egypt and Sudan,EA35304,"1901,0608.36",
https://media.britishmuseum.org/media/Repository/Documents/2014_11/5_14/b9d98280_6091_4350_901c_a3da00ed9c91/preview_01210717_001.jpg,jar (object name),No: Optional[EA35298],Andesite porphyry jar; two pierced tubular handles.; ,,Late Predynastic; 1st Dynasty,,Found/Acquired: Egypt,porphyry,pierced,15.80 centimetres; ,,,,"On display (Room 64 - Early Egypt, Display Case 12)",,,Purchased from: R J Moss & Co,,1901,,,Egypt and Sudan,EA35298,"1901,0608.30",
https://media.britishmuseum.org/media/Repository/Documents/2016_7/11_11/99f2db65_2893_4e2f_a546_a64000bd3e45/preview_42095.jpg,jar (object name),No: Optional[EA42095],"Hand-made jar of rough straw tempered pottery, tapering from the shoulder to a pointed base. The sides turn inwards to a raised external lip. Good condition.; ",,1st Dynasty; Early Dynastic,,Excavated/Findspot: Kom el-Ahmar (Hierakonpolis),pottery,handmade,13.50 centimetres max ;  11.00 centimetres rim ;  25.00 centimetres; ,,"This vase is from Garstang’s excavations in the Fort Cemetery at Hierakonpolis, but was not found within a grave and is marked only with F (for Fort) on the exterior. For publication of the surviving records of Garstang’s excavations see B. Adams, The Fort Cemetery at Hierakonpolis, London (1987).
	Like 66b in Petrie’s Corpus of Proto-dynastic pottery (1953).",Spencer 1980 / Early Dynastic Objects,Not on display,,,Donated by: F G Hilton Price,Excavated by: Prof John Garstang,1905,,,Egypt and Sudan,EA42095,"1905,1209.17",
https://media.britishmuseum.org/media/Repository/Documents/2014_11/5_14/6831253b_21a8_47bb_a075_a3da00f0720c/preview_01211628_001.jpg,jar (object name),No: Optional[EA59025],"Spheroidal vase of black and white porphyry, of a high shouldered form with two tubular handles. The vase stands on a flat base and the rim is broad with a flat top. Part of the edge of the rim is missing. Interior completely hollowed.; ",,1st Dynasty,,Found/Acquired: Egypt,porphyry,,9.00 centimetres base ;  12.00 centimetres rim ;  12.00 centimetres; ,,"Bibliography:
H. R. Hall, 'British Museum Quarterly' 3 (1928), pl. vb, lower right.",Spencer 1980 / Early Dynastic Objects,Not on display,,,Purchased from: Denis P Kyticas,,1928,,,Egypt and Sudan,EA59025,"1928,0414.4",
https://media.britishmuseum.org/media/Repository/Documents/2017_6/5_14/22d72e1b_6ebf_4eac_b7e6_a78900f52b97/preview_75156.jpg,jar (object name),No: Optional[EA75156],"Fragment of the rim and upper body of a cylindrical jar of pale pink marl pottery, with an exterior cream slip that has been burnished. External roll-rim, under which is an impressed cord-line.; ",,1st Dynasty; Late Predynastic,,Excavated/Findspot: Naqada (?),pottery,slipped; impressed; burnished,12.20 centimetres;  9.20 centimetres; ,,Marked 337 in ink on interior. Like Wavy handled W80 in Petrie’s Corpus of Prehistoric Pottery (1921).,,Not on display,,,,,1998,,,Egypt and Sudan,EA75156,"1998,0216.5",
,jar (object name),No: Optional[EA59028],"Calcite cylinder jar: with slightly concave sides and rounded rim, a small part of which is now missing. There is a line of cord decoration beneath the rim.; ",,1st Dynasty,,Found/Acquired: Egypt,calcite,,8.40 centimetres base ;  9.80 centimetres rim; max ;  11.60 centimetres; ,,,Spencer 1980 / Early Dynastic Objects,Not on display,,,Purchased from: Denis P Kyticas,,1928,,,Egypt and Sudan,EA59028,"1928,0414.7",
,jar (object name),No: Optional[EA29870],"Large calcite cylinder jar: with flat base, practically straight vertical sides and a projecting rounded rim. Rather irregular in form. Interior completely hollowed.; ",,1st Dynasty; 2nd Dynasty,,Found/Acquired: Egypt,calcite,,9.00 centimetres base ;  13.20 centimetres rim; max ;  26.40 centimetres; ,,,Spencer 1980 / Early Dynastic Objects,Not on display,,,Purchased through: R J Moss & Co,,1898,,,Egypt and Sudan,EA29870,"1898,0315.5",
https://media.britishmuseum.org/media/Repository/Documents/2014_11/5_14/8277ca0a_2343_407f_9d48_a3da00f063e1/preview_01211621_001.jpg,jar (object name),No: Optional[EA32167],Cylinder jar of calcite with a rounded rim and sides which are slightly convex just below the lip but concave lower down. Below the rim there is a band of cord decoration. Interior completely hollowed.; ,,1st Dynasty,,Found/Acquired: Egypt,calcite,,15.00 centimetres;  31.50 centimetres;  4.19 kilograms; ,,,Spencer 1980 / Early Dynastic Objects,Not on display,,,Purchased from: R J Moss & Co,,1899,,,Egypt and Sudan,EA32167,"1899,1016.1180",
https://media.britishmuseum.org/media/Repository/Documents/2014_11/5_16/58d7a297_e462_4ed4_8f09_a3da01098475/preview_01213506_001.jpg,jar (object name),No: Optional[EA32674],"Cylinder jar of calcite with concave sides and a rounded rim, below which there is a band of cord decoration. Interior completely hollowed.; ",,1st Dynasty,,Excavated/Findspot: Tomb of Qaa,calcite,,14.70 centimetres rim ;  32.90 centimetres; ,,"Bibliography:
W. M. F. Petrie, 'Royal Tombs of the Earliest Dynasties' I, 28, pl. XXXVIII, 8.",Spencer 1980 / Early Dynastic Objects,"On display (Room 64 - Early Egypt, Display Case 10)",,,Donated by: Egypt Exploration Fund,Excavated by: Egypt Exploration Fund,1900,,,Egypt and Sudan,EA32674,"1900,1015.36",
,jar (object name),No: Optional[EA37417],Part of the rim of a calcite cylinder jar: the rim is rounded and below it there is a line of cord decoration in relief.; ,,1st Dynasty,,Excavated/Findspot: Tomb of Den,calcite,,6.20 centimetres;  9.00 centimetres; ,,,Spencer 1980 / Early Dynastic Objects,Not on display,,,Donated by: Dr Harry Reginald Holland Hall,,1902,,,Egypt and Sudan,EA37417,"1902,1231.1",
https://media.britishmuseum.org/media/Repository/Documents/2014_10/3_17/87700230_ad65_4958_aa35_a3b9011d3853/preview_00211266_001.jpg,jar (object name),No: Optional[EA49291],"Part of the shoulder of a tall jar: of pink pottery, with a red slip on the exterior. The outer surface bears an incised mark, part of which has been broken away.Good condition.; ",,1st Dynasty,,Excavated/Findspot: Umm el-Qaab (Abydos),pottery,slipped; incised,25.50 centimetres;  15.00 centimetres; ,"Inscription type: mark Inscription position: exterior surface Inscription note: Incised. This inscription was probably of the same type as W. M. F. Petrie, 'Royal Tombs of the Earliest Dynasties' I, pl.LI, 595-604.; ","Bibliography:
E. Naville, ‘The cemeteries of Abydos’ I (London, 1913), pl.XV.",Spencer 1980 / Early Dynastic Objects,Not on display,,,Donated by: Egypt Exploration Fund,Excavated by: Egypt Exploration Fund,1910,,,Egypt and Sudan,EA49291,"1910,1008.14",
https://media.britishmuseum.org/media/Repository/Documents/2014_10/3_17/2be1216f_5923_4f79_8ba1_a3b9011d2d44/preview_00211261_001.jpg,jar (object name),No: Optional[EA35507],"Part of a jar of pink pottery: black in the centre of the section, with remains of a pale cream slip on the exterior. On the outer surface is an inscription consisting of the incised serekh of Ka, together with another sign.; ",,Late Predynastic; 1st Dynasty,,Excavated/Findspot: Abydos,pottery,slipped; incised,27.00 centimetres max ;  17.00 centimetres max ; ,"Inscription type: inscription Inscription position: outer surface Inscription script: hieroglyphic Inscription translation: Serekh of Ka and another sign which may be read nsw or rsy. Inscription note: The ka-sign is written in an inverted position, as is frequent at this period. 
The name has been read Zhn, see P. Kaplony, 'Orientalia Suecana' 7 (1958), 54ft. For a full bibliography of the inscriptions of Ka, see M. Atzler, 'Realkatalog der Ägyptologie', 0 3090 040-5 and 0 3080 010.; ","Bibliography:
W. M. F. Petrie, 'Abydos' I (London, 1902), 4 and pl. III, 38.",Spencer 1980 / Early Dynastic Objects,Not on display,,Named in inscription: Ka,Donated by: Egypt Exploration Fund,Excavated by: Egypt Exploration Fund,1901,,,Egypt and Sudan,EA35507,"1901,1012.7",
https://media.britishmuseum.org/media/Repository/Documents/2014_11/5_18/6c6825c6_f5a8_43af_9dad_a3da0130037b/preview_01226846_001.jpg,jar (object name),No: Optional[EA43061],Spheroidal jar of red breccia: with a rounded base and two tubular handles. The outer surface of the handles are concave. The narrow mouth is surrounded by a raised rim with a flat top and rounded edges. Interior well hollowed. Restored from fragments.; ,,2nd Dynasty; 1st Dynasty,,Found/Acquired: Egypt,breccia,,24.00 centimetres rim ;  22.00 centimetres; ,,,Spencer 1980 / Early Dynastic Objects,"On display (Room 64 - Early Egypt, Display Case 12)",,,Purchased from: Rev Chauncey Murch,,1906,,,Egypt and Sudan,EA43061,"1906,0714.8",
https://media.britishmuseum.org/media/Repository/Documents/2014_10/3_17/3a640a27_a933_4725_a11c_a3b9011d28ad/preview_00211258_001.jpg,jar (object name),No: Optional[EA32685],"Part of the shoulder of a tall jar: of brown pottery, with an incised serekh on the exterior surface, containing  a debased writing  of the  name of Semerkhet. Good condition.; ",,1st Dynasty,,Excavated/Findspot: Tomb of Semerkhet,pottery,incised,19.50 centimetres max ;  22.50 centimetres max ; ,Inscription type: inscription Inscription position: exterior Inscription script: hieroglyphic Inscription translation: Semerkhet Inscription note: Incised. A debased writing.; ,"Bibliography:
W. M. F. Petrie, 'Abydos' I (London, 1902), pl.XLV, 73",Spencer 1980 / Early Dynastic Objects,Not on display,,Named in inscription: Semerkhet,Donated by: Egypt Exploration Fund,Excavated by: Egypt Exploration Fund,1900,,,Egypt and Sudan,EA32685,"1900,1015.52",
https://media.britishmuseum.org/media/Repository/Documents/2014_11/5_14/327355a1_2280_49e3_acdf_a3da00ee1126/preview_01210763_001.jpg,jar (object name),No: Optional[EA64357],White quartzite jar; tubular handles.; ,,Late Predynastic; 1st Dynasty,,Found/Acquired: Egypt,quartzite,,8.90 centimetres; ,,"Nicholson and Shaw, Ancient Egyptian Materials and Technology (Cambridge 2000), p. 50",,"On display (Room 64 - Early Egypt, Display Case 12)",,,Donated by: Percy Edward Newberry,,1948,,,Egypt and Sudan,EA64357,"1948,0710.1",
,jar (object name),No: Optional[EA35303],"Spheroidal vase of grey and white marble: with a rounded base and two pierced tubular handles. The handles are set low down on the sides and they project horizontally from the body of the vase. The mouth is surrounded by a raised rim, flat on top with an angular outer edge. Interior well hollowed.; ",,1st Dynasty; 2nd Dynasty,,Found/Acquired: Egypt,marble,pierced,16.20 centimetres rim ;  16.00 centimetres;  27.00 centimetres; ,,"Similar to the vase in W. M. F. Petrie, 'Prehistoric Egypt', pls. XXXVI, 64; XXXVII, 5. This vessel is certainly Early Dynastic.",Spencer 1980 / Early Dynastic Objects,Not on display,,,Purchased from: R J Moss & Co,,1901,,,Egypt and Sudan,EA35303,"1901,0608.35",
https://media.britishmuseum.org/media/Repository/Documents/2014_10/3_17/ceebdbc7_ff94_4eb2_afc6_a3b9011d370b/preview_00211265_001.jpg,jar (object name),No: Optional[EA49290],"Part of the shoulder and rim of a tall jar: of pink pottery, with a red slip on the exterior. The outer surface bears part of an incised mark, the remainder having been broken away. Good condition.; ",,1st Dynasty,,Excavated/Findspot: Umm el-Qaab (Abydos),pottery,slipped; incised,16.00 centimetres;  14.00 centimetres; ,"Inscription type: mark Inscription position: exterior surface Inscription note: Incised. This inscription was probably of the same type as W. M. F. Petrie, 'Royal Tombs of the Earliest Dynasties' I, pl.LI, 595-604.; ","Bibliography:
E. Naville, ‘The cemeteries of Abydos’ I (London, 1913), , pl. XV.",Spencer 1980 / Early Dynastic Objects,Not on display,,,Donated by: Egypt Exploration Fund,Excavated by: Egypt Exploration Fund,1910,,,Egypt and Sudan,EA49290,"1910,1008.13",
https://media.britishmuseum.org/media/Repository/Documents/2014_10/3_17/bd196792_2ff3_44fd_a3e5_a3b9011d35bf/00211264_001.jpg,jar (object name),No: Optional[EA49289],"Part of a jar of pale brown pottery: with a red slip on the exterior. The outer surface bears an incised mark, consisting of a single sign of square form. Good condition.; ",,1st Dynasty,,Excavated/Findspot: Umm el-Qaab (Abydos),pottery,slipped; incised,17.50 centimetres;  7.50 centimetres; ,Inscription type: mark Inscription position: exterior surface Inscription note: Incised. Sign of square form.; ,"Compare W. M. F. Petrie, 'Royal Tombs of the Earliest Dynasties' I, pls.LV-LVI; W. M. F. Petrie 'Tarkhan I and Memphis V', pls.XXX, 30; XXXI, nos. 126, 141, 143-5; W. B. Emery, ‘Excavations at Saqqara : the tomb of Hemaka' (Cairo, 1938), pl.40, nos. 190D, 190F; W. B. Emery, 'Great tombs of the First Dynasty; excavations at Sakkara' II' (London, 1954), 78, fig. 100, nos. 46-8.",Spencer 1980 / Early Dynastic Objects,Not on display,,,Donated by: Egypt Exploration Fund,Excavated by: Egypt Exploration Fund,1910,,,Egypt and Sudan,EA49289,"1910,1008.12",
,jar (object name),No: Optional[EA58227],"Shouldered jar of red-brown pottery: with a polished red slip. The jar has a narrow neck with an external rim, and an oval body with convex sides, terminating at the base in a blunt point. Good condition.; ",,1st Dynasty,,Found/Acquired: Egypt,pottery,slipped; polished,9.10 centimetres max ;  4.40 centimetres rim ;  19.40 centimetres; ,,,Spencer 1980 / Early Dynastic Objects,Not on display,,,Purchased from: Mohammed Mohassib,,1926,,,Egypt and Sudan,EA58227,"1926,0508.37",
,jar (object name),No: Optional[EA75159],Small cylinder jar of coarse red siltware pottery with a flat base and almost vertical sides; plain out-turned rim at top. Part of rim missing and another piece broken and repaired.; ,,Naqada III; 1st Dynasty,,Found/Acquired: Upper Egypt (historic),pottery,,5.30 centimetres;  11.70 centimetres; ,,,,Not on display,,,,,1998,,,Egypt and Sudan,EA75159,"1998,0216.8",
https://media.britishmuseum.org/media/Repository/Documents/2026_7/20_13/a4e8267e_7755_49aa_80d4_b48d00e2c0dc/preview_EA49294.jpg,jar (object name),No: Optional[EA49294],"Rough, hand-made jar of red pottery: with a pointed base and wide shoulder. The sides converge at the top to a contracted mouth surrounded by an external roll-rim, part of which is missing. The sides of the jar are thick and coarse. Good condition.; ",,1st Dynasty; 2nd Dynasty,,Excavated/Findspot: Umm el-Qaab (Abydos),pottery,handmade,15.00 centimetres maximum ;  8.80 centimetres rim ;  24.20 centimetres whole ; ,,"Bibliography:
E. Naville, ‘The cemeteries of Abydos’ II (London, 1913), 38, pl.XVI, 2.",Spencer 1980 / Early Dynastic Objects,Not on display,,,Donated by: Egypt Exploration Fund,Excavated by: Egypt Exploration Fund,1910,,,Egypt and Sudan,EA49294,"1910,1008.17",
,jar (object name),No: Optional[EA53886],"Spheroidal vase of red breccia with a rounded base and two pierced tubular handles, one of which is slightly broken. The exterior surfaces of the handles are concave. The narrow mouth is surrounded by a raised rim with a flat top. Interior fairly well hollowed.; ",,1st Dynasty; 2nd Dynasty,,Found/Acquired: Egypt,breccia,pierced,27.40 centimetres rim ;  25.00 centimetres; ,,,Spencer 1980 / Early Dynastic Objects,Not on display,,,Purchased from: Mohammed Mohassib,,1914,,,Egypt and Sudan,EA53886,"1914,0509.15",
https://media.britishmuseum.org/media/Repository/Documents/2014_11/5_14/83c79e69_07ed_44db_a8f4_a3da00f0a4b8/preview_01211741_001.jpg,jar (object name),No: Optional[EA49298],Cylinder jar of red pottery: with a pale cream-grey slip. The sides bulge slightly in the centre and converge below the rounded rim. Good condition.; ,,1st Dynasty,,Excavated/Findspot: Umm el-Qaab (Abydos),pottery,slipped,4.50 centimetres base ;  5.50 centimetres rim ;  16.50 centimetres whole ; ,,"Bibliography:
E. Naville, ‘The cemeteries of Abydos’ I (London, 1913),  38, pl.XI, lower middle, pl.XV, 2.",Spencer 1980 / Early Dynastic Objects,Not on display,,,Donated by: Egypt Exploration Fund,Excavated by: Egypt Exploration Fund,1910,,,Egypt and Sudan,EA49298,"1910,1008.21",
https://media.britishmuseum.org/media/Repository/Documents/2014_11/5_17/38ef328e_ffbe_4737_aa37_a3da011eb66d/preview_01220528_001.jpg,jar (object name),No: Optional[EA68250],Limestone cylinder jar: with very slightly concave sides and a projecting rim. Interior fairly well hollowed. Of irregular workmanship. The outer surface of the jar has been darkened by fire.; ,,1st Dynasty,,Excavated/Findspot: Saqqara (Memphis),limestone,,9.50 centimetres base ;  11.20 centimetres rim ;  20.70 centimetres; ,,"For information on tomb 3504, see W. B. Emery, 'Great tombs of the First Dynasty; excavations at Sakkara' II' (London, 1954), 5ff.",Spencer 1980 / Early Dynastic Objects,Not on display,,,Donated by: Egypt Exploration Society,,1971,,,Egypt and Sudan,EA68250,"1971,0227.184",
https://media.britishmuseum.org/media/Repository/Documents/2014_11/5_17/1aea7e9e_948c_495d_969e_a3da011ed792/preview_01220475_001.jpg,jar (object name); model (object name),No: Optional[EA32677],"Model cylinder jar of limestone: solid except for a very slight depression in the top, with a flat base and concave sides. The rim is roughly shaped and is rather irregular in level. The vase is decorated with wavy lines of red paint, running from the base up the sides and over the top.; ",,1st Dynasty,,Excavated/Findspot: Tomb of Qaa,limestone,painted,8.00 centimetres base ;  6.70 centimetres rim ;  8.80 centimetres; ,,"Bibliography:
W. M. F. Petrie, 'Royal Tombs of the Earliest Dynasties' I, 15, 28, pl.XXXVIII, 5-6.",Spencer 1980 / Early Dynastic Objects,"On display (Room 64 - Early Egypt, Display Case 10)",,,Donated by: Egypt Exploration Fund,Excavated by: Egypt Exploration Fund,1900,,,Egypt and Sudan,EA32677,"1900,1015.39",
https://media.britishmuseum.org/media/Repository/Documents/2014_10/1_7/a69bddb1_34c2_4238_8e7a_a3b700798285/preview_00036134_001.jpg,jar (object name),No: Optional[EA38010],"Part of the side of a large globular vase of glazed composition: consisting of three joined fragments. A small portion of the neck of the vessel is preserved at the top edge. On the exterior is the serekh of Aḥa, inlaid in a darker glaze than that of the rest of the surface. The present colour of the inscription is a dull brownish yellow, and the background glaze is white, but the original colours were probably dark brown or black for the inscription and green for the rest of the vase. The edges of the fragment are very worn and the surface is rather friable.; ",,1st Dynasty,,Excavated/Findspot: Temple of Osiris-Khentimentu (Abydos),glazed composition,inlaid,14.00 centimetres max ;  11.40 centimetres max ; ,Inscription type: inscription Inscription position: exterior Inscription script: hieroglyphic Inscription translation: Aḥa Inscription note: Inlaid.; ,"In order to keep the gods happy and ensure the state of 'rnaat' (roughly speaking, universal order), Egypt's ancient kings gave gifts to deities at their temples or shrines. On the walls of every temple are depictions of pharaohs before the gods offering wine, cloth, or small statues. The vase's find spot in a deposit of votive offerings indicates that its original purpose was as a gift to the temple at Abydos.
From the shape of the fragment we can tell that it was originally part of a large globular vase with a neck. Unfortunately no portion of its rim survived. At this early date virtually all objects made from glazed composition were small - such as beads, tiles, and statuettes - so that a glazed composition piece of this scale is unexpected and must have been rare. It is thus not surprising to find that the jar bears a king's name, making it a royal donation, probably to Khentiamentiu, the local deity. 
Bibliography:
W. M. F. Petrie, 'Abydos' II (London, 1902-4), 23 and pl. V, 32;
Cited by Riccardelli in P. B.Vandiver et al. (eds.), 'Material Issues in Art & Archaeology' VI (San Francisco, 2001);
A. J. Spencer, 'Early Egypt : the rise of civilisation in the Nile Valley' (London, 1993), fig. 39.",Spencer 1980 / Early Dynastic Objects; Friedman 1998 / Gifts of the Nile: Ancient Egyptian Faience,"On display (Room 64 - Early Egypt, Display Case 10)",,Named in inscription: Aha,Donated by: Egypt Exploration Fund,Excavated by: Egypt Exploration Fund,1903,,,Egypt and Sudan,EA38010,"1903,1010.2",
https://media.britishmuseum.org/media/Repository/Documents/2014_10/3_6/4808115c_da84_42b0_91e9_a3b9007307bb/preview_00347510_001.jpg,jar (object name),No: Optional[EA63005],"Cylinder jar of dull red pottery: with a smooth cream-grey slip. The vase narrows slightly from the base to the neck, where there is an incised line of decoration. Just below this line is a single hieroglyph incised on the surface of the clay before application of the slip. The rim is of the usual external roll type. Restored from fragments.; ",,1st Dynasty,,Excavated/Findspot: Mostagedda,pottery,slipped; incised,9.20 centimetres at base ;  9.90 centimetres at rim ;  23.10 centimetres whole ; ,Inscription type: inscription Inscription position: side Inscription script: hieroglyphic Inscription transliteration: ntjr Inscription note: Incised. One sign.; ,"Bibliography:
G. Brunton, ‘Mostagedda and the Tasian Culture’ (London, 1937), 157 (distribution list, cem. 11700) and pl. XXXVIII, 35.",Spencer 1980 / Early Dynastic Objects,Not on display,,,,Excavated by: The British Museum;  Excavated by: Guy Brunton,1930,,Excavated 1928-1930 by the British Museum Expedition to Middle Egypt.,Egypt and Sudan,EA63005,"1930,0711.25",
https://media.britishmuseum.org/media/Repository/Documents/2026_7/14_11/c11ab5c9_8fca_4241_9a30_b48700b99ca3/preview_EA56588.jpg,jar (object name),No: Optional[EA56588],"Small rounded vase of pale brown pottery: with a red slip, originally polished. The neck of the vase is narrow and terminates in a rounded external rim. Good condition.; ",,Late Predynastic; 1st Dynasty; First Intermediate,,Excavated/Findspot: Mostagedda,pottery,polished,6.80 centimetres max ;  4.40 centimetres rim ;  11.40 centimetres max ; ,,"Bibliography:
G. Brunton, ‘Mostagedda and the Tasian Culture’ (London, 1937), 93 and pls. XXXI, XLIV, 2.",Spencer 1980 / Early Dynastic Objects,"On display (Room 64 - Early Egypt, Display Case 8)",,,Donated through: Wellcome Institute for the History of Medicine,Excavated by: Guy Brunton,,,,Egypt and Sudan,EA56588,"1956,0214.7",
https://media.britishmuseum.org/media/Repository/Documents/2025_3/24_12/7a4fcc53_9838_4be9_96d7_b2aa00d22a59/preview_EA49055__4_.jpg,jar (object name),No: Optional[EA49055],"Tall jar of dull pink marl pottery with a roughly applied white slip on the exterior. The sides taper from the shoulders to a blunt point at the base, the short neck is inset and the roll over rim has a sharp outer edge. Good condition.; ",,Early Dynastic; 1st Dynasty,,"Excavated/Findspot: Mahasna, el-",pottery,slipped,11.80 centimetres rim ;  19.20 centimetres shoulder ;  44.20 centimetres whole ; ,,"Bibliography:
E. R. Ayrton & W. L. S. Loat, 'Pre-dynastic cemetery at El Mahasna' (London, 1911), 24 and pl. XXXVI, type L. 36A, reproduced as Late ware L36k in Petrie’s Corpus of Prehistoric Pottery.",Spencer 1980 / Early Dynastic Objects,Not on display,,,Donated by: Egypt Exploration Fund,Excavated by: Egypt Exploration Fund,1909,,,Egypt and Sudan,EA49055,"1909,0804.54",
,jar (object name),No: Optional[EA68252],"Calcite cylinder jar: with concave sides and a roughly-formed rim, which is flat on top with squared edges. A small fragment of the rim is missing. Interior fairly well hollowed.; ",,1st Dynasty,,Excavated/Findspot: Saqqara (Memphis),calcite,,9.10 centimetres base ;  10.70 centimetres rim ;  15.80 centimetres; ,,"For information on tomb 3504, see W. B. Emery, 'Great tombs of the First Dynasty; excavations at Sakkara' II' (London, 1954), 5ff.",Spencer 1980 / Early Dynastic Objects,Not on display,,,Donated by: Egypt Exploration Society,Excavated by: Prof Walter B Emery,1971,,,Egypt and Sudan,EA68252,"1971,0227.186",
https://media.britishmuseum.org/media/Repository/Documents/2014_11/5_16/7460c1b3_8e0b_4092_8c37_a3da0109756a/preview_01213538_001.jpg,jar (object name),No: Optional[EA35546],"Cylinder calcite jar: with concave sides and a rounded rim, below which there is a band of cord decoration. The entire jar has been blackened by fire and it is filled to the top with the charred remains of the original contents.; ",,1st Dynasty,,Excavated/Findspot: Tomb of Djer,calcite; organic,,8.40 centimetres base ;  9.30 centimetres rim ;  14.00 centimetres; ,,"see Petrie, Royal Tombs II, 44-5, pl.LIII",Spencer 1980 / Early Dynastic Objects,"On display (Room 64 - Early Egypt, Display Case 10)",,,Donated by: Egypt Exploration Fund,Excavated by: Egypt Exploration Fund,1901,,,Egypt and Sudan,EA35546,"1901,1012.46",
https://media.britishmuseum.org/media/Repository/Documents/2014_11/5_17/b3650dc2_05c5_4443_8c8d_a3da011eba4d/preview_01220530_001.jpg,model (object name); jar (object name),No: Optional[EA68253],"Calcite model cylinder jar: with concave sides and a rounded, projecting rim. Interior incompletely hollowed.; ",,1st Dynasty,,Excavated/Findspot: Saqqara (Memphis),calcite,,6.20 centimetres base ;  8.60 centimetres rim ;  10.50 centimetres; ,,"This jar seems to come from Emery's work on the First Dynasty part of the cemetery, since it is marked with a Corpus number used in that excavation.",Spencer 1980 / Early Dynastic Objects,Not on display,,,Donated by: Egypt Exploration Society,,1971,,,Egypt and Sudan,EA68253,"1971,0227.187",
https://media.britishmuseum.org/media/Repository/Documents/2014_11/5_17/18afc9da_d2c1_4f08_8de0_a3da011e8dc9/preview_01220513_001.jpg,jar (object name),No: Optional[EA67148],"Calcite cylinder jar: with concave sides, and a band of cord decoration beneath projecting rim. Completely blackened by fire.; ",,1st Dynasty,,Excavated/Findspot: Saqqara (Memphis),calcite,,13.60 centimetres base ;  15.40 centimetres rim ;  23.50 centimetres; ,,"For information on tomb 3504, see W. B. Emery, 'Great tombs of the First Dynasty; excavations at Sakkara' II' (London, 1954), 5ff.",Spencer 1980 / Early Dynastic Objects,Not on display,,,Donated by: Egypt Exploration Society,,1969,,,Egypt and Sudan,EA67148,"1969,0212.11",
https://media.britishmuseum.org/media/Repository/Documents/2026_3/18_17/e534e5ce_d5b6_479b_afc9_b41101182eef/preview_EA4477.jpg,jar (object name),No: Optional[EA4477],"Cylindrical calcite jar: with very slightly concave sides and a rounded rim, partly broken, cord decoration below rim.; ",,1st Dynasty,,Found/Acquired: Egypt,calcite,,6.20 centimetres base ;  8.00 centimetres rim ;  12.00 centimetres; ,,,Spencer 1980 / Early Dynastic Objects,Not on display,,,Purchased from: Giovanni Anastasi,,1839,,,Egypt and Sudan,EA4477,"1839,0921.407",Miscellaneous number: BS.4477 (BS.4477)
https://media.britishmuseum.org/media/Repository/Documents/2014_11/5_14/a84f89ee_e778_4f65_b398_a3da00f03fde/preview_01211603_001.jpg,jar (object name),No: Optional[EA20934],"Cylinder jar of calcite: with slightly concave sides and a rounded rim, below which there is a raised ridge of decoration. Interior completely hollowed. Restored from fragments.; ",,1st Dynasty,,Found/Acquired: Akhmim (said to have come from),calcite,,13.90 centimetres base ;  16.40 centimetres rim ;  34.20 centimetres;  4.25 kilograms; ,,,Spencer 1980 / Early Dynastic Objects,"On display (Room 64 - Early Egypt, Display Case 8)",,,,,1888,,,Egypt and Sudan,EA20934,"1888,0512.25",
https://media.britishmuseum.org/media/Repository/Documents/2017_2/20_15/5ad1c912_36ca_45b0_9898_a72000f99f28/preview_30905.jpg,jar (object name),No: Optional[EA30905],"Low cylindrical orange marl pottery jar with almost flat base; slightly concave sides; everted rolled rim; exterior well smoothed and burnished vertically, interior lip also burnished.; ",,1st Dynasty,,Excavated/Findspot: Hiw,pottery,burnished,10.89 centimetres;  13.75 centimetres; ,,Most like 50E in Petrie’s Corpus of Protohistoric pottery (1953) or variant of Wavy handle ware W80 in Petrie’s Corpus of Prehistoric Pottery (1921).,,Not on display,,,Donated by: Egypt Exploration Fund,Excavated by: Egypt Exploration Fund,1899,,,Egypt and Sudan,EA30905,"1899,1017.61",
https://media.britishmuseum.org/media/Repository/Documents/2014_10/1_7/3bdf5aaa_d0fe_4318_9d8e_a3b7007a1b7b/preview_00036345_001.jpg,jar-label (object name),No: Optional[EA32650],"Part of an ebony oil label: restored from two fragments, with a hole for attachment at the top right-hand corner. The front surface bears an incised inscription, arranged vertically on the left side and in four horizontal registers on the right. These four registers are bordered by a large 'rnpt' hieroglyph, indicating that the text records the events of a particular year. The top register bears a scene of the Sed-festival, showing the king wearing the double crown, running as part of the ritual and seated on a throne in a booth.  The meaning of the lower registers is not entirely clear, but they include references to the destruction of a stronghold and the taking of captives.; ",,1st Dynasty,,Excavated/Findspot: Tomb of Den,ebony,pierced; incised,8.00 centimetres;  5.50 centimetres; ,"Inscription type: inscription Inscription position: front Inscription script: hieroglyphic Inscription translation: Titles/epithets include : Seal-Bearer of the King of Lower Egypt Inscription note: Incised. The vertical inscriptions give the name of Den and of the seal-bearer of the King of Lower Egypt, Hemaka, together with the name of another official, Iti-sen (P. Kaplony, 'Die Inschriften der Ägyptischen Frühzeit I (Wiesbaden, 1963), 438), who bore the title mḏḥty-nsw (Kaplony reads this title mḏḥ-mḏḥ(w) nsw, see 'Die Inschriften der Ägyptischen Frühzeit I (Wiesbaden, 1963), 300). Beside his name are two signs of uncertain reading (P. Kaplony, 'Die Inschriften der Ägyptischen Frühzeit I (Wiesbaden, 1963), 439; ibid., II, 1004 (note 1607). This official seems to have been associated with the ḥwt-nsw and another building, which may have been an oil-press (P. Kaplony, 'Die Inschriften der Ägyptischen Frühzeit II (Wiesbaden, 1964), 1005-7, n. 1610) . Beneath the king's name is the designation of the kind of oil to which this label referred ( 'Die Inschriften der Ägyptischen Frühzeit I (Wiesbaden, 1963), 313. The name of the oil is sṯỉ- Ḥr), together with its quantity, although part of the number is missing.
On the right of the label, the inscriptions in the four registers are bordered by a large 'rnpt' hieroglyph, indicating that the text records the events of a particular year. The top register bears a scene of the Sed-festival, showing the king wearing the double crown, running as part of the ritual and seated on a throne in a booth (Vikentiev believed that the scene represented two booths superimposed, with the king wearing the white crown in one and the red crown in the other, 'Annales du Service des Antiquitiés de l'Égypte' 41 (1942), 288-9; 'Annales du Service des Antiquitiés de l'Égypte' 48 (1948), 682-4). The meaning of the lower registers is not entirely clear, but they include references to the destruction of a stronghold and the taking of captives. For discussion, see R. Weill R. Weill, ‘Recherches sur la première dynastie et les temps prépharaoniques' I (Cairo, 1961), 16-37; II, 90-2; J. Vandier, 'Manuel d'Archeologie egyptienne', I, (2), 853-5; Sthe, 'Untersuchungen' III, 66-7; F. Legge, ‘Proceedings of the Society of Biblical Archaeology’ 29 (London, 1907), 101-5.; ","The second register is duplicated on a fragment of another label, see W. M. F. Petrie, 'Royal Tombs of the Earliest Dynasties' I, pl. XV, 17. For a very similar label, see E. Amélineau, ‘Les Nouvelles Fouilles d’Abydos’ III, (1897-8), pl. XXXVII, 3; P. E. Newberry, ‘Proceedings of the Society of Biblical Archaeology’ 34 (London, 1912), 282, fig. E.

Bibliography (selective):
W. M. F. Petrie,  'Royal Tombs of the Earliest Dynasties' I, pls. XI, 14; XV, 16;
F. Legge, ‘Proceedings of the Society of Biblical Archaeology’ 29 (London, 1907), pl. opp. p.102, 5;
F. Legge, ‘Proceedings of the Society of Biblical Archaeology’ 30 (London, 1908), pl. IIb;
P. E. Newberry, ‘Proceedings of the Society of Biblical Archaeology’ 34 (London, 1912), pl. XXXIII, 14;
V. Vikentiev, 'Annales du Service des Antiquitiés de l'Égypte' 56 (1959), 21, fig. 7;
J. Capart, ‘Les Débuts de L’Art, 245, fig. 174;
J. Capart, ‘Primitive Art', 253, fig. 190;
J. Vandier, 'Manuel d'Archeologie egyptienne', I, (2), 853, fig. 570;
W. S. Smith, 'History of Egyptian Sculpture and Painting in the Old Kingdom' (London, 1946), 119, fig. 34.
See also P. Kaplony, 'Die Inschriften der Ägyptischen Frühzeit I (Wiesbaden, 1963), 297-8;
P. Kaplony, 'Die Inschriften der Ägyptischen Frühzeit II (Wiesbaden, 1964), 982, n. 1152, Dwn a, 2;
B. Porter & R. Moss, 'Topographical Bibliography of Ancient Egyptian Hieroglyphic Texts, Reliefs and Paintings' V (Oxford: Clarendon Press), 84. 
A.J. Spencer, 'Early Egypt: The rise of civilisation in the Nile valley' (London, The British Museum Press, 1993), p. 66, 78;
N. Strudwick, Masterpieces of Ancient Egypt, London 2006, pp. 38-9.",Spencer 1980 / Early Dynastic Objects; Strudwick 2006 / Masterpieces of Ancient Egypt,"On display (Room 64 - Early Egypt, Display Case 10)",,Named in inscription & portrayed: Den;  Named in inscription: Hemaka,Donated by: Egypt Exploration Fund,Excavated by: Egypt Exploration Fund,1900,,,Egypt and Sudan,EA32650,"1900,1015.12",
https://media.britishmuseum.org/media/Repository/Documents/2014_10/3_17/0306c043_af64_4fa4_9b1c_a3b90123ae02/preview_00212966_001.jpg,jar-sealing (object name),No: Optional[EA35611],"A conical jar-seal of grey clay, bearing four impressed inscriptions. The surface of the clay is extensively worn and only small parts of the inscriptions are legible.; ",,1st Dynasty,,Excavated/Findspot: Tomb of Djer,clay,impressed,20.50 centimetres max ;  18.00 centimetres max ;  3.60 kilograms; ,"Inscription type: inscription Inscription script: hieroglyphic Inscription translation: Djer Inscription note: Impressed twice.; Inscription type: inscription Inscription script: hieroglyphic Inscription transliteration: ‘m-kʒ Inscription translation: Hemaka Inscription note: Impressed twice. Known to belong to the official although the name is lost on this fragment. On the reading of this name, see P. Kaplony, 'Die Inschriften der Ägyptischen Frühzeit I (Wiesbaden, 1963), 447-449. For the title, see 104ff.; ","Bibliography:
W. M. F. Petrie, 'Royal Tombs of the Earliest Dynasties' II, pl.XV, 106; 
H. R. Hall, 'Catalogue of Egyptian scarabs etc. in the British Museum: Volume 1 : Royal scarabs' (London, 1913), 288, no.2 759; 
P. Kaplony, 'Die Inschriften der Ägyptischen Frühzeit III (Wiesbaden, 1964), pls.13, abb.29A; 20, abb. 43; see also vols. I, 76 and II, 736, n. 325; 1096,1099;
B. Porter & R. Moss, 'Topographical Bibliography of Ancient Egyptian Hieroglyphic Texts, Reliefs and Paintings' V (Oxford: Clarendon Press), 78.",Spencer 1980 / Early Dynastic Objects,Not on display,,Named in inscription: Djer;  Named in inscription: Hemaka,Donated by: Egypt Exploration Fund,Excavated by: Egypt Exploration Fund,1901,,,Egypt and Sudan,EA35611,"1901,1012.111",
https://media.britishmuseum.org/media/Repository/Documents/2014_10/6_11/e1297ad0_46ec_4f71_885d_a3bc00bc6899/preview_00409782_001.jpg,jar-sealing (object name),No: Optional[EA27741],Conical clay jar-seal bearing names and titles of Den and Hemaka.; ,,1st Dynasty,,Excavated/Findspot: Tomb of Den,clay,,24.00 centimetres base ;  31.00 centimetres; ,Inscription type: inscription Inscription script: hieroglyphic; ,,Spencer 1980 / Early Dynastic Objects,"On display (Room 64 - Early Egypt, Display Case 10)",,Named in inscription: Den;  Named in inscription: Hemaka,Purchased from: Giza Museum,,1897,,,Egypt and Sudan,EA27741,"1897,0112.24",
https://media.britishmuseum.org/media/Repository/Documents/2014_10/3_17/01ea7f01_7f7c_4c0b_9870_a3b90125dc8a/preview_00213574_001.jpg,jar-sealing (object name),No: Optional[EA27743],"Hemispherical brown clay jar-seal: with the pottery lid of a jar adhering to the base. It bears two impressed inscriptions crossing at right-angles over the top, showing the repeated name of Den and the name of the official Hemaka. The impression of the royal name occurs again around the sides, whilst the name of Hemaka is repeated at the extreme bottom edge, although much of this impression is missing. Surface treated but in poor condition.; ",,1st Dynasty,,Excavated/Findspot: Tomb of Den,clay,impressed,25.00 centimetres base ;  13.50 centimetres; ,Inscription type: inscription Inscription position: sides Inscription script: hieroglyphic Inscription transliteration: ḫrp sḫnt ḏw Ḥr Inscription translation: The name Den followed by his official title (transliterated). Inscription note: Eroded remains of impressions.; Inscription type: inscription Inscription script: hieroglyphic Inscription transliteration: ‘nḏ-mr Ḥr tpỉ ht     ḫrp Ḥr tpỉ ht Inscription translation: The name of Hemaka followed by official titles (transliterated). Inscription note: Eroded remains of impressions.; ,"Bibliography:
W. M. F. Petrie, 'Royal Tombs of the Earliest Dynasties' I, pl.XXV, 56; 
W. M. F. Petrie, 'Royal Tombs of the Earliest Dynasties' II, pl. XVIII, 136;
P. Kaplony, 'Die Inschriften der Ägyptischen Frühzeit III (Wiesbaden, 1964), pls.56, abb.203B; see also vols. I, 100 and II, 758, n.532; 1119, 1123.",Spencer 1980 / Early Dynastic Objects,Not on display,,Named in inscription: Den;  Named in inscription: Hemaka,Purchased from: Giza Museum,,1897,,,Egypt and Sudan,EA27743,"1897,0112.26",
,jar-sealing (object name),No: Optional[EA27738],"A large conical jar-seal: of pale brown clay, bearing the remains of four impressed inscriptions. This seal is in poor condition, and only slight traces of these inscriptions are visible.; ",,1st Dynasty,,Excavated/Findspot: Tomb of Den,clay,impressed,24.00 centimetres base ;  32.00 centimetres; ,"Inscription type: inscription Inscription script: hieroglyphic Inscription transliteration: ‘m-kʒ ‘nḏ-mr sḫnt ḏw Ḥr ḥrỉ-wdʒ Inscription translation: Hemaka and titles Inscription note: Two impressions. For the titles, see P. Kaplony, 'Die Inschriften der Ägyptischen Frühzeit I (Wiesbaden, 1963), 96-9, 112-3, 121-2, 144ff., 155f.; Inscription type: inscription Inscription script: hieroglyphic Inscription transliteration: ḥrỉ-wdʒ ḫrpw ḥrỉ-wdʒ sḫnt ḏw Ḥr Inscription translation: Titles which are followed by the name Den. Inscription note: Two impressions.; ","The inscriptions are identical to 1897,0112.23.
Bibliography:
W. M. F. Petrie, 'Royal Tombs of the Earliest Dynasties' I, pls.XIIV, 47; XXV, 54; 
P. Kaplony, 'Die Inschriften der Ägyptischen Frühzeit III (Wiesbaden, 1964), pls.60, abb.218; see also vols. I, 99 and II, 756, n. 516; 1121, 1135.",Spencer 1980 / Early Dynastic Objects,Not on display,,Named in inscription: Den;  Named in inscription: Hemaka,,,1897,,,Egypt and Sudan,EA27738,"1897,0112.21",
https://media.britishmuseum.org/media/Repository/Documents/2014_9/29_21/de45f77c_5ed8_4c23_a03e_a3b5015ef3e3/preview_00170044_001.jpg,jar-sealing (object name),No: Optional[EA35550],"A conical jar-seal: of grey clay, bearing four seal impressions.; ",,1st Dynasty,,Excavated/Findspot: Tomb of Den,clay,impressed,21.00 centimetres;  26.00 centimetres; ,Inscription type: inscription Inscription position: sides Inscription script: hieroglyphic Inscription transliteration: ḫrp ḥrỉ-ỉb Inscription translation: The name Den with title (transliterated). Inscription note: Two impressions.; Inscription type: inscription Inscription script: hieroglyphic Inscription transliteration: ‘nḏ-mr sḫnt ḏw Ḥr Inscription translation: The name of Hemaka with his title (transliterated). Inscription note: Two impressions.; ,"Bibliography:
W. M. F. Petrie, 'Royal Tombs of the Earliest Dynasties' I, pl.XXIV, 44; 
W. M. F. Petrie, 'Royal Tombs of the Earliest Dynasties' II, pl. XX, 161;
P. Kaplony, 'Die Inschriften der Ägyptischen Frühzeit III (Wiesbaden, 1964), pls.55, abb.202D; see also vols. I, 100 and II, 757, n. 523; 1119, 1121.",Spencer 1980 / Early Dynastic Objects,Not on display,,Named in inscription: Den;  Named in inscription: Hemaka,Donated by: Egypt Exploration Fund,Excavated by: Egypt Exploration Fund,1901,,,Egypt and Sudan,EA35550,"1901,1012.50",
https://media.britishmuseum.org/media/Repository/Documents/2014_10/3_17/52266a83_3282_4732_9215_a3b901242732/preview_00213012_001.jpg,jar-sealing (object name),No: Optional[EA32651],"A conical jar-seal: of brown clay, bearing four impressed inscriptions. This seal is in good condition.; ",,1st Dynasty,,Excavated/Findspot: Tomb of Den,clay,impressed,20.50 centimetres base ;  24.00 centimetres; ,Inscription type: inscription Inscription script: hieroglyphic Inscription transliteration: ḫrp ḥrỉ-ỉb Inscription translation: The name Den with title (transliterated). Inscription note: Two impressions.; Inscription type: inscription Inscription script: hieroglyphic Inscription transliteration: ‘nḏ-mr sḫnt ḏw Ḥr Inscription translation: The name of Hemaka with his title (transliterated). Inscription note: Two impressions.; ,"Bibliography:
W. M. F. Petrie, 'Royal Tombs of the Earliest Dynasties' I, pl.XXIV, 44; 
W. M. F. Petrie, 'Royal Tombs of the Earliest Dynasties' II, pl. XX, 161;
P. Kaplony, 'Die Inschriften der Ägyptischen Frühzeit III (Wiesbaden, 1964), pls.55, abb.202D; see also vols. I, 100 and II, 757, n. 523; 1119, 1121.",Spencer 1980 / Early Dynastic Objects,Not on display,,Named in inscription: Den;  Named in inscription: Hemaka,Donated by: Egypt Exploration Fund,Excavated by: Egypt Exploration Fund,1900,,,Egypt and Sudan,EA32651,"1900,1015.13",
https://media.britishmuseum.org/media/Repository/Documents/2014_10/3_17/56f26595_d09c_4424_b0a0_a3b90123dda2/preview_00212984_001.jpg,jar-sealing (object name); seal-impression (object name),No: Optional[EA32646],"Part of a jar-seal: of dark brown clay, bearing an impressed inscription of the official Saka, together with a group of signs. The seal has been rolled across the clay twice, producing two impressions at right angles to each other, but only one inscription shows clearly. The surface of the clay is slightly friable.; ",,1st Dynasty,,Excavated/Findspot: Tomb of Merneit,clay,impressed,13.00 centimetres;  4.08 centimetres;  11.50 centimetres; ,"Inscription type: inscription Inscription script: hieroglyphic Inscription transliteration: Sʒ-kʒ Inscription translation: Saka Inscription note: Impressed.; Inscription type: inscription Inscription script: hieroglyphic Inscription transliteration: inw šm‘ Inscription translation: Tribute of Upper Egypt Inscription note: Impressed. See P. Kaplony, 'Die Inschriften der Ägyptischen Frühzeit I (Wiesbaden, 1963), 611.; ","Bibliography:
W. M. F. Petrie, 'Royal Tombs of the Earliest Dynasties' I, pl.XXI, 28; 
P. Kaplony, 'Die Inschriften der Ägyptischen Frühzeit III (Wiesbaden, 1964), pl.34, abb.104; see also vols. I, 92 and II, 751, n. 477; 1107.",Spencer 1980 / Early Dynastic Objects,Not on display,,,Donated by: Egypt Exploration Fund,Excavated by: Egypt Exploration Fund,1900,,,Egypt and Sudan,EA32646,"1900,1015.8",
,jar-sealing (object name),No: Optional[EA35551],"A hemispherical jar-seal: of pale brown clay, originally with impressed inscriptions of Den and Hemaka, but the surface of the clay has deteriorated to the extent that no part of these inscriptions is now visible.; ",,1st Dynasty,,Excavated/Findspot: Tomb of Den,clay,,13.50 centimetres max ;  25.50 centimetres max ; ,Inscription type: inscription Inscription script: hieroglyphic Inscription note: Inscription destroyed.; ,"Bibliography:
W. M. F. Petrie, 'Royal Tombs of the Earliest Dynasties' I, pl.XXV, 53; 
W. M. F. Petrie, 'Royal Tombs of the Earliest Dynasties' II, pl. XVIII, 136;
P. Kaplony, 'Die Inschriften der Ägyptischen Frühzeit III (Wiesbaden, 1964), pls.56, abb.203B; see also vols. I, 100 and II, 758, n.532; 1119, 1123.",Spencer 1980 / Early Dynastic Objects,Not on display,,,Donated by: Egypt Exploration Fund,Excavated by: Egypt Exploration Fund,1901,,,Egypt and Sudan,EA35551,"1901,1012.51",
https://media.britishmuseum.org/media/Repository/Documents/2014_10/3_17/b15a6aff_ff50_4908_95c8_a3b901242243/preview_00213010_001.jpg,jar-sealing (object name),No: Optional[EA27742],"A conical jar-seal: of yellow clay, originally bearing four impressed inscriptions of Den, of which only two are now clearly discernible, and only one of these is sufficiently well preserved to show details of the inscription. There are signs which accompany the name of the king on this seal. The surface of the clay is firm but considerably worn.; ",,1st Dynasty,,Excavated/Findspot: Tomb of Den (?);  Excavated/Findspot: Tomb of Merneit (?),clay,impressed,19.00 centimetres base ;  16.00 centimetres; ,"Inscription type: inscription Inscription position: sides Inscription script: hieroglyphic Inscription translation: Den Inscription note: Eroded remains of four lines, only 2 visible.; Inscription type: inscription Inscription script: hieroglyphic Inscription transliteration: wn.f, mn-ḫ‘ Inscription note: Impressed. May be personal names. Taken to be names of princes by P. Kaplony, 'Die Inschriften der Ägyptischen Frühzeit II (Wiesbaden, 1964), 1116. The visible traces on this seal agree with the copy given by Petrie rather than with Kaplony's version.; ","Bibliography:
W. M. F. Petrie, 'Royal Tombs of the Earliest Dynasties' II, pl.XVII, 135; 
H. R. Hall, 'Catalogue of Egyptian scarabs etc. in the British Museum: Volume 1 : Royal scarabs' (London, 1913), 288, no.2760; 
P. Kaplony, 'Die Inschriften der Ägyptischen Frühzeit III (Wiesbaden, 1964), pl.50, abb.186; see also vols. I, 91 and II, 751, n.468; 1116.",Spencer 1980 / Early Dynastic Objects,Not on display,,Named in inscription: Den,Purchased from: Giza Museum,,1897,,,Egypt and Sudan,EA27742,"1897,0112.25",
https://media.britishmuseum.org/media/Repository/Documents/2014_10/3_17/e845bc2b_876d_45aa_927e_a3b90125ed81/preview_00213580_001.jpg,jar-sealing (object name); seal-impression (object name),No: Optional[EA32660],"Part of a jar-seal: of dark grey clay, with a seal-impression of two names repeated. The clay is fairly well preserved.; ",,1st Dynasty,,Excavated/Findspot: Tomb of Anedjib,clay,impressed,11.11 centimetres;  4.81 centimetres;  11.17 centimetres; ,"Inscription type: inscription Inscription script: hieroglyphic Inscription translation: Anedjib, showing his name repeated, alternating with his nsw-bỉtỉ name, Merpabia. Inscription note: Repeatedly impressed.; ","Bibliography:
W. M. F. Petrie, 'Royal Tombs of the Earliest Dynasties' I, pl.XXVI, 57;
H. R. Hall, 'Catalogue of Egyptian scarabs etc. in the British Museum: Volume 1 : Royal scarabs' (London, 1913), 288, no.2761; 
P. Kaplony, 'Die Inschriften der Ägyptischen Frühzeit III (Wiesbaden, 1964), pl.68, abb.245; see also vols. I, 138 and II, 815, n.800; 1125.","Spencer 1980 / Early Dynastic Objects; Hall 1913 / Catalogue of Egyptian scarabs, etc. in the British Museum",Not on display,,Named in inscription: Anedjib,Donated by: Egypt Exploration Fund,Excavated by: Egypt Exploration Fund,1900,,,Egypt and Sudan,EA32660,"1900,1015.22",
https://media.britishmuseum.org/media/Repository/Documents/2014_10/3_17/f33b7652_3763_4022_8414_a3b90123a79c/preview_00212962_001.jpg,jar-sealing (object name); seal-impression (object name),No: Optional[EA35591],"Part of a jar-seal: of light brown clay, bearing an impressed inscription showing two lines of the repeated serekh of Djer. On the other side of the seal is a different inscription, belonging to the official Hemaka. The surface of the clay is hard and secure, but the inscriptions are rather worn.; ",,1st Dynasty,,Excavated/Findspot: Tomb of Djer,clay,impressed,12.43 centimetres;  5.04 centimetres;  8.05 centimetres; ,Inscription type: inscription Inscription script: hieroglyphic Inscription translation: Djer Inscription note: Impressed in two lines.; Inscription type: inscription Inscription script: hieroglyphic Inscription transliteration: ‘m-kʒ Inscription translation: Hemaka Inscription note: Impressed.; ,"Bibliography:
W. M. F. Petrie, 'Royal Tombs of the Earliest Dynasties' II, pls.XV, 107; XVI, 123; 
H. R. Hall, 'Catalogue of Egyptian scarabs etc. in the British Museum: Volume 1 : Royal scarabs' (London, 1913), 288, no.2 759; 
P. Kaplony, 'Die Inschriften der Ägyptischen Frühzeit III (Wiesbaden, 1964), pls. 15, abb.30A; 20, abb. 43; see also vols. I, 76 and II, 737, n. 330; 1096, 1099;
B. Porter & R. Moss, 'Topographical Bibliography of Ancient Egyptian Hieroglyphic Texts, Reliefs and Paintings' V (Oxford: Clarendon Press), 78.","Spencer 1980 / Early Dynastic Objects; Hall 1913 / Catalogue of Egyptian scarabs, etc. in the British Museum",Not on display,,Named in inscription: Djer;  Named in inscription: Hemaka,Donated by: Egypt Exploration Fund,Excavated by: Egypt Exploration Fund,1901,,,Egypt and Sudan,EA35591,"1901,1012.91",
https://media.britishmuseum.org/media/Repository/Documents/2014_10/3_17/bcb3ebfb_ffe0_4932_beae_a3b90123f0cf/preview_00212988_001.jpg,jar-sealing (object name),No: Optional[EA35610],"Part of a conical jar-seal: of red-brown clay, bearing two impressed inscriptions. Surface of clay rather friable.; ",,1st Dynasty,,Excavated/Findspot: Tomb of Djet,clay,impressed,13.50 centimetres max ;  16.00 centimetres max ; ,Inscription type: inscription Inscription script: hieroglyphic Inscription translation: Djet Inscription note: Impressed.; Inscription type: inscription Inscription script: hieroglyphic Inscription transliteration: ‘m-kʒ zḫn ỉʒḫ Inscription translation: Hemaka with title Inscription note: Impressed.; ,"Bibliography:
W. M. F. Petrie, 'Royal Tombs of the Earliest Dynasties' I, pl.XVIII, 1; 
H. R. Hall, 'Catalogue of Egyptian scarabs etc. in the British Museum: Volume 1 : Royal scarabs' (London, 1913), 287, no.2754; 
P. Kaplony, 'Die Inschriften der Ägyptischen Frühzeit III (Wiesbaden, 1964), pls.16, abb.32B; 33, abb. 101; see also vols. I, 82 and II, 686, n.44; 743, n. 402; 1097.",Spencer 1980 / Early Dynastic Objects,Not on display,,Named in inscription: Djet;  Named in inscription: Hemaka,Donated by: Egypt Exploration Fund,Excavated by: Egypt Exploration Fund,1901,,,Egypt and Sudan,EA35610,"1901,1012.110",
https://media.britishmuseum.org/media/Repository/Documents/2014_10/3_17/dc4da806_a158_4ab7_af1e_a3b90123e250/00212987_001.jpg,jar-sealing (object name),No: Optional[EA35609],"Part of a jar-seal: slightly baked red by fire, bearing an impressed inscription showing the repeated name of Djer. On the edge of the fragment is a small part of another inscription, giving the name of the official, Hemaka.; ",,1st Dynasty,,Excavated/Findspot: Tomb of Djer,fired clay,impressed,11.00 centimetres max ;  7.50 centimetres max ; ,Inscription type: inscription Inscription script: hieroglyphic Inscription translation: Djer Inscription note: Impressed repeatedly; Inscription type: inscription Inscription script: hieroglyphic Inscription transliteration: ‘m-kʒ Inscription translation: Hemaka Inscription note: Impressed.; ,"Bibliography:
W. M. F. Petrie, 'Royal Tombs of the Earliest Dynasties' II, pls.XV, 122; 
H. R. Hall, 'Catalogue of Egyptian scarabs etc. in the British Museum: Volume 1 : Royal scarabs' (London, 1913), 288, no.2758; 
P. Kaplony, 'Die Inschriften der Ägyptischen Frühzeit III (Wiesbaden, 1964), pls.14, abb.29D; 32, abb. 96; see also vols. I, 76 and II, 686, n.44; 737 n.334; 1096, 1106;
B. Porter & R. Moss, 'Topographical Bibliography of Ancient Egyptian Hieroglyphic Texts, Reliefs and Paintings' V (Oxford: Clarendon Press), 78.",Spencer 1980 / Early Dynastic Objects,Not on display,,Named in inscription: Djer;  Named in inscription: Hemaka,Donated by: Egypt Exploration Fund,Excavated by: Egypt Exploration Fund,1901,,,Egypt and Sudan,EA35609,"1901,1012.109",
https://media.britishmuseum.org/media/Repository/Documents/2014_10/3_17/b381296f_4665_451f_8ab2_a3b901268955/preview_00213638_001.jpg,jar-sealing (object name),No: Optional[EA35606],"An oval jar-seal: of pale brown clay, bearing seal impressions on either side, one giving the repeated name of Anedjib, and the other the name of the official, Sabu. Good condition, slightly broken at edges.; ",,1st Dynasty,,Excavated/Findspot: Tomb of Den,clay,impressed,11.00 centimetres;  8.00 centimetres; ,"Inscription type: inscription Inscription position: side Inscription script: hieroglyphic Inscription translation: Anedjib Inscription note: Impressed. This inscription originally also had a title of Sabu, ḫrp Ḥr sbʒ ht, but only a trace of this is preserved on this seal.; Inscription type: inscription Inscription position: side Inscription transliteration: ḫrp ḥrỉ-ỉb   ‘nḏ-mr Inscription translation: Sabu and his official titles (transliterated). Inscription note: Impressed.; ","Bibliography:
W. M. F. Petrie, 'Royal Tombs of the Earliest Dynasties' I, pls.XXVI, 61; XXVII, 66; 
H. R. Hall, 'Catalogue of Egyptian scarabs etc. in the British Museum: Volume 1 : Royal scarabs' (London, 1913), 288, no.2762; 
P. Kaplony, 'Die Inschriften der Ägyptischen Frühzeit III (Wiesbaden, 1964), pls.57, abb.205;73, abb. 274; see also vols. I, 137 and II, 814, n. 791; 1120, 1129.",Spencer 1980 / Early Dynastic Objects,Not on display,,Named in inscription: Anedjib;  Named in inscription: Sabu,Donated by: Egypt Exploration Fund,Excavated by: Egypt Exploration Fund,1901,,,Egypt and Sudan,EA35606,"1901,1012.106",
https://media.britishmuseum.org/media/Repository/Documents/2014_10/3_17/d0680202_02ce_440a_ac35_a3b90123b61c/preview_00212970_001.jpg,jar-sealing (object name),No: Optional[EA68676],"Part of a jar-seal: of brown clay, bearing impressed inscriptions showing the repeated name of Aḥa. Only small areas of the inscriptions are now visible because of the poor state of preservation of this object.; ",,1st Dynasty,,Excavated/Findspot: Abydos,clay,impressed,11.14 centimetres;  6.20 centimetres;  9.64 centimetres; ,Inscription type: inscription Inscription script: hieroglyphic Inscription translation: Aḥa Inscription note: Impressed. Repeated; ,"Bibliography:
W. M. F. Petrie, 'Royal Tombs of the Earliest Dynasties' II, pl.XIV, 98; 
P. Kaplony, 'Die Inschriften der Ägyptischen Frühzeit III (Wiesbaden, 1964), pl.10, abb.27B; see also vol. II, 1094.",Spencer 1980 / Early Dynastic Objects,Not on display,,Named in inscription: Aha,Donated by: Egypt Exploration Society,,1976,,,Egypt and Sudan,EA68676,"1976,0724.130",
https://media.britishmuseum.org/media/Repository/Documents/2014_10/3_17/8755db59_621b_42af_911c_a3b90123df18/preview_00212985_001.jpg,jar-sealing (object name),No: Optional[EA35608],"Part of a jar-seal: baked pale red by fire, bearing the impression of a seal showing a row of seated figures of Djer in the regalia of the Sed-festival. The figures wear the crown of Upper and Lower Egypt alternately.; ",,1st Dynasty,,Excavated/Findspot: Tomb of Djer,fired clay,impressed,13.00 centimetres max ;  11.00 centimetres max ; ,Inscription type: inscription Inscription script: hieroglyphic Inscription translation: Djer Inscription note: Impressed.; ,"Bibliography:
W. M. F. Petrie, 'Royal Tombs of the Earliest Dynasties' II, pl.XV, 108; 
H. R. Hall, 'Catalogue of Egyptian scarabs etc. in the British Museum: Volume 1 : Royal scarabs' (London, 1913), 287, no.2755; 
P. Kaplony, 'Die Inschriften der Ägyptischen Frühzeit III (Wiesbaden, 1964), pl.67, abb.237; see also vols. I, 76 and II, 738, n. 353; 1124.",Spencer 1980 / Early Dynastic Objects,Not on display,,Named in inscription & portrayed: Djer,Donated by: Egypt Exploration Fund,Excavated by: Egypt Exploration Fund,1901,,,Egypt and Sudan,EA35608,"1901,1012.108",
https://media.britishmuseum.org/media/Repository/Documents/2014_10/3_17/95a6ba9c_a2fd_4c40_a0f0_a3b901241b0a/preview_00213007_001.jpg,jar-sealing (object name),No: Optional[EA27740],"A conical jar-seal of pale brown clay: bearing four impressed inscriptions, a large part of which have been lost because of the powdery state of the surface.; ",,1st Dynasty,,Excavated/Findspot: Tomb of Den,clay,impressed,24.00 centimetres base ;  34.00 centimetres; ,"Inscription type: inscription Inscription script: hieroglyphic Inscription transliteration: ‘m-kʒ ‘nḏ-mr sḫnt ḏw Ḥr ḥrỉ-wdʒ Inscription translation: Hemaka and titles Inscription note: Impressed. Now illegible.  For the titles, see P. Kaplony, 'Die Inschriften der Ägyptischen Frühzeit I (Wiesbaden, 1963), 96-9, 112-3, 121-2, 144ff., 155f.; Inscription type: inscription Inscription script: hieroglyphic Inscription transliteration: ḥrỉ-wdʒ ḫrpw ḥrỉ-wdʒ sḫnt ḏw Ḥr Inscription translation: Titles which are followed by the name Den. Inscription note: Impressed. Now illegible.; ","The inscriptions are identical to 1897,0112.21.
Bibliography:
W. M. F. Petrie, 'Royal Tombs of the Earliest Dynasties' I, pls.XIIV, 47; XXV, 54; 
P. Kaplony, 'Die Inschriften der Ägyptischen Frühzeit III (Wiesbaden, 1964), pls.60, abb.218; see also vols. I, 99 and II, 756, n. 516; 1121, 1135.",Spencer 1980 / Early Dynastic Objects,Not on display,,Named in inscription: Den;  Named in inscription: Hemaka,,,1897,,,Egypt and Sudan,EA27740,"1897,0112.23",
,jar-sealing (object name); seal-impression (object name),No: Optional[EA32642],"Part of a conical jar-seal of dark brown clay, bearing very slight traces of four impressed inscriptions, each of which gave the name of Uadji together with two other signs. The surface of the clay has been consolidated, but much of the inscription had disappeared prior to treatment.; ",,1st Dynasty,,Excavated/Findspot: Tomb of Merneit,clay,impressed,15.00 centimetres;  16.00 centimetres; ,"Inscription type: inscription Inscription script: hieroglyphic Inscription note: Impressed name of King Uadji; Inscription type: inscription Inscription script: hieroglyphic Inscription transliteration: inw šm‘ Inscription translation: Tribute of Upper Egypt Inscription note: Impressed. See P. Kaplony, 'Die Inschriften der Ägyptischen Frühzeit I (Wiesbaden, 1963), 611.; ","Bibliography:
W. M. F. Petrie, 'Royal Tombs of the Earliest Dynasties' I, pl.XVIII, 3.
P. Kaplony, 'Die Inschriften der Ägyptischen Frühzeit III (Wiesbaden, 1964), pl.29, abb.81; see also vols. I, 83 and II, 744, n. 409; 1104.",Spencer 1980 / Early Dynastic Objects,Not on display,,Named in inscription: Djet,Donated by: Egypt Exploration Fund,Excavated by: Egypt Exploration Fund,1900,,,Egypt and Sudan,EA32642,"1900,1015.4",
https://media.britishmuseum.org/media/Repository/Documents/2014_10/3_17/f14423d1_4623_4d0c_9401_a3b901267dbe/preview_00213633_001.jpg,jar-sealing (object name),No: Optional[EA27739],Conical jar-sealing: of pale brown clay with the pottery lid of the jar adhering to the base. The seal bears four impressed inscriptions. The surfaces are frim but worn and one of the inscriptions of is virtually invisible.; ,,1st Dynasty,,Excavated/Findspot: Tomb of Anedjib,clay,impressed,23.00 centimetres base ;  40.00 centimetres; ,"Inscription type: inscription Inscription script: hieroglyphic Inscription transliteration: ḥrỉ wḏʒ Ḥr sbʒ Inscription translation: The name Anedjib plus offical title (transliterated) Inscription note: Two impressions.; Inscription type: inscription Inscription script: hieroglyphic Inscription transliteration: ḥrỉ wḏʒ Ḥr sbʒ ‘nḏ-mr Inscription translation: The name Sabu plus his official title (transliterated) Inscription note: Two impressions, one so worn that it has almost completely disappeared.; ","Bibliography:
W. M. F. Petrie, 'Royal Tombs of the Earliest Dynasties' I, pls.XXVI, 63; XXVII, 64;
P. Kaplony, 'Die Inschriften der Ägyptischen Frühzeit III (Wiesbaden, 1964), pls.75, abb.278; 79, abb. 300A see also vols. I, 137 and II, 814, n.788; 1130, 1133.",Spencer 1980 / Early Dynastic Objects,Not on display,,Named in inscription: Anedjib;  Named in inscription: Sabu,,,1897,,,Egypt and Sudan,EA27739,"1897,0112.22",
https://media.britishmuseum.org/media/Repository/Documents/2014_10/3_17/cd16c23e_6df1_4447_9088_a3b90123c257/preview_00212918_001.jpg,jar-sealing (object name); seal-impression (object name),No: Optional[EA35600],"Part of a jar-seal: of pale brown clay, bearing the impression of a repeated sign. In reasonably good condition.; ",,Late Predynastic; 1st Dynasty,,Excavated/Findspot: Abydos,clay,impressed,11.15 centimetres;  3.66 centimetres;  9.58 centimetres; ,Inscription type: mark Inscription note: Impressed.; ,"Bibliography:
W. M. F. Petrie, 'Royal Tombs of the Earliest Dynasties' II, pl. XIII, 94;
P. Kaplony, 'Die Inschriften der Ägyptischen Frühzeit III (Wiesbaden, 1964), pl. 8, abb. 24; see also vol. I, 62 and II, 720 n. 211; 1094.",Spencer 1980 / Early Dynastic Objects,Not on display,,,Donated by: Egypt Exploration Fund,Excavated by: Egypt Exploration Fund,1901,,,Egypt and Sudan,EA35600,"1901,1012.100",
https://media.britishmuseum.org/media/Repository/Documents/2014_10/3_17/de7c84bf_fc15_49e6_8475_a3b90123a90a/preview_00212963_001.jpg,jar-sealing (object name),No: Optional[EA35523],"Part of a jar-seal: of pale brown clay, impressed with the repeated name of Djer. On the edge of this fragment is a trace of another impression. The clay is well preserved.; ",,1st Dynasty,,Excavated/Findspot: Tomb of Djer,clay,impressed,9.00 centimetres;  8.00 centimetres; ,"Inscription type: inscription Inscription script: hieroglyphic Inscription translation: Djer Inscription note: Repeatedly impressed. Kaplony reads this name as Sḫti.; Inscription type: inscription Inscription script: hieroglyphic Inscription transliteration: ‘m-kʒ Inscription translation: Hemaka Inscription note: Impressed. Known to belong to the official although the name is lost on this fragment. On the reading of this name, see P. Kaplony, 'Die Inschriften der Ägyptischen Frühzeit I (Wiesbaden, 1963), 447-449.; ","Bibliography:
W. M. F. Petrie, 'Royal Tombs of the Earliest Dynasties' II, 30-1, 52, pls.XV, 106; XVI, 124
H. R. Hall, 'Catalogue of Egyptian scarabs etc. in the British Museum: Volume 1 : Royal scarabs' (London, 1913), 288, no.2 757; 
P. Kaplony, 'Die Inschriften der Ägyptischen Frühzeit III (Wiesbaden, 1964) , pls.8, abb.22; 13, abb. 29A; see also vols. I, 76 and II, 737, n.333; 1093, 1096;
B. Porter & R. Moss, 'Topographical Bibliography of Ancient Egyptian Hieroglyphic Texts, Reliefs and Paintings' V (Oxford: Clarendon Press), 78.",Spencer 1980 / Early Dynastic Objects,Not on display,,Named in inscription: Djer;  Named in inscription: Hemaka,Donated by: Egypt Exploration Fund,Excavated by: Egypt Exploration Fund,1901,,,Egypt and Sudan,EA35523,"1901,1012.23",
https://media.britishmuseum.org/media/Repository/Documents/2014_10/3_17/b818062f_8fd9_48ab_a533_a3b9012691da/preview_00213643_001.jpg,jar-sealing (object name),No: Optional[EA65906],"Part of a jar-seal: of dark brown clay, bearing an impressed inscription. Surface of clay worn, but otherwise in good condition.; ",,1st Dynasty,,Excavated/Findspot: Umm el-Qaab (Abydos) (?),clay,impressed,10.50 centimetres max ;  8.50 centimetres max ; ,"Inscription type: inscription Inscription script: hieroglyphic Inscription translation: Anedjib and his nsw-bỉtỉ name, Merpabia. Also the name of a building. Inscription note: The reading of the name of the building which also occurs on the seal is not entirely certain, but it probably represents a palace in Lower Egypt, if the signs under the name of the building are to be read mḥyt.
Kaplony suggests the reading ḥwt p Ḥr w‘ỉ nsw bỉd Mrỉ pw bỉʒ and gives strong arguments for interpreting the building as the royal palace of Buto (P. Kaplony, 'Die Inschriften der Ägyptischen Frühzeit II (Wiesbaden, 1964); 816-17, 858-61, 1126). Helck also believes the building to be a palace, but reads ḥwt p Ḥr msnw 'Mansion of the throne of Horus the harpooner' (W. Helck, ‘Untersuchungen zu den Beamtentiteln des ägyptischen alten Reiches’ (Gluckstadt, 1954), 32-3). See also the comments of Newberry, ‘Proceedings of the Society of Biblical Archaeology’ 34 (London, 1912), 280-1; Weill, ‘Recherches sur la première dynastie et les temps prépharaoniques' I (Cairo, 1961) , 125-36; Griffith, in Petrie, Royal Tombs of the Earliest Dynasties' I, 44; P. Lacau & J. P . Lauer, 'Pyramide à degrès’  IV, fasc. 2, 37. This building occurs on many inscriptions of the First and Second Dynasties; see the examples collected by Kaplony, 'Die Inschriften der Ägyptischen Frühzeit' II (Wiesbaden, 1964); 1224 (page references given there), and those in Lacau-Lauer, 'Pyramide à degrès' IV, fasc. 2. 9-11, 21-2, 37.; ","Bibliography:
W. M. F. Petrie, 'Royal Tombs of the Earliest Dynasties' I, pl.XXVI, 58; 
P. Kaplony, 'Die Inschriften der Ägyptischen Frühzeit III (Wiesbaden, 1964), pl.69, abb.250A; see also vols. I, 138 and II, 815, n.802;1126.",Spencer 1980 / Early Dynastic Objects,Not on display,,Named in inscription: Anedjib,Purchased from: Spink & Son Ltd,,1959,,,Egypt and Sudan,EA65906,"1959,1212.107",
https://media.britishmuseum.org/media/Repository/Documents/2014_10/3_17/96c49ee6_0522_46dd_a317_a3b90123e09d/preview_00212986_001.jpg,jar-sealing (object name),No: Optional[EA35607],"Part of a jar-seal: of black clay, with an impressed inscription giving the name of Djer, together with the standard of Wepwawet. Also on the seal are a number of other hieroglyphs.; ",,1st Dynasty,,Excavated/Findspot: Tomb of Djer,clay,,5.10 centimetres max ;  5.00 centimetres max ; ,"Inscription type: inscription Inscription script: hieroglyphic Inscription translation: Djer Inscription note: Impressed.; Inscription type: inscription Inscription script: hieroglyphic Inscription transliteration: It, Ny-Sḫtỉ Inscription note: These hieroglyphs have been interpreted as the names of princes. See P. Kaplony, 'Die Inschriften der Ägyptischen Frühzeit I (Wiesbaden, 1963), 435-6, 533.; ","Bibliography:
W. M. F. Petrie, 'Royal Tombs of the Earliest Dynasties' II, pl.XV, 109; 
H. R. Hall, 'Catalogue of Egyptian scarabs etc. in the British Museum: Volume 1 : Royal scarabs' (London, 1913), 287, no.2756; 
P. Kaplony, 'Die Inschriften der Ägyptischen Frühzeit III (Wiesbaden, 1964), pl.47, abb.175A; see also vols. I, 76 and II, 738, n.347; 1115;
B. Porter & R. Moss, 'Topographical Bibliography of Ancient Egyptian Hieroglyphic Texts, Reliefs and Paintings' V (Oxford: Clarendon Press), 78.",Spencer 1980 / Early Dynastic Objects,Not on display,ancient egyptian deity,Named in inscription: Djer;  Representation of: Wepwawet,Donated by: Egypt Exploration Fund,Excavated by: Egypt Exploration Fund,1901,,,Egypt and Sudan,EA35607,"1901,1012.107",
https://media.britishmuseum.org/media/Repository/Documents/2014_10/3_17/6d974912_0380_4c1e_b19d_a3b90125feda/preview_00213587_001.jpg,jar-sealing (object name),No: Optional[EA68677],"A conical jar-seal: of pale brown clay, bearing an impressed inscription which shows the repeated name of Den. The surface of the clay is in poor condition.; ",,1st Dynasty,,Excavated/Findspot: Tomb of Den,clay,impressed,18.00 centimetres base ;  14.00 centimetres; ,"Inscription type: inscription Inscription script: hieroglyphic Inscription translation: Serekh of Den Inscription note: Impressed. The details of the serekh show that this seal is of the type given in Kaplony's drawings as Abb. 202D or 204, but it is not possible to decide which of these alternatives is correct, because the official title which appears in the complete inscriptions is lost on this example.; ","Bibliography:
W. M. F. Petrie, 'Royal Tombs of the Earliest Dynasties' I, pl.XXIV, 44; 
W. M. F. Petrie, 'Royal Tombs of the Earliest Dynasties' II, pl. XVIII, 137
P. Kaplony, 'Die Inschriften der Ägyptischen Frühzeit III (Wiesbaden, 1964), pls.55, abb.202D; 56, abb. 204; see also vol. II, 1119.",Spencer 1980 / Early Dynastic Objects,Not on display,,Named in inscription: Den,Donated by: Egypt Exploration Society,,1976,,,Egypt and Sudan,EA68677,"1976,0724.131",
https://media.britishmuseum.org/media/Repository/Documents/2014_10/3_17/8fb5adf8_c125_42f2_ac23_a3b90126005f/preview_00213588_001.jpg,jar-sealing (object name),No: Optional[EA68678],Part of a conical jar-sealing: of pale grey clay with an impressed inscription giving the repeated name of Den. The impression occurs three times on the seal but only one is substantially complete. The surface of the clay is well preserved.; ,,1st Dynasty,,Excavated/Findspot: Tomb of Den,clay,impressed,20.00 centimetres base ;  16.00 centimetres; ,Inscription type: inscription Inscription script: hieroglyphic Inscription transliteration: ḫrp ḥrỉ-ỉb Inscription translation: The name Den followed by his official title (transliterated) Inscription note: Impressed.; ,"Bibliography:
W. M. F. Petrie, 'Royal Tombs of the Earliest Dynasties' I, pl.XXIV, 44; 
P. Kaplony, 'Die Inschriften der Ägyptischen Frühzeit III (Wiesbaden, 1964), pl.55, abb.202D; see also vol. II, 1119.",Spencer 1980 / Early Dynastic Objects,Not on display,,Named in inscription: Den,Donated by: Egypt Exploration Society,,1976,,,Egypt and Sudan,EA68678,"1976,0724.132",
https://media.britishmuseum.org/media/Repository/Documents/2014_10/3_17/c7dc3cbe_f5bf_48ab_941d_a3b90126074c/preview_00213591_001.jpg,jar-sealing (object name),No: Optional[EA68679],Conical jar-sealing of pale brown clay with an impressed inscription giving the repeated name of Den.The surface is in poor condition.; ,,1st Dynasty,,Excavated/Findspot: Tomb of Den,clay,impressed,17.00 centimetres base ;  22.00 centimetres; ,Inscription type: inscription Inscription script: hieroglyphic Inscription transliteration: ḫrp ḥrỉ-ỉb Inscription translation: The name Den followed by his official title (transliterated) Inscription note: Impressed. Effaced; ,"Bibliography:
W. M. F. Petrie, 'Royal Tombs of the Earliest Dynasties' I, pl.XXIV, 44; 
P. Kaplony, 'Die Inschriften der Ägyptischen Frühzeit III (Wiesbaden, 1964), pl.55, abb.202D; see also vol. II, 1119.",Spencer 1980 / Early Dynastic Objects,Not on display,,Named in inscription: Den,Donated by: Egypt Exploration Society,,1976,,,Egypt and Sudan,EA68679,"1976,0724.133",
https://media.britishmuseum.org/media/Repository/Documents/2014_10/1_7/06e2cea8_d27a_4930_b037_a3b700798de9/preview_00036139_001.jpg,jar-sealing (object name),No: Optional[EA32670],"Part of a jar-seal: of pale brown clay, with an impressed inscription giving the name of Semerkhet and the name of a building, possibly a wine-cellar. Good condition.; ",,1st Dynasty,,Excavated/Findspot: Tomb of Semerkhet,clay,impressed,11.00 centimetres max ;  11.00 centimetres; ,"Inscription type: inscription Inscription script: hieroglyphic Inscription translation: Semerkhet and the name of a building, possibly a wine-cellar.; ","Bibliography:
W. M. F. Petrie, 'Royal Tombs of the Earliest Dynasties' I,  26, 44, pl.XXVIII, 77;
H. R. Hall, 'Catalogue of Egyptian scarabs etc. in the British Museum: Volume 1 : Royal scarabs' (London, 1913), 288, no.2763; 
P. Kaplony, 'Die Inschriften der Ägyptischen Frühzeit III (Wiesbaden, 1964), pl.68, abb.243; see also vols. I, 142 and II, 823, n.822; 1125.",Spencer 1980 / Early Dynastic Objects,"On display (Room 64 - Early Egypt, Display Case 10)",,Named in inscription: Semerkhet,Donated by: Egypt Exploration Fund,Excavated by: Egypt Exploration Fund,1900,,,Egypt and Sudan,EA32670,"1900,1015.32",
https://media.britishmuseum.org/media/Repository/Documents/2014_9/29_21/dbcfd049_b751_4b64_aaa2_a3b5015e7b29/preview_00169833_001.jpg,jar-sealing (object name); seal-impression (object name),No: Optional[EA35510],"Part of a clay jar-seal: with the impression of a repeated design, showing a bird and the r-sign hieroglyph. The seal is fairly well preserved, the inscribed surface being slightly worn.; ",,Late Predynastic; 1st Dynasty,,Excavated/Findspot: Abydos,clay,,10.14 centimetres;  5.14 centimetres;  8.22 centimetres; ,"Inscription type: inscription Inscription script: hieroglyphic Inscription translation: Repeated design showing a bird and the r-sign hieroglyph. Inscription note: Impressed. The precise meaning to the group is not certain. Petrie in 'Abydos' I (London, 1902), 4, takes the group as a royal name, Horus Ro. Kaplony suggests (P. Kaplony, 'Die Inschriften der Ägyptischen Frühzeit, (Wiesbaden, 1963), 62; P. Kaplony, 'Die Inschriften der Ägyptischen Frühzeit II, (Wiesbaden, 1963), 721, n. 215; 1092) the alternative reading wr-rʒ as a private name. Otherwise, wr could merely signify great quality.; ","Bibliography:
W. M. F. Petrie, 'Royal Tombs of the Earliest Dynasties' II, pl. XIII, 96;
H. R. Hall, 'Catalogue of Egyptian scarabs etc. in the British Museum: Volume 1 : Royal scarabs' (London, 1913), 286, no. 2749;
P. Kaplony, 'Die Inschriften der Ägyptischen Frühzeit III, (Wiesbaden, 1964), pl. 7, abb. 13.","Spencer 1980 / Early Dynastic Objects; Hall 1913 / Catalogue of Egyptian scarabs, etc. in the British Museum","On display (Room 64 - Early Egypt, Display Case 10)",,Named in inscription: Horus (?),Donated by: Egypt Exploration Fund,Excavated by: Egypt Exploration Fund,1901,,,Egypt and Sudan,EA35510,"1901,1012.10",
https://media.britishmuseum.org/media/Repository/Documents/2014_10/3_17/80ed9b96_811a_464d_9014_a3b90121f0ae/preview_00212317_001.jpg,jar-sealing (object name),No: Optional[EA35509],"A fragment of a clay jar-seal: in a good state of preservation, bearing part of an impressed inscription giving the name Ka.; ",,Late Predynastic; 1st Dynasty,,Excavated/Findspot: Umm el-Qaab (Abydos),clay,impressed,3.50 centimetres max ;  3.90 centimetres max ; ,"Inscription type: inscription Inscription script: hieroglyphic Inscription translation: Ka Inscription note: Impressed. The name has been read Zḫn. See P. Kaplony. 'Orientalia Suecana' 7 (1958), 54ff.; ","Bibliography:
W. M. F. Petrie, 'Royal Tombs of the Earliest Dynasties' II, 19, 48, 30, 51, pl.II, 1, pl.XIII, 89;
P. Kaplony, 'Die Inschriften der Ägyptischen Frühzeit, I (Wiesbaden, 1963), 62;
P. Kaplony, 'Die Inschriften der Ägyptischen Frühzeit, II (Wiesbaden, 1964), 720, n. 210.",Spencer 1980 / Early Dynastic Objects,"On display (Room 64 - Early Egypt, Display Case 10)",,Named in inscription: Ka,Donated by: Egypt Exploration Fund,Excavated by: Egypt Exploration Fund,1901,,,Egypt and Sudan,EA35509,"1901,1012.9",
https://media.britishmuseum.org/media/Repository/Documents/2014_10/3_17/0a15c311_c52b_46d7_b08a_a3b901239f0a/preview_00212957_001.jpg,jar-sealing (object name),No: Optional[EA35520],"Part of a jar-seal: of dark grey clay, bearing the repeated impression of the name of Aḥa, together with two signs. The clay is slightly cracked but the inscribed surface is well-preserved.; ",,1st Dynasty,,Excavated/Findspot: Abydos,clay,impressed,8.50 centimetres max ;  7.00 centimetres max ; ,"Inscription type: inscription Inscription script: hieroglyphic Inscription transliteration: Aḥa ḥt Inscription note: Impressed. This has been interpreted as a personal name, P. Kaplony, 'Die Inschriften der Ägyptischen Frühzeit II (Wiesbaden, 1964), 1103. Parts of this seal differ slightly from Kaplony's drawing, in showing a serekh with three vertical bars, with the 't' of ḥt standing above the level of the base of the serekh. Kaplony's examples with three bars in the serekh all have the 't' level with the base; when it is above then the serekh has four vertical bars.; ","Bibliography:
W. M. F. Petrie, 'Royal Tombs of the Earliest Dynasties' II, pl.XIV, 99; 
H. R. Hall, 'Catalogue of Egyptian scarabs etc. in the British Museum: Volume 1 : Royal scarabs' (London, 1913), 287, no.2 752; 
P. Kaplony, 'Die Inschriften der Ägyptischen Frühzeit III (Wiesbaden, 1964), pl.29, abb.78C; see also vol. I, 63 and II, 723, n. 228; 1103;
B. Porter & R. Moss, 'Topographical Bibliography of Ancient Egyptian Hieroglyphic Texts, Reliefs and Paintings' V (Oxford: Clarendon Press), 88.",Spencer 1980 / Early Dynastic Objects,"On display (Room 64 - Early Egypt, Display Case 10)",,Named in inscription: Aha,Donated by: Egypt Exploration Fund,Excavated by: Egypt Exploration Fund,1901,,,Egypt and Sudan,EA35520,"1901,1012.20",
,jug (object name),No: Optional[EA56904],"The neck of a one-handled jug: of pale yellow-brown pottery, containing many small stones in the clay and covered with a polished red slip. Good condition.; ",,1st Dynasty,,Found/Acquired: Umm el-Qaab (Abydos),pottery,burnished; slipped,4.90 centimetres max;excluding handle ;  4.80 centimetres max ; ,,,Spencer 1980 / Early Dynastic Objects,Not on display,,,Donated by: Dr Harry Reginald Holland Hall,,1926,,,Egypt and Sudan,EA56904,"1926,0510.2",
https://media.britishmuseum.org/media/Repository/Documents/2014_10/3_21/72a9744c_62cf_4883_a999_a3b9015fe196/preview_00229195_001.jpg,knife (object name),No: Optional[EA68736],The rounded tip of a triangular knife: made of transparent rock-crystal. Roughly chipped around the edges.; ,,1st Dynasty,,Excavated/Findspot: Abydos,rock crystal,flaked,2.60 centimetres;  0.50 centimetres;  3.40 centimetres max ; ,,,Spencer 1980 / Early Dynastic Objects,Not on display,,,Donated by: Egypt Exploration Fund,Excavated by: Egypt Exploration Fund,1900,,,Egypt and Sudan,EA68736,"1900,1005.49",
https://media.britishmuseum.org/media/Repository/Documents/2014_10/3_21/fab754d2_9f1f_40f7_a49b_a3b9015ffee0/preview_00229208_001.jpg,knife (object name),No: Optional[EA68738],The rounded tip of a bifacial trinagular flint knife: darkened to dull grey by burning. Pressure flaked all over and sharpened on both edges.; ,,1st Dynasty,,Excavated/Findspot: Umm el-Qaab (Abydos),flint,flaked,6.90 centimetres;  0.80 centimetres;  6.60 centimetres max ; ,,"See W. M. F. Petrie, 'Abydos' I (London, 1902), pl.XIV & pl.XV.",Spencer 1980 / Early Dynastic Objects,Not on display,,,Donated by: Egypt Exploration Fund,Excavated by: Egypt Exploration Fund,1900,,,Egypt and Sudan,EA68738,"1901,1028.1",
https://media.britishmuseum.org/media/Repository/Documents/2014_10/3_21/a60f312d_8034_4353_8602_a3b901603061/preview_00229229_001.jpg,knife (object name),No: Optional[EA68745],The narrow tip of a triangular bifacial flint knife: darkened to black by burning. Pressure flaked all over and chipped along the edge.; ,,1st Dynasty,,Excavated/Findspot: Umm el-Qaab (Abydos),flint,flaked,5.50 centimetres;  0.50 centimetres;  2.90 centimetres max ; ,,"See W. M. F. Petrie, 'Abydos' I (London, 1902), pl.XIV.",Spencer 1980 / Early Dynastic Objects,Not on display,,,Donated by: Egypt Exploration Fund,Excavated by: Egypt Exploration Fund,1900,,,Egypt and Sudan,EA68745,"1901,1028.8",
https://media.britishmuseum.org/media/Repository/Documents/2014_10/3_21/23435de0_a6f4_4a3b_82ba_a3b9016013dc/preview_00229264_001.jpg,knife (object name),No: Optional[EA68768],"The handle of a bifacial knife: of dark brown flint, thickest at the bottom edge and terminating in a downcurving point. Chipped along edges.; ",,1st Dynasty,,Excavated/Findspot: Tomb of Djer (?);  Excavated/Findspot: Tomb of Djet (?),flint,,4.20 centimetres;  0.50 centimetres;  2.10 centimetres max ; ,,"Bears excavators mark. O. The flints 68755-69 are recorded in the registers of the British and Medieval Department as coming from the tomb of Djet, but 10 of this group definitely come from the tomb of Djer, and it is almost certain that the same is true of the remaining 5.
See W. M. F. Petrie, 'Abydos' I (London, 1902), pl.XIV, group marked O.",Spencer 1980 / Early Dynastic Objects,Not on display,,,Donated by: Egypt Exploration Fund,Excavated by: Egypt Exploration Fund,1901,,,Egypt and Sudan,EA68768,"1901,1028.31",
https://media.britishmuseum.org/media/Repository/Documents/2014_10/3_21/35b375fb_9a9f_45c4_b144_a3b901602d7e/preview_00229273_001.jpg,knife (object name),No: Optional[EA68769],"Two fragments of a bifacial knife: of dark brown flint, one being the rounded tip of the blade and the other part of the middle section. Pressure flaked, with careful sharpening of the edge. One face is flat and the other slightly convex.; ",,1st Dynasty,,Excavated/Findspot: Tomb of Djer,flint,flaked,7.10 centimetres larger fragment ;  2.70 centimetres smaller fragment ;  9.80 centimetres whole ;  4.00 centimetres larger fragment ;  3.80 centimetres; ,,"See also W. M. F. Petrie, 'Abydos' I (London, 1902), pl.XIV, group O.",Davies 1987 / Catalogue of Egyptian Antiquities in the British Museum; Spencer 1980 / Early Dynastic Objects,Not on display,,,Donated by: Egypt Exploration Fund,Excavated by: Egypt Exploration Fund,1901,,,Egypt and Sudan,EA68769,"1901,1028.32",
https://media.britishmuseum.org/media/Repository/Documents/2014_10/3_21/1bddb2e3_0fb8_4c44_ab8e_a3b90160204f/preview_00229223_001.jpg,knife (object name),No: Optional[EA68742],"Part of the blade of a bifacial knife: darkened to black by burning, carefully pressure flaked. Broken at each end.; ",,1st Dynasty,,Excavated/Findspot: Tomb of Den,flint,flaked,5.80 centimetres;  0.70 centimetres;  5.30 centimetres max ; ,,"See W. M. F. Petrie, 'Abydos' I (London, 1902), pl.XIV, group T.",Spencer 1980 / Early Dynastic Objects,Not on display,,,Donated by: Egypt Exploration Fund,Excavated by: Egypt Exploration Fund,1900,,,Egypt and Sudan,EA68742,"1901,1028.5",
,knife (object name),No: Optional[EA68732],"The rounded tip of a bifacial knife: of dark grey flint, extensively pitted on both surfaces.   Originally pressure flaked but now considerably damaged, particularly at the edges.; ",,1st Dynasty,,Excavated/Findspot: Tomb of Qaa,flint,flaked,8.90 centimetres;  0.70 centimetres;  5.60 centimetres max ; ,,"see Petrie, Abydos I, pl.XV, group Q",Spencer 1980 / Early Dynastic Objects,Not on display,,,Donated by: Egypt Exploration Fund,Excavated by: Egypt Exploration Fund,1900,,,Egypt and Sudan,EA68732,"1900,1005.45",
https://media.britishmuseum.org/media/Repository/Documents/2014_10/3_21/727962c6_b359_440d_83dc_a3b9015bcc10/preview_00227932_001.jpg,knife (object name),No: Optional[EA68068],"A bifacial flint knife: without handle, of a mottled cream and pale brown colour. The surfaces have been roughly flaked and the edge has been sharpened by chipping. One corner broken away.; ",,1st Dynasty,,Excavated/Findspot: Saqqara (Memphis),flint,flaked,17.10 centimetres;  1.00 centimetres;  7.70 centimetres max ; ,,"Bibliography:
W. B. Emery, 'Great tombs of the First Dynasty; excavations at Sakkara' III (London, 1958), 51 and pl. 125 (2).",Spencer 1980 / Early Dynastic Objects,Not on display,,,Donated by: Egypt Exploration Society,Excavated by: Sir William Matthew Flinders Petrie,1971,,,Egypt and Sudan,EA68068,"1971,0227.1",
https://media.britishmuseum.org/media/Repository/Documents/2014_10/3_21/5dd162a0_d884_4688_8c17_a3b9015ff5ae/preview_00229157_001.jpg,knife (object name),No: Optional[EA68711],"Part of the blade of a bifacial knife: of pale cream flint, roughly worked, with a thick back and poorly chipped edge. Broken off at each end.; ",,1st Dynasty,,Excavated/Findspot: Tomb of Anedjib,flint,flaked,9.30 centimetres max ;  0.80 centimetres;  3.60 centimetres max ; ,,"Bibliography:
W. M. F. Petrie, 'Abydos' I (London, 1902), 8, pl.XV, group marked X, 3rd from bottom.",Spencer 1980 / Early Dynastic Objects,Not on display,,,Donated by: Egypt Exploration Fund,Excavated by: Egypt Exploration Fund,1900,,,Egypt and Sudan,EA68711,"1900,1005.24",
https://media.britishmuseum.org/media/Repository/Documents/2014_10/3_21/358d241c_8eef_49e7_ad07_a3b9015fe470/preview_00229147_001.jpg,knife (object name),No: Optional[EA68702],"Part of the blade of a bifacial knife: of dark grey flint, pressure flaked over the whole surface and retouched along the edge. Curved blade, broken at each end.; ",,1st Dynasty,,Excavated/Findspot: Tomb of Merneit,flint,flaked,8.80 centimetres max ;  0.80 centimetres;  6.50 centimetres max ; ,,"Bibliography:
W. M. F. Petrie, 'Abydos' I (London, 1902), 8, pl.XIV,  group marked Y, 2nd from bottom.",Spencer 1980 / Early Dynastic Objects,Not on display,,,Donated by: Egypt Exploration Fund,Excavated by: Egypt Exploration Fund,1900,,,Egypt and Sudan,EA68702,"1900,1005.15",
https://media.britishmuseum.org/media/Repository/Documents/2014_10/3_21/e1bef830_830d_4250_9724_a3b9015fd4b8/preview_00229138_001.jpg,knife (object name),No: Optional[EA68695],"Part of the blade of a bifacial knife: of dark brown flint, sharpened on both edges by pressure flaking. Broken off at each end.; ",,1st Dynasty,,Excavated/Findspot: Tomb of Djet,flint,flaked,4.70 centimetres max ;  0.80 centimetres;  3.20 centimetres max ; ,,"Bibliography:
W. M. F. Petrie, 'Abydos' I (London, 1902), 8, pl.XIV, group marked Z.",Spencer 1980 / Early Dynastic Objects,Not on display,,,Donated by: Egypt Exploration Fund,Excavated by: Egypt Exploration Fund,1900,,,Egypt and Sudan,EA68695,"1900,1005.8",
https://media.britishmuseum.org/media/Repository/Documents/2014_10/13_21/e432c53d_c2ba_4aab_9a68_a3c3015d3d70/preview_00837078_001.jpg,knife (object name),No: Optional[EA68154],"Four corroded pieces of a broad knife-blade of very corroded copper:  with a tang of square section extending 5.0cm from the butt. The original length of the knife is uncertain, because the front of the blade has been bent back on itself and the metal folded over three times.; ",,1st Dynasty,,Excavated/Findspot: Saqqara (Memphis) (?),copper,beaten; folded,15.80 centimetres largest piece ;  151.00 grammes;  0.69 centimetres largest piece ;  4.11 centimetres largest piece ; ,,"Bibliography; 
W. B. Emery, W. B. Emery, 'Great tombs of the First Dynasty; excavations at Sakkara' III (London, 1958), 50, no. 6 (probably this knife, but as Emery does not illustrate the object it is impossible to be sure).
For similar Early Dynastic knives, see W. B. Emery, 'Great tombs of the First Dynasty; excavations at Sakkara' I' (Cairo, 1949), 24-30 and pl.9A; W. M. F. Petrie, 'Tombs of the courtiers and Oxyrhynkos' (London, 1925),  pl.V, 14; W. M. F. Petrie, 'Tarkhan I and Memphis V' (London, 1913), pl.IV, 1; ; W. M. F. Petrie, 'Tarkhan' II (London, 1914), pls.I, III, 6; ); J. Garstang, ‘Maḥâsna and Bêt Khallâf’ (London, 1989), pl.XVI, 1-2; Z. Y. Saad, 'The excavations at Helwan art and civilization in the first and second Egyptian dynasties' (Norman, 1969),  pl.XVIIa.",Spencer 1980 / Early Dynastic Objects,Not on display,,,Donated by: Egypt Exploration Society,,1971,,,Egypt and Sudan,EA68154,"1971,0227.88",
https://media.britishmuseum.org/media/Repository/Documents/2014_10/3_21/5ee71f08_b3b9_4ecd_980d_a3b901600882/preview_00229212_001.jpg,knife (object name),No: Optional[EA68740],"Part of the blade of a bifacial rectangular knife: of striped grey and cream flint, carefully pressure flaked and sharpened. Broken off at each end.; ",,1st Dynasty,,Excavated/Findspot: Umm el-Qaab (Abydos),flint,flaked,7.20 centimetres;  0.80 centimetres;  5.60 centimetres max ; ,,"See W. M. F. Petrie, 'Abydos' I (London, 1902), pl.XIV & pl.XV.",Spencer 1980 / Early Dynastic Objects,Not on display,,,Donated by: Egypt Exploration Fund,Excavated by: Egypt Exploration Fund,1900,,,Egypt and Sudan,EA68740,"1901,1028.3",
https://media.britishmuseum.org/media/Repository/Documents/2014_10/3_21/6e7f2dd7_6174_4c19_b4c5_a3b901602569/preview_00229225_001.jpg,knife (object name),No: Optional[EA68743],"Part of the blade of a rectangular bifacial knife; of brown flint, pressure flaked over the surface and roughly chipped at the cutting edge. Broken at each end.; ",,1st Dynasty,,Excavated/Findspot: Umm el-Qaab (Abydos),flint,flaked,5.20 centimetres;  0.60 centimetres;  4.60 centimetres max ; ,,"See W. M. F. Petrie, 'Abydos' I (London, 1902), pl.XIV & pl.XV.",Spencer 1980 / Early Dynastic Objects,Not on display,,,Donated by: Egypt Exploration Fund,Excavated by: Egypt Exploration Fund,1900,,,Egypt and Sudan,EA68743,"1901,1028.6",
https://media.britishmuseum.org/media/Repository/Documents/2014_10/3_21/41295ec5_e40b_4465_8240_a3b901600c1c/preview_00229214_001.jpg,knife (object name),No: Optional[EA68741],Part of the blade of a bifacial triangular flint knife: restored from three fragments and darkened to a dull grey colour by burning.  The surfaces are carefully pressure flaked but no part of the cutting edge is preserved. Broken off at each end.; ,,1st Dynasty,,Excavated/Findspot: Umm el-Qaab (Abydos),flint,flaked,8.30 centimetres;  0.70 centimetres;  5.30 centimetres max ; ,,"See W. M. F. Petrie, 'Abydos' I (London, 1902), pl.XIV & pl.XV.",Spencer 1980 / Early Dynastic Objects,Not on display,,,Donated by: Egypt Exploration Fund,Excavated by: Egypt Exploration Fund,1900,,,Egypt and Sudan,EA68741,"1901,1028.4",
https://media.britishmuseum.org/media/Repository/Documents/2014_10/3_21/6ca5d2b3_91d3_41d9_b068_a3b901602e68/preview_00229228_001.jpg,knife (object name),No: Optional[EA68744],Part of the blade of a rectangular bifacial knife: darkened to black by burning. Carefully pressure flaked. Broken off at each end.; ,,1st Dynasty,,Excavated/Findspot: Umm el-Qaab (Abydos),flint,flaked,5.50 centimetres;  0.70 centimetres;  5.90 centimetres max ; ,,"See W. M. F. Petrie, 'Abydos' I (London, 1902), pl.XIV & pl.XV.",Spencer 1980 / Early Dynastic Objects,Not on display,,,Donated by: Egypt Exploration Fund,Excavated by: Egypt Exploration Fund,1900,,,Egypt and Sudan,EA68744,"1901,1028.7",
https://media.britishmuseum.org/media/Repository/Documents/2014_10/3_21/fd000c0a_ca1b_41e0_8e5e_a3b9015fdf3f/preview_00229143_001.jpg,knife (object name),No: Optional[EA68699],"The pointed tip of a bifacial knife: of pale brown flint, carefully pressure flaked over the whole surface and retouched along the edge.; ",,1st Dynasty,,Excavated/Findspot: Tomb of Merneit,flint,flaked,4.70 centimetres max ;  0.70 centimetres;  5.70 centimetres max ; ,,"see Petrie, Abydos I, pl.XIV, group marked Y",Spencer 1980 / Early Dynastic Objects,Not on display,,,Donated by: Egypt Exploration Fund,Excavated by: Egypt Exploration Fund,1900,,,Egypt and Sudan,EA68699,"1900,1005.11",
https://media.britishmuseum.org/media/Repository/Documents/2014_10/3_21/e24d990b_2a56_4757_a0ce_a3b9016009ce/preview_00229260_001.jpg,knife (object name),No: Optional[EA68767],"The handle of a bifacial knife: of translucent brown flint, thickest at the bottom edge and terminating in a downcurving point.; ",,1st Dynasty,,Excavated/Findspot: Tomb of Djer,flint,,5.70 centimetres;  0.50 centimetres;  3.10 centimetres max ; ,,"Bears excavators mark. O. The flints 68755-69 are recorded in the registers of the British and Medieval Department as coming from the tomb of Djet, but 10 of this group definitely come from the tomb of Djer, and it is almost certain that the same is true of the remaining 5.
Bibliography:
Possibly W. M. F. Petrie, 'Abydos' I (London, 1902), 8, pl.XIV, group marked O, bottom of group, 4th from right.",Spencer 1980 / Early Dynastic Objects,Not on display,,,Donated by: Egypt Exploration Fund,Excavated by: Egypt Exploration Fund,1901,,,Egypt and Sudan,EA68767,"1901,1028.30",
https://media.britishmuseum.org/media/Repository/Documents/2014_10/3_21/9826326f_5783_4d40_a139_a3b9015fd682/preview_00229139_001.jpg,knife (object name),No: Optional[EA68696],"The handle of a bifacial knife: of brown flint, thickest at the lower edge and terminating in a downcurving point. Pressure flaked surfaces.; ",,1st Dynasty,,Excavated/Findspot: Tomb of Djet,flint,flaked,5.20 centimetres max ;  0.60 centimetres;  3.10 centimetres max ; ,,"Bibliography:
W. M. F. Petrie, 'Abydos' I (London, 1902), 8, pl.XIV, group marked Z",Spencer 1980 / Early Dynastic Objects,Not on display,,,Donated by: Egypt Exploration Fund,Excavated by: Egypt Exploration Fund,1900,,,Egypt and Sudan,EA68696,"1900,1005.9",
https://media.britishmuseum.org/media/Repository/Documents/2014_10/3_21/85d763af_fc1b_4463_a796_a3b9015ffeee/preview_00229162_001.jpg,knife (object name),No: Optional[EA68719],"Part of the blade of a bifacial knife: of brown flint, pressure flaked over the whole surface and sharpened on both edges. Broken off at each end.; ",,1st Dynasty,,Excavated/Findspot: Tomb of Semerkhet,flint,flaked,5.80 centimetres max ;  0.70 centimetres;  7.50 centimetres max ; ,,"Bibliography:
W. M. F. Petrie, 'Abydos' I (London, 1902), 8, pl.XV, group marked U, 4th from bottom.",Spencer 1980 / Early Dynastic Objects,Not on display,,,Donated by: Egypt Exploration Fund,Excavated by: Egypt Exploration Fund,1900,,,Egypt and Sudan,EA68719,"1900,1005.32",
https://media.britishmuseum.org/media/Repository/Documents/2014_10/3_21/2182c96f_c0e7_453d_87e9_a3b9015fcd8d/preview_00229134_001.jpg,knife (object name),No: Optional[EA68690],"Part of the blade of a bifacial knife: of pale brown flint, carefully pressure flaked. The jagged cutting edge has been damaged and the piece is broken off at each end.; ",,1st Dynasty,,Excavated/Findspot: Tomb of Djet,flint,flaked,8.50 centimetres max ;  0.60 centimetres;  6.00 centimetres max ; ,,"Petrie, Abydos I, 8, pl.XIV, centre of group marked Z",Spencer 1980 / Early Dynastic Objects,Not on display,,,Donated by: Egypt Exploration Fund,Excavated by: Egypt Exploration Fund,1900,,,Egypt and Sudan,EA68690,"1900,1005.3",
,knife (object name),No: Optional[EA68723],"Part of the blade and handle of a bifacial knife: of brown flint, carefully pressure flaked over the whole surface but only roughly sharpened by chipping at the edge. Broken off at each end.; ",,1st Dynasty,,Excavated/Findspot: Tomb of Qaa,flint,flaked,8.50 centimetres;  0.70 centimetres;  5.20 centimetres max ; ,,"Bibliography:
W. M. F. Petrie, 'Abydos' I (London, 1902), 8, pl.XV, group marked Q, 3rd from bottom.",Spencer 1980 / Early Dynastic Objects,Not on display,,,Donated by: Egypt Exploration Fund,Excavated by: Egypt Exploration Fund,1900,,,Egypt and Sudan,EA68723,"1900,1005.36",
https://media.britishmuseum.org/media/Repository/Documents/2014_10/3_21/f92c619a_3b83_49a0_9fd7_a3b901603b42/preview_00229234_001.jpg,knife (object name),No: Optional[EA68749],"The handle of a bifacial knife: of brown flint, thickest at the lower edge and terminating in a downcurving point. Surfaces pressure flaked.; ",,1st Dynasty,,Excavated/Findspot: Tomb of Den,flint,flaked,5.80 centimetres;  0.80 centimetres;  4.30 centimetres max ; ,,"Bibliography:
W. M. F. Petrie, 'Abydos' I (London, 1902), 8, pl.XIV, group T.",Spencer 1980 / Early Dynastic Objects,Not on display,,,Donated by: Egypt Exploration Fund,Excavated by: Egypt Exploration Fund,1900,,,Egypt and Sudan,EA68749,"1901,1028.12",
https://media.britishmuseum.org/media/Repository/Documents/2014_10/3_21/6d3cfd16_893a_4677_8b60_a3b9015fe4b7/preview_00229246_001.jpg,knife (object name),No: Optional[EA68756],The handle and back part of the blade of a crystal knife: roughly chipped on both faces. The cutting edge is not properly sharpened.; ,,1st Dynasty,,Excavated/Findspot: Tomb of Djer,mineral,flaked,6.70 centimetres;  2.90 centimetres max ; ,,"Bibliography:
W. M. F. Petrie, 'Royal Tombs of the Earliest Dynasties' II, 23, pl.VI, 8.",Spencer 1980 / Early Dynastic Objects,Not on display,,,Donated by: Egypt Exploration Fund,Excavated by: Egypt Exploration Fund,1901,,,Egypt and Sudan,EA68756,"1901,1028.19",
https://media.britishmuseum.org/media/Repository/Documents/2014_10/3_21/fb86d285_f866_4146_9f9f_a3b9016002b2/preview_00229210_001.jpg,knife (object name),No: Optional[EA68739],"Part of the blade of a rectangular bifacial knife: of dark brown flint, carefully pressure flaked over the surface, but roughly sharpened along the edge by chipping. Broken off at each end.; ",,1st Dynasty,,Excavated/Findspot: Tomb of Den,flint,flaked,7.30 centimetres;  0.70 centimetres;  4.90 centimetres max ; ,,"See W. M. F. Petrie, 'Abydos' I (London, 1902), pl.XIV, group T.",Spencer 1980 / Early Dynastic Objects,Not on display,,,Donated by: Egypt Exploration Fund,Excavated by: Egypt Exploration Fund,1900,,,Egypt and Sudan,EA68739,"1901,1028.2",
https://media.britishmuseum.org/media/Repository/Documents/2014_10/3_21/41a362fc_07ca_4961_9959_a3b9015ffb04/preview_00229160_001.jpg,knife (object name),No: Optional[EA68717],"Part of the blade of a bifacial knife: of mottled brown flint, carefully pressure flaked and sharpened. Broken off at each end.; ",,1st Dynasty,,Excavated/Findspot: Tomb of Anedjib,flint,flaked,7.00 centimetres max ;  0.80 centimetres;  5.30 centimetres max ; ,,"Bibliography:
W. M. F. Petrie, 'Abydos' I (London, 1902), 8, pl.XV, 2nd from bottom of group marked X.",Spencer 1980 / Early Dynastic Objects,Not on display,,,Donated by: Egypt Exploration Fund,Excavated by: Egypt Exploration Fund,1900,,,Egypt and Sudan,EA68717,"1900,1005.30",
https://media.britishmuseum.org/media/Repository/Documents/2014_10/3_21/3b2f74a6_ad92_4cc4_a1cd_a3b9016047c3/preview_00229240_001.jpg,knife (object name),No: Optional[EA68754],"The rounded tip of the blade of a triangular bifacial flint knife: one surface is flat and the other slightly convex, with the cutting edge roughly chipped.; ",,1st Dynasty,,Excavated/Findspot: Abydos,flint,flaked,9.40 centimetres;  0.60 centimetres;  5.50 centimetres max ; ,,"Marked in pencil 'B'.
Bibliography:
W. M. F. Petrie, 'Abydos' I (London, 1902), pl. XIV, in group of knife-fragments marked B.",Spencer 1980 / Early Dynastic Objects,Not on display,,,Donated by: Egypt Exploration Fund,Excavated by: Egypt Exploration Fund,1901,,,Egypt and Sudan,EA68754,"1901,1028.17",
,knife (object name); model (object name),No: Optional[EA68120],A unifacial flint implement: very roughly chipped into the form of a flint knife with a projecting handle. There is a large patch of white crust on one face.; ,Qaa,1st Dynasty,,Excavated/Findspot: Saqqara (Memphis),flint,flaked,10.70 centimetres max ;  1.10 centimetres;  3.80 centimetres max ; ,,"Made as a non-functional model tool for funerary purposes. 
A list of the types of flint implements found in tomb 3505 is given in W. B. Emery, 'Great tombs of the First Dynasty; excavations at Sakkara' III (London, 1958), 14-15, but it is so abbreviated as to be of little use.",Spencer 1980 / Early Dynastic Objects,Not on display,,,Donated by: Egypt Exploration Society,Excavated by: Prof Walter B Emery,1971,,,Egypt and Sudan,EA68120,"1971,0227.54",
https://media.britishmuseum.org/media/Repository/Documents/2014_10/3_21/bad0f8d1_770d_4666_9d5c_a3b9015bcd99/preview_00227933_001.jpg,knife (object name),No: Optional[EA68071],"The handle and rear part of the blade of a bifacial knife: of brown flint. The workmanship is rough, particularly along the edges, which have been carelessly chipped.; ",Qaa,1st Dynasty,,Excavated/Findspot: Saqqara (Memphis),flint,flaked,13.20 centimetres;  0.80 centimetres;  4.40 centimetres max ; ,,"A list of the types of flint implements found in tomb 3505 is given in W. B. Emery, 'Great tombs of the First Dynasty; excavations at Sakkara' III (London, 1958), 14-15, but it is so abbreviated as to be of little use.",Spencer 1980 / Early Dynastic Objects,Not on display,,,Donated by: Egypt Exploration Society,Excavated by: Prof Walter B Emery,1971,,,Egypt and Sudan,EA68071,"1971,0227.4",
,knife (object name),No: Optional[EA68118],"The front part of the blade of a bifacial knife: of brown flint, roughly worked by chipping. The cutting edge is convex and the tip of the blade is rounded.; ",Qaa,1st Dynasty,,Excavated/Findspot: Saqqara (Memphis),flint,flaked,8.90 centimetres max ;  1.20 centimetres;  5.60 centimetres max ; ,,"A list of the types of flint implements found in tomb 3505 is given in W. B. Emery, 'Great tombs of the First Dynasty; excavations at Sakkara' III (London, 1958), 14-15, but it is so abbreviated as to be of little use.",Spencer 1980 / Early Dynastic Objects,Not on display,,,Donated by: Egypt Exploration Society,Excavated by: Prof Walter B Emery,1971,,,Egypt and Sudan,EA68118,"1971,0227.52",
https://media.britishmuseum.org/media/Repository/Documents/2014_11/6_19/49107bdf_31b9_4e8b_bc01_a3db0146a415/preview_01265192_001.jpg,knife (object name),No: Optional[EA74721],"Bifacial knife of brown flint, with a short, integral handle. The broad blade is curved, with a convex cutting edge and concave back, and a pointed tip. The back of the handle ends in a sharp point.; ",,1st Dynasty,3100BC-2890BC,Found/Acquired: Egypt,flint,,24.50 centimetres;  5.60 centimetres; ,,,,"On display (Room 64 - Early Egypt, Display Case 7)",,,Purchased from: Dr Felix Azpilicueta,,1995,,,Egypt and Sudan,EA74721,"1995,0211.1",
https://media.britishmuseum.org/media/Repository/Documents/2014_10/3_19/a34e13ca_4e08_4c17_8261_a3b90139a828/00218764_001.jpg,label (object name),No: Optional[EA55589],A square ivory label: perforated for attachment in the top right-hand corner. The front surface is inscribed in hieroglyphs.; ,,1st Dynasty,,Excavated/Findspot: Naqada,ivory,pierced; incised,1.60 centimetres;  1.50 centimetres; ,"Inscription type: inscription Inscription position: obverse Inscription script: hieroglyphic Inscription translation: Neitḥotep Inscription note: Incised. For other inscriptions of Queen Neitḥotep, see P. Kaplony, 'Die Inschriften der Ägyptischen Frühzeit I (Wiesbaden, 1963), 588-92.; Inscription type: inscription Inscription position: reverse Inscription script: hieroglyphic Inscription translation: 135 Inscription note: Incised. Numeral probably referring to the number of beads on a necklace. Cf. J. de Morgan, ‘Recherches sur les Origines de l’Égypte' II, 167, figs. 550-5.; ","Bibliography:
'Macgregor Sale Catalogue (1922)', 676b;
P. E. Newberry, ‘Proceedings of the Society of Biblical Archaeology’ 34 (London, 1912), 284 and pl. XXXI, 1;
P. Kaplony, 'Die Inschriften der Ägyptischen Frühzeit I (Wiesbaden, 1963), 589;
J. Garstang, Zeitschrift für Ägyptische Sprache und Altertumskunde 42 (Leipzig and Berlin, 1905), 63.",Spencer 1980 / Early Dynastic Objects,"On display (Room 64 - Early Egypt, Display Case 9)",,Named in inscription: Neithotep,Purchased through: Sotheby's;  Purchased from: Rev William MacGregor,Excavated by: Prof John Garstang,1922,Lot 676b at sale.,,Egypt and Sudan,EA55589,"1922,0708.5",
https://media.britishmuseum.org/media/Repository/Documents/2014_10/11_5/4969f3f6_bb5c_41a1_a830_a3c100538da2/preview_00602401_001.jpg,label (object name),No: Optional[EA55586],"Ivory label for a sandal: It is well-preserved and restored from three fragments, with a hole for attachment at the top right-hand corner. The two lower corners have been cut off at an angle. On the front surface is an incised scene showing the king Den with an upraised mace, about to strike a captive. The king's name is written before him, in the centre of the top of the label. He wears a bull's tail, symbolic of fertility and ferocious power. Instead of a crown, however, Den wears an archaic version of a royal headcloth, with the rearing neck and head of a royal uraeus cobra at his forehead. 
That the enemy is an Easterner is indicated by his long locks and pointed beard, which resemble those on later depictions of Asiatic foes. On the right is the  standard of Wepwawet and an inscription. Behind the figure of the king are three signs giving the name of the official Inka. The reverse side of the label bears an incised picture of a pair of sandals, indicating the type of object to which the label was attached.; ",,1st Dynasty,2985BC (approximately),Excavated/Findspot: Abydos,ivory,incised; perforated; cut,4.50 centimetres;  10.00 grammes;  5.30 centimetres;  0.30 centimetres; ,"Inscription type: inscription Inscription script: hieroglyphic Inscription translation: First Occasion of Smiting in the East Inscription note: Incised.; Inscription type: inscription Inscription script: hieroglyphic Inscription transliteration: jnkʒ Inscription translation: Inka Inscription note: Incised. Probably to be understood as the name of an official. See P. Kaplony, 'Die Inschriften der Ägyptischen Frühzeit I (Wiesbaden, 1963), 423.; Inscription type: inscription Inscription script: hieroglyphic Inscription translation: Den Inscription note: Incised. Another group of three hieroglyphs in front of the king are of uncertain meaning. Possibly the signs could be read 'tm.sn', or 'They shall not exist', referring to Egypt's enemies as represented by the captive.. The form of the sign at the top of the group is not a very good rendering of 'tm', however.; ","Like all Egyptian reliefs, this plaque demonstrates the interaction between graphic imagery and hieroglyphic writing. Both Den's figure and his name face right; the king's image can actually be read as an ideographic component of his name. Throughout Egyptian history, the rightward orientation, which is shared here by the Wepwawet standard, was preferred, both for dominant figures and for writing. Thus even the prisoner's leftward orientation defines him as subordinate and inferior. A gravel-spotted desert serves as a ground line. At the right, it extends upward into a small hill that may symbolize the home of the Easterner. More significantly, it also recalls the three desert hills that make up the hieroglyphic sign for ""foreign lands"". Taken as a whole, the vignette can be read as an ideographic complement of the text ""smiting the East,"" in the same way that Den's figure completes his name.
Two more inscriptions occur, one on either side of Den's body. The one behind him contains the name of Inka, a high official. The other is too archaic to be read with certainty (but see the suggestion made in the Inscription field). The figures, on the other hand, are stylistically much more developed than the schematic renderings on most other First Dynasty images. Den's long-limbed body is well proportioned. In marked contrast to the smiting king on the Narmer palette, a strong forward movement is conveyed by the angle of his body and by the way in which his heel is raised from the ground. The raised heel was later the standard means of indicating running or vigorous striding in two-dimensional figures. In later smiting scenes, the enemy's despair is indicated primarily by his supplicating gestures; here, his desperation is more vividly conveyed by the awkwardness of his unbalanced stance.
The royal scene is thematically relevant, since sandals from later periods are sometimes painted with figures of enemies, so that the wearer would trample on them with every step. For references to the incised picture of a pair of sandals, see P. Kaplony, 'Die Inschriften der Ägyptischen Frühzeit I (Wiesbaden, 1963), 341; P. Kaplony, 'Die Inschriften der Ägyptischen Frühzeit II (Wiesbaden, 1964), 986, n. 1556; P. E. Newberry, 'Journal of Egyptian Archaeology' 14 (1928), 110, fig. 3. In addition to these references, the label has been discussed in R. Weill, ‘Recherches sur la première dynastie et les temps prépharaoniques’ I (Cairo, 1961), 15-17; R. Weill, ‘Recherches sur la première dynastie et les temps prépharaoniques’ II, 90-1; K. Sethe, 'Untersuchungen' III, 64.
Bibliography (selective):
E. Amélineau, ‘Les Nouvelles Fouilles d’Abydos’ I, (1895-6), 221-2 and pl. XXXIII;
'Macgregor Sale Catalogue (1922)', 677 and pls. 1, XX;
F. Legge, ‘Proceedings of the Society of Biblical Archaeology’ 30 (London, 1908), pl. I;
P. E. Newberry, ‘Proceedings of the Society of Biblical Archaeology’ 34 (London, 1912), pl. XXXI, 6;
'Ancient Egypt 1914', 150, fig. 3;
'Burlington Fine Arts Exhibition Catalogue (1922)', 112 and pl. LII;
W. Spiegelberg, 'Zeitschrift für Ägyptische Sprache und Altertumskunde' 35 (Leipzig and Berlin, 1897), 7-11;
J. Vandier, 'Manuel d'Archeologie egyptienne', I, (2), 859, fig. 573;
E. Russmann, 'Eternal Egypt : masterworks of ancient art from the British Museum'  (New York, 2001), 67-8 No. 2;
R. B. Parkinson, 'Cracking Codes: The Rosetta Stone and Decipherment' (London, 1999), cat. 1.
See also P. Kaplony, 'Die Inschriften der Ägyptischen Frühzeit II (Wiesbaden, 1964), 983, n. 1551 - Dwn ỉ and vol. I, 284;
B. Porter & R. Moss, 'Topographical Bibliography of Ancient Egyptian Hieroglyphic Texts, Reliefs and Paintings' V (Oxford: Clarendon Press), 84. 
This object is also illustrated in a number of general works including C. Aldred, 'Egypt to the end of the Old Kingdom' (London, 1965), 64, fig. 55;
G. Dreyer 'et al.', 'Umm el-Qaab: Nachuntersuchungen im frühzeitlichen Königsfriedhof 9./10. Vorbericht', 'Mitteilungen der Deutschen Archäologischen Instituts Abteilung Kairo' 54 (Wiesbaden, 1998), 163 (e), pl. 12e.
Regulski, I. (ed.), 2022. Hieroglyphs: unlocking ancient Egypt, pp. 148-9",Spencer 1980 / Early Dynastic Objects; Parkinson 1999 / Cracking Codes: The Rosetta Stone and Decipherment; Russmann 2001 / Eternal Egypt: Masterworks of Ancient Art from the British Museum; MacGregor 2010 / A History of the World in 100 Objects; Vandenbeusch 2024 / Pharaoh: art and power in ancient Egypt,"On display (Room 64 - Early Egypt, Display Case 10)",,Named in inscription & portrayed: Den;  Emblem of: Wepwawet,Purchased through: Sotheby's;  Purchased from: Rev William MacGregor,,1922,,,Egypt and Sudan,EA55586,"1922,0728.2",
https://media.britishmuseum.org/media/Repository/Documents/2014_10/8_18/5a8ebd4f_68f3_41ae_9535_a3be012b96b8/preview_00453794_001.jpg,mace (object name),No: Optional[EA73961],Pear-shaped limestone mace-head with smooth surfaces and a central perforation.; ,,1st Dynasty,3000BC,Excavated/Findspot: Kom el-Ahmar (Hierakonpolis),limestone,,7.40 centimetres; ,,,,"On display (Room 64 - Early Egypt, Display Case 6)",,,Purchased through: Christie's,,1991,,,Egypt and Sudan,EA73961,"1991,0719.1",
https://media.britishmuseum.org/media/Repository/Documents/2014_11/5_14/3b60997a_ccba_42ff_aeef_a3da00ee225e/preview_01210773_001.jpg,mace (object name),No: Optional[EA73963],Rounded limestone mace-head with a central perforation.; ,,1st Dynasty,3000BC,Excavated/Findspot: Kom el-Ahmar (Hierakonpolis),limestone,,4.00 centimetres;  5.90 centimetres; ,,,,"On display (Room 64 - Early Egypt, Display Case 6)",,,Purchased from: Charles Ede Ltd,,1991,,,Egypt and Sudan,EA73963,"1991,0911.1",
https://media.britishmuseum.org/media/Repository/Documents/2014_11/10_17/fdd68404_be9c_4128_8dd2_a3df011d32b5/preview_01528719_001.jpg,mace (object name),No: Optional[EA26247],"A heavy pear shaped mace-head: of hard crystalline limestone, pierced vertically for fixing to a handle. The surface originally had fifteen small square projections, of which only three are relatively intact. Between these projections the  mace is decorated with a design of a snake in low relief, coiled symmetrically around the object, with the head and the tail represented close together. Beneath the topmost group of projections, and between the coils of the snake, are four figures of birds also in relief. The whole object is carved with great delicacy and detail, and is well preserved apart from the damaged projections and a small amount of chipping at the base.; ",,Late Predynastic; 1st Dynasty,,Found/Acquired: Egypt,limestone,pierced,8.00 centimetres max ;  7.80 centimetres;  750.00 grammes; ,,"For maces with such projecting bosses, see the writing of the name, Aḥa-nakhte in F.LI. Griffith and P. E. Newberry, 'El-Bersheh' II (London: 1893-4), pl.XV.
The exact form of these birds is not clear; possibly they are the hieroglyph 'wr'.",Spencer 1980 / Early Dynastic Objects,"On display (Room 64 - Early Egypt, Display Case 6)",,,Purchased from: Rev Chauncey Murch,,1895,,,Egypt and Sudan,EA26247,"1895,0511.31",
https://media.britishmuseum.org/media/Repository/Documents/2014_11/5_15/468dbb30_e2b3_4fc1_9006_a3da0103b191/preview_01211715_001.jpg,model (object name); vase (object name),No: Optional[EA38013],"A glazed composition model of a tall vase: with a flat base, the sides converging at the top to a narrow mouth. The lower part of the vase was glazed green, whilst the upper part was glazed a darker colour, which has now decayed to a dark brown. A small part of the rim has been broken away.; ",,1st Dynasty; 2nd Dynasty,,Found/Acquired: Temple of Osiris-Khentimentu (Abydos),glazed composition,glazed,3.60 centimetres;  9.60 centimetres; ,,"Bibliography:
W. M. F. Petrie, 'Abydos' II (London, 1902-4), 26 and pl. VII, 108.",Spencer 1980 / Early Dynastic Objects,"On display (Room 64 - Early Egypt, Display Case 7)",,,Donated by: Egypt Exploration Fund,Excavated by: Egypt Exploration Fund,1903,,,Egypt and Sudan,EA38013,"1903,1010.5",
,model (object name); vase (object name),No: Optional[EA49308],Very rough pale-red model vessel: with a globular body and rounded at the base. Good condition. The fabric is relatively coarse.; ,,1st Dynasty,,Excavated/Findspot: Umm el-Qaab (Abydos),pottery,,8.70 centimetres maximum ;  4.60 centimetres whole ; ,,"Naville thought this type of object was intended to be a stopper for a jar. See E. Naville, ‘The cemeteries of Abydos’ I (London, 1913), 38.",Spencer 1980 / Early Dynastic Objects,Not on display,,,Donated by: Egypt Exploration Fund,Excavated by: Egypt Exploration Fund,1910,,,Egypt and Sudan,EA49308,"1910,1008.31",
https://media.britishmuseum.org/media/Repository/Documents/2014_11/5_16/9049b1bc_888e_4254_8b69_a3da010a66c3/preview_01213800_001.jpg,model (object name); vase (object name),No: Optional[EA49296],"Roughly made model vase: of red pottery, only slightly hollowed. The vase has a rounded rim above a shallow groove. Good condition.; ",,1st Dynasty; 2nd Dynasty,,Excavated/Findspot: Umm el-Qaab (Abydos),pottery,,2.10 centimetres base ;  4.10 centimetres rim ;  13.00 centimetres whole ; ,,"Bibliography:
E. Naville, ‘The cemeteries of Abydos’ I (London, 1913), 38, pl.XII, 2, pl.XVI, 5, left.",Spencer 1980 / Early Dynastic Objects,Not on display,,,Donated by: Egypt Exploration Fund,Excavated by: Egypt Exploration Fund,1910,,,Egypt and Sudan,EA49296,"1910,1008.19",
,model (object name); vase (object name),No: Optional[EA49295],"Very roughly made model vase of red pottery: with the remains of a pale slip on the exterior. The base is flat; the sides expand from the base to the shoulder and then converge to the plain rim. The lower half of the vessel is completely solid, indicating a nonfunctional purpose.; ",,1st Dynasty,,Excavated/Findspot: Umm el-Qaab (Abydos),pottery,slipped,5.00 centimetres base ;  5.50 centimetres rim ;  12.00 centimetres whole ; ,,"Bibliography:
E. Naville, ‘The cemeteries of Abydos’ I (London, 1913), pl.XII, 4; pl.XVI, 3.",Spencer 1980 / Early Dynastic Objects,Not on display,,,Donated by: Egypt Exploration Fund,Excavated by: Egypt Exploration Fund,1910,,,Egypt and Sudan,EA49295,"1910,1008.18",
https://media.britishmuseum.org/media/Repository/Documents/2014_10/3_21/81bba7c9_0246_4c6b_90e6_a3b9015b11f1/00227673_001.jpg,model (object name); vase (object name); vase-stand (object name),No: Optional[EA30405],"Glazed composition model of a bulbous vase: on a cylindrical stand. The stand narrows slightly towards the top edge, where there is a pronounced lip, in imitation of the form of pot-stands in use at the period. The object is in good condition, with well-preserved bright blue glaze.; ",,1st Dynasty; 2nd Dynasty,,Found/Acquired: Egypt,glazed composition,glazed,2.60 centimetres;  2.80 centimetres;  6.00 centimetres total ;  3.80 centimetres vase-stand ;  2.20 centimetres vase ; ,,"For similar objects, see W. M. F. Petrie, 'Abydos' II (London, 1902-4), pl.XXI, 236, 244; ). J. E. Quibell & F. W. Green, 'Hierakonpolis' I (London, 1989), pl.XX, 11; B. Adams, 'Ancient Hierakonpolis' (Warminster, 1974), 33, no. 163 and pl.31; H. W. Müller, 'Ägyptische Kunstwerke, Kleinfunde und Glas in der Sammlung E. & M. Kofler-Truniger' (Berlin, 1964), A 64, a-g. See also G. Dreyer, 'Mitteilungen der Deutschen Archäologischen Instituts Abteilung Kairo' 32 (Wiesbaden, 1976), 86, VII (c).",Spencer 1980 / Early Dynastic Objects,Not on display,,,Purchased from: Rev Chauncey Murch,,1898,,,Egypt and Sudan,EA30405,"1898,1008.44",Miscellaneous number: 14491 (14491)
https://media.britishmuseum.org/media/Repository/Documents/2014_11/5_18/c8bfd6fe_9052_4502_9931_a3da012a8933/preview_01225048_001.jpg,model (object name); vase (object name),No: Optional[EA49297],"Roughly made model vase: composed of brown pottery, only slightly hollowed. Good condition.; ",,1st Dynasty; 2nd Dynasty,,Excavated/Findspot: Umm el-Qaab (Abydos),pottery,,1.40 centimetres base ;  4.40 centimetres rim ;  11.50 centimetres whole ; ,,"Bibliography:
E. Naville, ‘The cemeteries of Abydos’ I (London, 1913), 38, pl.XII, 2, pl.XVI, 5, right.",Spencer 1980 / Early Dynastic Objects,Not on display,,,Donated by: Egypt Exploration Fund,Excavated by: Egypt Exploration Fund,1910,,,Egypt and Sudan,EA49297,"1910,1008.20",
,model (object name); vase (object name),No: Optional[EA49307],"Very rough model vessel: of brown pottery, squat in form with convex sides converging to a narrow mouth. Good condition.; ",,1st Dynasty,,Excavated/Findspot: Umm el-Qaab (Abydos),pottery,,10.40 centimetres maximum ;  6.00 centimetres whole ; ,,"Naville thought this type of object was intended to be a stopper for a jar. See E. Naville, ‘The cemeteries of Abydos’ I (London, 1913), 38.",Spencer 1980 / Early Dynastic Objects,Not on display,,,Donated by: Egypt Exploration Fund,Excavated by: Egypt Exploration Fund,1910,,,Egypt and Sudan,EA49307,"1910,1008.30",
https://media.britishmuseum.org/media/Repository/Documents/2014_11/5_16/3dd6d8e7_edcb_4d50_93ab_a3da0110ade7/preview_01215875_001.jpg,vase (object name); model (object name),No: Optional[EA32680],Model squat vase of limestone: with a flat base and a rough copy of a raised external rim. Solid except for a slight depression in the top. The exterior is decorated with a network of lines in black paint.; ,,1st Dynasty,,Excavated/Findspot: Tomb of Qaa,limestone,painted,3.00 centimetres base ;  3.90 centimetres rim ;  5.50 centimetres; ,,"Bibliography:
W. M. F. Petrie, 'Royal Tombs of the Earliest Dynasties' I, 15, 28, pl.XXXVIII, 5-6.",Spencer 1980 / Early Dynastic Objects,"On display (Room 64 - Early Egypt, Display Case 10)",,,Donated by: Egypt Exploration Fund,Excavated by: Egypt Exploration Fund,1900,,,Egypt and Sudan,EA32680,"1900,1015.42",
https://media.britishmuseum.org/media/Repository/Documents/2014_11/5_16/308f8675_a524_486f_b84c_a3da0110afb7/preview_01215876_001.jpg,vase (object name); model (object name),No: Optional[EA32681],Model squat vase of limestone: with a flat base and a rough copy of a raised external rim. Solid except for a slight depression in the top. The exterior bears patches of black paint.; ,,1st Dynasty,,Excavated/Findspot: Tomb of Qaa,limestone,painted,2.90 centimetres base ;  3.50 centimetres rim ;  5.70 centimetres; ,,"Bibliography:
W. M. F. Petrie, 'Royal Tombs of the Earliest Dynasties' I, 15, 28, pl.XXXVIII, 5-6.",Spencer 1980 / Early Dynastic Objects,"On display (Room 64 - Early Egypt, Display Case 10)",,,Donated by: Egypt Exploration Fund,Excavated by: Egypt Exploration Fund,1900,,,Egypt and Sudan,EA32681,"1900,1015.43",
https://media.britishmuseum.org/media/Repository/Documents/2014_11/5_16/f4b2c32a_4f1c_40ce_81f2_a3da0110b1cc/preview_01215877_001.jpg,vase (object name); model (object name),No: Optional[EA32682],"Limestone model of a vase: with a handle running from the rim to the shoulder. The handle has not been undercut, but is represented as a solid ridge. Hollowing restricted to a slight depression in the top. The exterior is decorated with a network of lines in black paint.; ",,1st Dynasty,,Excavated/Findspot: Tomb of Qaa,limestone,painted; undercut,2.30 centimetres base ;  3.00 centimetres rim ;  7.80 centimetres; ,,"Bibliography:
W. M. F. Petrie, 'Royal Tombs of the Earliest Dynasties' I, 15, 28, pl.XXXVIII, 5-6.",Spencer 1980 / Early Dynastic Objects,"On display (Room 64 - Early Egypt, Display Case 10)",,,Donated by: Egypt Exploration Fund,Excavated by: Egypt Exploration Fund,1900,,,Egypt and Sudan,EA32682,"1900,1015.44",
https://media.britishmuseum.org/media/Repository/Documents/2014_11/5_15/5438edf7_5c6e_497c_82c8_a3da0103b762/preview_01211718_001.jpg,model (object name); vase-stand (object name),No: Optional[EA38015],"Glazed composition model of the usual type of Early Dynastic pot-stand: narrowing towards the top and having a projecting lip. There are three triangular hollows in the sides near the base, to represent the apertures normally found in pot-stands of this type. The green glaze has decayed to dull white.; ",,1st Dynasty; 2nd Dynasty,,Excavated/Findspot: Temple of Osiris-Khentimentu (Abydos),glazed composition,glazed,3.20 centimetres;  3.60 centimetres;  5.60 centimetres; ,,"See, for example, the pot-stands illustrated in W. M. F. Petrie, 'Abydos' II (London, 1902-4), pl.XII, 270-2. For a glazed model similar to this object, see J. E. Quibell & F. W. Green, 'Hierakonpolis' I (London, 1989), pl.XLVIIIb.
Bibliography:
W. M. F. Petrie, 'Abydos' II (London, 1902-4), pl. VII, 114.",Spencer 1980 / Early Dynastic Objects,"On display (Room 64 - Early Egypt, Display Case 7)",,,Donated by: Egypt Exploration Fund,Excavated by: Egypt Exploration Fund,1903,,,Egypt and Sudan,EA38015,"1903,1010.7",
https://media.britishmuseum.org/media/Repository/Documents/2014_11/5_16/5ae39c00_df73_4d66_8aeb_a3da01092bbd/preview_01213301_001.jpg,ornament (object name),No: Optional[EA32649],"A fragment of carved ivory: in the form of a bundle of reeds bound together. One side of the object is convex and is pierced by two holes for attachment, whilst the reverse side is flat. The piece is broken at each end and is partially stained by burning.; ",,1st Dynasty,,Excavated/Findspot: Tomb of Merneit,ivory,carved; pierced,5.60 centimetres max ;  4.00 centimetres max ; ,,"Compare with W. B. Emery, 'Great tombs of the First Dynasty; excavations at Sakkara' II' (London, 1954), pl. XXVII.
Bibliography:
W. M. F. Petrie,  'Royal Tombs of the Earliest Dynasties' I, 27-8, pl.XXXVII, 19.",Spencer 1980 / Early Dynastic Objects,"On display (Room 64 - Early Egypt, Display Case 10)",,,Donated by: Egypt Exploration Fund,Excavated by: Egypt Exploration Fund,1900,,,Egypt and Sudan,EA32649,"1900,1015.11",
https://media.britishmuseum.org/media/Repository/Documents/2026_1/5_15/dcec1b12_bdf6_41e7_acc0_b3c900ffcc3a/preview_EA35532__1_.jpg,pendant (object name),No: Optional[EA35532],A black polished pendant of partially fired clay: oval in shape and pointed at the top and bottom. The interior of the object is hollow and there is a hole at the top for suspension.; ,,1st Dynasty,,Excavated/Findspot: Tomb of Djer,fired clay,polished,6.10 centimetres;  3.30 centimetres; ,,,Spencer 1980 / Early Dynastic Objects,Not on display,,,Donated by: Egypt Exploration Fund,Excavated by: Egypt Exploration Fund,1901,,,Egypt and Sudan,EA35532,"1901,1012.32",
https://media.britishmuseum.org/media/Repository/Documents/2026_1/5_15/eda22a05_4717_432d_946e_b3c900ffcece/preview_EA35533__2_.jpg,pendant (object name),No: Optional[EA35533],Part of a black polished pendant of partially fired clay: oval in shape and pointed at the top and bottom. The interior of the object is hollow and there is a hole at the top for suspension.; ,,1st Dynasty,,Excavated/Findspot: Tomb of Djer,fired clay,polished,4.10 centimetres; ,,,Spencer 1980 / Early Dynastic Objects,Not on display,,,Donated by: Egypt Exploration Fund,Excavated by: Egypt Exploration Fund,1901,,,Egypt and Sudan,EA35533,"1901,1012.33",
,pendant (object name),No: Optional[EA43375],"An oval pendant of lightly fired dull grey clay: which is hollow. There are three holes for suspension at the top, one is above the other two which are opposite one another at either side. All three holes meet in the hollow interior.; ",,1st Dynasty,,Found/Acquired: Egypt,fired clay,pierced,5.10 centimetres;  2.10 centimetres; ,,,Spencer 1980 / Early Dynastic Objects,Not on display,,,Donated by: Dr Walter Leo Hildburgh,,1926,,,Egypt and Sudan,EA43375,"1926,0520.13",
https://media.britishmuseum.org/media/Repository/Documents/2014_10/3_19/54609d74_831f_4775_bab3_a3b90139b033/preview_00218769_001.jpg,plaque (object name),No: Optional[EA66954],"A rectangular plaque of ivory: slightly decayed at the edges, with an incised inscription of two signs on one side. Good condition.; ",,1st Dynasty,,Excavated/Findspot: Abydos,ivory,incised,6.10 centimetres;  17.00 grammes;  4.80 centimetres;  0.30 centimetres; ,"Inscription type: inscription Inscription position: recto Inscription script: hieroglyphic Inscription note: Incised. Two signs. The precise meaning of the inscription is not clear, although it has been interpreted as a personal name. Read as Ḥf(ʒy); P. Kaplony, 'Die Inschriften der Ägyptischen Frühzeit I (Wiesbaden, 1963), 568.; ","Bibliography:
E. Amélineau, ‘Les Nouvelles Fouilles d’Abydos’ I, (1895-6), 219 and pl. XXXIII, lower left;
P. Kaplony, 'Die Inschriften der Ägyptischen Frühzeit I (Wiesbaden, 1963), 568.",Spencer 1980 / Early Dynastic Objects,Not on display,,Named in inscription: Hef,,,1967,,,Egypt and Sudan,EA66954,.66954,
https://media.britishmuseum.org/media/Repository/Documents/2014_9/30_15/a4495b41_bba5_4ed2_b373_a3b601028c8b/preview_00019546_001.jpg,plaque (object name),No: Optional[EA55587],"Fragment of an ivory (?) plaque: with the name of Nar(mer) incised on one side. The inscription is well preserved, although the sides and back of the fragment are broken.; ",,1st Dynasty,,Excavated/Findspot: Naqada,ivory (?),incised,3.50 centimetres max ;  1.75 centimetres max ; ,Inscription type: inscription Inscription script: hieroglyphic Inscription translation: Nar(mer) Inscription note: Incised. The serekh has been written without the falcon above it and the mr-sign has been omitted from the name.; ,"Bibliography:
'Macgregor Sale Catalogue (1922)', 676a;
P. E. Newberry, 'Menes', 43, fig. 1, in W. M. Brunton (ed.), ' Great ones of ancient Egypt' (London, 1929);
P. Kaplony, 'Die Inschriften der Ägyptischen Frühzeit I (Wiesbaden, 1963), 1000, n. 1597;
J. Garstang, Zeitschrift für Ägyptische Sprache und Altertumskunde 42 (Leipzig and Berlin, 1905), 63.",Spencer 1980 / Early Dynastic Objects,"On display (Room 64 - Early Egypt, Display Case 10)",,Named in inscription: Narmer,Purchased through: Sotheby's;  Purchased from: Rev William MacGregor,Excavated by: Prof John Garstang,1922,Lot 676a at sale.,,Egypt and Sudan,EA55587,"1922,0708.3",
https://media.britishmuseum.org/media/Repository/Documents/2014_10/5_17/0536fd00_68ea_4fe6_937e_a3bb01251ad3/preview_00359761_001.jpg,plaque (object name),No: Optional[EA66955],"A rectangular label of ivory: with a hole for attachment at the top right-hand corner. On one side there is an incised design showing two standing figures, facing each other, with their arms extended downwards to hold an object of uncertain form. The better-preserved figure wears a beard, but it is not possible to be sure whether the other figure had this feature. Restored from two fragments and rather decayed on the surface.; ",,1st Dynasty,,Excavated/Findspot: Abydos,ivory,incised; perforated,3.70 centimetres;  0.40 centimetres;  3.20 centimetres max ; ,,"Bibliography:
E. Amélineau, ‘Les Nouvelles Fouilles d’Abydos’ I, (1895-6), 88, 106, 219 and pl. XXXI, lower right;
P. Kaplony, 'Die Inschriften der Ägyptischen Frühzeit I (Wiesbaden, 1963), 208;
P. Kaplony, 'Die Inschriften der Ägyptischen Frühzeit II (Wiesbaden, 1964), 898, n. 1165; 901, n. 1184.",Spencer 1980 / Early Dynastic Objects,"On display (Room 64 - Early Egypt, Display Case 9)",,,,,1967,,,Egypt and Sudan,EA66955,.66955,
https://media.britishmuseum.org/media/Repository/Documents/2014_10/3_21/1a6145bb_2dca_4e9a_924c_a3b9016042b2/preview_00229282_001.jpg,scraper (object name),No: Optional[EA68784],"Rectangular double-end scraper: of brown flint, roughly chipped at the ends. The cutting edges are slightly convex.; ",,1st Dynasty,,Excavated/Findspot: Tarkhan,flint,flaked,5.50 centimetres max ;  2.40 centimetres max ; ,,"Bibliography: 
For grave 2053, see W. M. F. Petrie, 'Tarkhan' II (London, 1914), 6 and pl. XLIII.",Spencer 1980 / Early Dynastic Objects,Not on display,,,"Donated by: British School of Archaeology, Egypt",,1913,,,Egypt and Sudan,EA68784,"1913,1027.19",
https://media.britishmuseum.org/media/Repository/Documents/2014_10/3_21/be5e844b_8c89_4339_b24d_a3b901604d19/preview_00229287_001.jpg,scraper (object name),No: Optional[EA68786],"Rectangular double-end scraper: made from a thin flake of brown flint, chipped at the ends. Cutting edges slightly convex.; ",,1st Dynasty,,Excavated/Findspot: Tarkhan,flint,flaked,5.70 centimetres max ;  2.10 centimetres max ; ,,"Bibliography: 
For grave 2053, see W. M. F. Petrie, 'Tarkhan' II (London, 1914), 6 and pl. XLIII.",Spencer 1980 / Early Dynastic Objects,Not on display,,,"Donated by: British School of Archaeology, Egypt",,1913,,,Egypt and Sudan,EA68786,"1913,1027.21",
https://media.britishmuseum.org/media/Repository/Documents/2014_10/3_21/8dd126a2_4be6_4ec1_92c6_a3b901604744/preview_00229192_001.jpg,scraper (object name),No: Optional[EA68733],Rectangular double-end scraper: of pale brown flint with convex cutting edges. Each end has been carefully sharpened by chipping.; ,,1st Dynasty,,Excavated/Findspot: Abydos,flint,flaked,5.60 centimetres;  2.80 centimetres; ,,,Spencer 1980 / Early Dynastic Objects,Not on display,,,Donated by: Egypt Exploration Fund,Excavated by: Egypt Exploration Fund,1900,,,Egypt and Sudan,EA68733,"1900,1005.46",
,scraper (object name),No: Optional[EA68748],"Flake of brown flint: chipped into a rectangular form, carefully flaked at each end to create a double-end scraper.; ",,1st Dynasty,,Excavated/Findspot: Umm el-Qaab (Abydos),flint,flaked,5.50 centimetres;  2.30 centimetres max ; ,,"See W. M. F. Petrie, 'Abydos' I (London, 1902), 8, pl.XIV, pl.XV.",Spencer 1980 / Early Dynastic Objects,Not on display,,,Donated by: Egypt Exploration Fund,Excavated by: Egypt Exploration Fund,1900,,,Egypt and Sudan,EA68748,"1901,1028.11",
https://media.britishmuseum.org/media/Repository/Documents/2014_10/3_21/b53ae1da_dcd8_43fc_9792_a3b90160365b/preview_00229232_001.jpg,scraper (object name),No: Optional[EA68747],Thin flake of brown flint: with a median ridge down the upper surface. No attempt has been made to sharpen the edges.; ,,1st Dynasty; 2nd Dynasty,,Excavated/Findspot: Umm el-Qaab (Abydos),flint,,6.00 centimetres;  3.10 centimetres max ; ,,,Spencer 1980 / Early Dynastic Objects,Not on display,,,Donated by: Egypt Exploration Fund,Excavated by: Egypt Exploration Fund,1900,,,Egypt and Sudan,EA68747,"1901,1028.10",
https://media.britishmuseum.org/media/Repository/Documents/2014_10/3_21/ae0a742e_ed9e_4439_80b2_a3b9015feaf7/preview_00229151_001.jpg,scraper (object name),No: Optional[EA68705],Rectangular double-end scraper: of brown flint with roughly chipped ends.; ,,1st Dynasty,,Excavated/Findspot: Tomb of Den,flint,flaked,6.20 centimetres max ;  2.10 centimetres max ; ,,"Bibliography:
W. M. F. Petrie, 'Abydos' I (London, 1902), 8, pl.XIV, group marked T, third from top.",Spencer 1980 / Early Dynastic Objects,Not on display,,,Donated by: Egypt Exploration Fund,Excavated by: Egypt Exploration Fund,1900,,,Egypt and Sudan,EA68705,"1900,1005.18",
https://media.britishmuseum.org/media/Repository/Documents/2014_10/3_21/caa11d94_7c33_41c9_b295_a3b9015fcf61/preview_00229135_001.jpg,scraper (object name),No: Optional[EA68691],"Rectangular double-end scraper: of brown flint, carefully chipped at each end. The cutting edges are convex.; ",,1st Dynasty,,Excavated/Findspot: Tomb of Djet,flint,flaked,6.90 centimetres max ;  3.70 centimetres max ; ,,"Bibliography:
W. M. F. Petrie, 'Abydos' I (London, 1902), 8, pl.XIV, group marked Z, eleventh from top.",Spencer 1980 / Early Dynastic Objects,Not on display,,,Donated by: Egypt Exploration Fund,Excavated by: Egypt Exploration Fund,1900,,,Egypt and Sudan,EA68691,"1900,1005.4",
https://media.britishmuseum.org/media/Repository/Documents/2014_10/3_21/d63994ad_e0f9_4372_9ee0_a3b9015fdd75/preview_00229142_001.jpg,scraper (object name),No: Optional[EA68697],Unifacial triangular scraper of pale brown flint: roughly chipped along each edge. Slight bulb of percussion present.; ,,1st Dynasty,,Excavated/Findspot: Tomb of Merneit,flint,flaked,8.60 centimetres max ;  5.60 centimetres max ; ,,"Bibliography:
W. M. F. Petrie, 'Abydos' I (London, 1902), 8, pl.XIV, group marked Y, eleventh from top.",Spencer 1980 / Early Dynastic Objects,Not on display,,,Donated by: Egypt Exploration Fund,Excavated by: Egypt Exploration Fund,1900,,,Egypt and Sudan,EA68697,"1900,1005.10",
https://media.britishmuseum.org/media/Repository/Documents/2014_10/3_21/d0d9585d_951d_4952_929a_a3b9015fd312/preview_00229137_001.jpg,scraper (object name),No: Optional[EA68693],"Rectangular double-end scraper: of brown flint, very roughly chipped at the ends. Cutting edges are straight.; ",,1st Dynasty,,Excavated/Findspot: Tomb of Djet,flint,flaked,5.90 centimetres max ;  1.60 centimetres max ; ,,"Bibliography:
W. M. F. Petrie, 'Abydos' I (London, 1902), 8, pl.XIV, group marked Z, fifth from top",Spencer 1980 / Early Dynastic Objects,Not on display,,,Donated by: Egypt Exploration Fund,Excavated by: Egypt Exploration Fund,1900,,,Egypt and Sudan,EA68693,"1900,1005.6",
https://media.britishmuseum.org/media/Repository/Documents/2014_10/3_21/cb8953d9_a1a8_4d43_8737_a3b901602c2d/preview_00229181_001.jpg,scraper (object name),No: Optional[EA68727],"Rectangular double-end scraper: of brown flint, roughly chipped at the ends. The cutting edges are slightly convex.; ",,1st Dynasty,,Excavated/Findspot: Tomb of Qaa,flint,flaked,5.80 centimetres;  1.80 centimetres max ; ,,"See W. M. F. Petrie, 'Abydos' I (London, 1902), pl.XV, group marked Q.",Spencer 1980 / Early Dynastic Objects,Not on display,,,Donated by: Egypt Exploration Fund,Excavated by: Egypt Exploration Fund,1900,,,Egypt and Sudan,EA68727,"1900,1005.40",
https://media.britishmuseum.org/media/Repository/Documents/2014_10/3_21/ce0f0300_3608_4c74_8ec7_a3b9015fc09c/preview_00229085_001.jpg,scraper (object name),No: Optional[EA68128],"Unifacial oval scraper: of black flint, roughly chipped round the edge. The worked surface bears a large patch of grey crust.; ",Qaa,1st Dynasty,,Excavated/Findspot: Saqqara (Memphis),flint,,6.00 centimetres max ;  5.10 centimetres max ; ,,"A list of the types of flint implements found in tomb 3505 is given in W. B. Emery, 'Great tombs of the First Dynasty; excavations at Sakkara' III (London, 1958), 14-15, but it is so abbreviated as to be of little use.",Spencer 1980 / Early Dynastic Objects,Not on display,,,Donated by: Egypt Exploration Society,Excavated by: Prof Walter B Emery,1971,,,Egypt and Sudan,EA68128,"1971,0227.62",
https://media.britishmuseum.org/media/Repository/Documents/2014_10/3_21/2583ea30_4c72_4acf_9e38_a3b9015f87e1/preview_00229052_001.jpg,scraper (object name),No: Optional[EA68092],Rectangular double-end scraper of brown flint: with a coating of white crust at one end. The ends and part of one side have been roughly chipped.; ,Qaa,1st Dynasty,,Excavated/Findspot: Saqqara (Memphis),flint,,5.50 centimetres;  2.20 centimetres max ; ,,"A list of the types of flint implements found in tomb 3505 is given in W. B. Emery, 'Great tombs of the First Dynasty; excavations at Sakkara' III (London, 1958), 14-15, but it is so abbreviated as to be of little use.",Spencer 1980 / Early Dynastic Objects,Not on display,,,Donated by: Egypt Exploration Society,Excavated by: Prof Walter B Emery,1971,,,Egypt and Sudan,EA68092,"1971,0227.25",
https://media.britishmuseum.org/media/Repository/Documents/2014_10/3_21/790b5461_d960_4632_9a0d_a3b9015f89d6/preview_00229053_001.jpg,scraper (object name),No: Optional[EA68093],"Narrow double-end scraper: of rectangular form, made from a thick flake of pale brown flint. The cutting edges are very slightly convex and have been roughly chipped. There are traces of white crust at one end.; ",Qaa,1st Dynasty,,Excavated/Findspot: Saqqara (Memphis),flint,,6.30 centimetres;  1.60 centimetres max ; ,,"A list of the types of flint implements found in tomb 3505 is given in W. B. Emery, 'Great tombs of the First Dynasty; excavations at Sakkara' III (London, 1958), 14-15, but it is so abbreviated as to be of little use.",Spencer 1980 / Early Dynastic Objects,Not on display,,,Donated by: Egypt Exploration Society,Excavated by: Prof Walter B Emery,1971,,,Egypt and Sudan,EA68093,"1971,0227.26",
https://media.britishmuseum.org/media/Repository/Documents/2014_10/3_21/bf62e7fd_f398_47a7_b853_a3b9015f8375/preview_00229101_001.jpg,scraper (object name),No: Optional[EA68139],"Heavy oval scraper: of brown flint, roughly chipped around the edge. The worked surface bears a patch of white crust.; ",Qaa,1st Dynasty,,Excavated/Findspot: Saqqara (Memphis),flint,flaked,9.90 centimetres;  5.50 centimetres max ; ,,"A list of the types of flint implements found in tomb 3505 is given in W. B. Emery, 'Great tombs of the First Dynasty; excavations at Sakkara' III (London, 1958), 14-15, but it is so abbreviated as to be of little use.",Spencer 1980 / Early Dynastic Objects,Not on display,,,Donated by: Egypt Exploration Society,Excavated by: Prof Walter B Emery,1971,,,Egypt and Sudan,EA68139,"1971,0227.73",
https://media.britishmuseum.org/media/Repository/Documents/2014_10/3_21/1078fcc3_7890_49e8_ab21_a3b9015f9a33/preview_00229065_001.jpg,scraper (object name),No: Optional[EA68106],"Unifacial triangular scraper: of black flint, roughly chipped round the edges.; ",,1st Dynasty,,Excavated/Findspot: Saqqara (Memphis),flint,flaked,6.60 centimetres;  4.80 centimetres max ; ,,"A list of the types of flint implements found in tomb 3505 is given in W. B. Emery, 'Great tombs of the First Dynasty; excavations at Sakkara' III (London, 1958), 14-15, but it is so abbreviated as to be of little use.",Spencer 1980 / Early Dynastic Objects,Not on display,,,Donated by: Egypt Exploration Society,Excavated by: Prof Walter B Emery,1971,,,Egypt and Sudan,EA68106,"1971,0227.40",
https://media.britishmuseum.org/media/Repository/Documents/2014_10/3_21/85ef4c2f_86bf_4c16_ac1c_a3b9015f84ae/preview_00229049_001.jpg,scraper (object name),No: Optional[EA68089],"Rectangular double-end scraper: of brown flint, with only one end properly sharpened.; ",,1st Dynasty,,Excavated/Findspot: Saqqara (Memphis),flint,,5.70 centimetres;  1.50 centimetres max ; ,,"A list of the types of flint implements found in tomb 3505 is given in W. B. Emery, 'Great tombs of the First Dynasty; excavations at Sakkara' III (London, 1958), 14-15, but it is so abbreviated as to be of little use.",Spencer 1980 / Early Dynastic Objects,Not on display,,,Donated by: Egypt Exploration Society,,1971,,,Egypt and Sudan,EA68089,"1971,0227.22",
https://media.britishmuseum.org/media/Repository/Documents/2014_10/3_21/d4118d87_9bd4_48b0_b570_a3b9015fcbc2/preview_00229133_001.jpg,scraper (object name),No: Optional[EA68288],"Rectangular double-end scraper: of dark brown flint, slightly broken along one of the cutting edges. Both ends had been carefully chipped and the preserved edge is slightly convex.; ",Qaa,1st Dynasty,,Excavated/Findspot: Saqqara (Memphis),flint,flaked,7.80 centimetres;  3.00 centimetres max ; ,,"A list of the types of flint implements found in tomb 3505 is given in W. B. Emery, 'Great tombs of the First Dynasty; excavations at Sakkara' III (London, 1958), 14-15, but it is so abbreviated as to be of little use.",Spencer 1980 / Early Dynastic Objects,Not on display,,,Donated by: Egypt Exploration Society,Excavated by: Prof Walter B Emery,1971,,,Egypt and Sudan,EA68288,"1971,0227.31",
https://media.britishmuseum.org/media/Repository/Documents/2014_10/3_21/9f2b2bb2_56f5_4712_b52a_a3b9015f6870/preview_00229088_001.jpg,scraper (object name),No: Optional[EA68131],"Unifacial oval scraper: of brown flint,  roughly chipped round the edge. The worked surface bears a strip of white crust along one side.; ",,1st Dynasty,,Excavated/Findspot: Saqqara (Memphis),flint,flaked,8.80 centimetres max ;  6.50 centimetres max ; ,,"A list of the types of flint implements found in tomb 3505 is given in W. B. Emery, 'Great tombs of the First Dynasty; excavations at Sakkara' III (London, 1958), 14-15, but it is so abbreviated as to be of little use.",Spencer 1980 / Early Dynastic Objects,Not on display,,,Donated by: Egypt Exploration Society,Excavated by: Prof Walter B Emery,1971,,,Egypt and Sudan,EA68131,"1971,0227.65",
https://media.britishmuseum.org/media/Repository/Documents/2014_10/3_21/88af4b36_5165_46d8_8a13_a3b9015fa61a/preview_00229071_001.jpg,scraper (object name),No: Optional[EA68115],"Unifacial triangular scraper: of brown flint, chipped all round the edges.; ",Qaa,1st Dynasty,,Excavated/Findspot: Saqqara (Memphis),flint,flaked,7.20 centimetres;  4.10 centimetres max ; ,,"A list of the types of flint implements found in tomb 3505 is given in W. B. Emery, 'Great tombs of the First Dynasty; excavations at Sakkara' III (London, 1958), 14-15, but it is so abbreviated as to be of little use.",Spencer 1980 / Early Dynastic Objects,Not on display,,,Donated by: Egypt Exploration Society,Excavated by: Prof Walter B Emery,1971,,,Egypt and Sudan,EA68115,"1971,0227.49",
https://media.britishmuseum.org/media/Repository/Documents/2014_10/3_21/7a4534fc_da1a_47ab_9b84_a3b9015f70cf/preview_00229092_001.jpg,scraper (object name),No: Optional[EA68132],"Unifacial triangular scraper: of dark brown flint, chipped along each edge. There is a large bulb of percussion at the butt.; ",Qaa,1st Dynasty,,Excavated/Findspot: Saqqara (Memphis),flint,flaked,7.80 centimetres max ;  6.40 centimetres max ; ,,"A list of the types of flint implements found in tomb 3505 is given in W. B. Emery, 'Great tombs of the First Dynasty; excavations at Sakkara' III (London, 1958), 14-15, but it is so abbreviated as to be of little use.",Spencer 1980 / Early Dynastic Objects,Not on display,,,Donated by: Egypt Exploration Society,Excavated by: Prof Walter B Emery,1971,,,Egypt and Sudan,EA68132,"1971,0227.66",
https://media.britishmuseum.org/media/Repository/Documents/2014_10/3_21/88e8ce2e_4b23_4470_ae84_a3b9015fc9ea/preview_00229132_001.jpg,scraper (object name),No: Optional[EA68144],"Unifacial scraper: of irregular shape, made from a narrow flake of dark brown flint. The worked surface has been flaked and retouched along one edge. Near the base of the flake there is a patch of pale brown crust.; ",,1st Dynasty,,Excavated/Findspot: Saqqara (Memphis),flint,flaked; retouched,9.50 centimetres;  3.90 centimetres max ; ,,"A list of the types of flint implements found in tomb 3505 is given in W. B. Emery, 'Great tombs of the First Dynasty; excavations at Sakkara' III (London, 1958), 14-15, but it is so abbreviated as to be of little use.",Spencer 1980 / Early Dynastic Objects,Not on display,,,Donated by: Egypt Exploration Society,Excavated by: Prof Walter B Emery,1971,,,Egypt and Sudan,EA68144,"1971,0227.78",
https://media.britishmuseum.org/media/Repository/Documents/2014_10/3_21/4d8389e4_b121_4182_8f6b_a3b9015fa7d6/preview_00229072_001.jpg,scraper (object name),No: Optional[EA68114],"Unifacial scraper: of roughly oval shape, made from a thick flake of dark brown flint. Two edges have been sharpened by chipping.; ",Qaa,1st Dynasty,,Excavated/Findspot: Saqqara (Memphis),flint,flaked,8.10 centimetres;  5.10 centimetres max ; ,,"A list of the types of flint implements found in tomb 3505 is given in W. B. Emery, 'Great tombs of the First Dynasty; excavations at Sakkara' III (London, 1958), 14-15, but it is so abbreviated as to be of little use.",Spencer 1980 / Early Dynastic Objects,Not on display,,,Donated by: Egypt Exploration Society,Excavated by: Prof Walter B Emery,1971,,,Egypt and Sudan,EA68114,"1971,0227.48",
https://media.britishmuseum.org/media/Repository/Documents/2014_10/3_21/a59abfa4_2d82_4d2f_8de7_a3b9015f93f7/preview_00229061_001.jpg,scraper (object name),No: Optional[EA68101],Unifacial oval scraper: carefully sharpened round the entire perimeter. Brown mottled flint.; ,Qaa,1st Dynasty,,Excavated/Findspot: Saqqara (Memphis),flint,flaked,6.80 centimetres;  4.30 centimetres max ; ,,"A list of the types of flint implements found in tomb 3505 is given in W. B. Emery, 'Great tombs of the First Dynasty; excavations at Sakkara' III (London, 1958), 14-15, but it is so abbreviated as to be of little use.",Spencer 1980 / Early Dynastic Objects,Not on display,,,Donated by: Egypt Exploration Society,Excavated by: Prof Walter B Emery,1971,,,Egypt and Sudan,EA68101,"1971,0227.35",
https://media.britishmuseum.org/media/Repository/Documents/2014_10/3_21/af59447f_a2c9_4a3a_bf51_a3b9015fb976/preview_00229081_001.jpg,scraper (object name),No: Optional[EA68123],"Unifacial triangular scraper: of dark brown flint, chipped along two edges. There is a distinct bulb of percussion at the butt.; ",,1st Dynasty,,Excavated/Findspot: Saqqara (Memphis),flint,flaked,6.80 centimetres max ;  4.90 centimetres max ; ,,"A list of the types of flint implements found in tomb 3505 is given in W. B. Emery, 'Great tombs of the First Dynasty; excavations at Sakkara' III (London, 1958), 14-15, but it is so abbreviated as to be of little use.",Spencer 1980 / Early Dynastic Objects,Not on display,,,Donated by: Egypt Exploration Society,Excavated by: Prof Walter B Emery,1971,,,Egypt and Sudan,EA68123,"1971,0227.57",
https://media.britishmuseum.org/media/Repository/Documents/2014_10/3_21/fd33fb7a_b627_45dc_a1c4_a3b9015facd4/preview_00229074_001.jpg,scraper (object name),No: Optional[EA68113],"Unifacial scraper: of roughly triangular shape, chipped along two edges. The unsharpened edge has a coat of white crust. Dark brown flint.; ",,1st Dynasty,,Excavated/Findspot: Saqqara (Memphis),flint,flaked,6.40 centimetres;  5.30 centimetres max ; ,,"A list of the types of flint implements found in tomb 3505 is given in W. B. Emery, 'Great tombs of the First Dynasty; excavations at Sakkara' III (London, 1958), 14-15, but it is so abbreviated as to be of little use.",Spencer 1980 / Early Dynastic Objects,Not on display,,,Donated by: Egypt Exploration Society,Excavated by: Prof Walter B Emery,1971,,,Egypt and Sudan,EA68113,"1971,0227.47",
https://media.britishmuseum.org/media/Repository/Documents/2014_10/3_21/676c5ca6_13ac_4dcd_9f23_a3b9015f7fdb/preview_00229046_001.jpg,scraper (object name),No: Optional[EA68086],Thick flake of brown flint: made into a double-end scraper by rough chipping at each end.; ,Qaa,1st Dynasty,,Excavated/Findspot: Saqqara (Memphis),flint,flaked,6.50 centimetres;  2.00 centimetres max ; ,,"A list of the types of flint implements found in tomb 3505 is given in W. B. Emery, 'Great tombs of the First Dynasty; excavations at Sakkara' III (London, 1958), 14-15, but it is so abbreviated as to be of little use.",Spencer 1980 / Early Dynastic Objects,Not on display,,,Donated by: Egypt Exploration Society,Excavated by: Prof Walter B Emery,1971,,,Egypt and Sudan,EA68086,"1971,0227.19",
https://media.britishmuseum.org/media/Repository/Documents/2014_10/3_21/e74dad51_76ae_4dd3_b098_a3b9015fa474/preview_00229070_001.jpg,scraper (object name),No: Optional[EA68116],"Unifacial oval scraper: of brown striped flint, chipped round the edge. The worked surface bears a large coating of white crust.; ",,1st Dynasty,,Excavated/Findspot: Saqqara (Memphis),flint,flaked,7.60 centimetres max ;  5.90 centimetres max ; ,,"A list of the types of flint implements found in tomb 3505 is given in W. B. Emery, 'Great tombs of the First Dynasty; excavations at Sakkara' III (London, 1958), 14-15, but it is so abbreviated as to be of little use.",Spencer 1980 / Early Dynastic Objects,Not on display,,,Donated by: Egypt Exploration Society,Excavated by: Prof Walter B Emery,1971,,,Egypt and Sudan,EA68116,"1971,0227.50",
https://media.britishmuseum.org/media/Repository/Documents/2014_10/3_21/09a9c9af_8465_48d2_a9d4_a3b9015fb5b2/preview_00229079_001.jpg,scraper (object name),No: Optional[EA68122],Unifacial scraper of irregular shape: made from a thick flake of dark brown flint. The edges have been roughly chipped.; ,,1st Dynasty,,Excavated/Findspot: Saqqara (Memphis),flint,flaked,8.00 centimetres max ;  5.40 centimetres max ; ,,"A list of the types of flint implements found in tomb 3505 is given in W. B. Emery, 'Great tombs of the First Dynasty; excavations at Sakkara' III (London, 1958), 14-15, but it is so abbreviated as to be of little use.",Spencer 1980 / Early Dynastic Objects,Not on display,,,Donated by: Egypt Exploration Society,Excavated by: Prof Walter B Emery,1971,,,Egypt and Sudan,EA68122,"1971,0227.56",
https://media.britishmuseum.org/media/Repository/Documents/2014_10/3_21/1a037898_32d3_4a96_a91f_a3b9015f816d/preview_00229047_001.jpg,scraper (object name),No: Optional[EA68087],"Rectangular double-end scraper: of brown flint, with a patch of white crust on one side. Roughly chipped at the ends.; ",Qaa,1st Dynasty,,Excavated/Findspot: Saqqara (Memphis),flint,flaked,5.70 centimetres;  1.50 centimetres max ; ,,"A list of the types of flint implements found in tomb 3505 is given in W. B. Emery, 'Great tombs of the First Dynasty; excavations at Sakkara' III (London, 1958), 14-15, but it is so abbreviated as to be of little use.",Spencer 1980 / Early Dynastic Objects,Not on display,,,Donated by: Egypt Exploration Society,Excavated by: Prof Walter B Emery,1971,,,Egypt and Sudan,EA68087,"1971,0227.20",
https://media.britishmuseum.org/media/Repository/Documents/2014_10/3_21/ca0ecead_07e8_4cfd_866a_a3b9015fbb0d/preview_00229082_001.jpg,scraper (object name),No: Optional[EA68124],"Unifacial oval scraper: of black flint, partly broken at the edge. The preserved part of the cutting edge has been sharpened by chipping.; ",,1st Dynasty,,Excavated/Findspot: Saqqara (Memphis),flint,flaked,7.20 centimetres max ;  4.60 centimetres max ; ,,"A list of the types of flint implements found in tomb 3505 is given in W. B. Emery, 'Great tombs of the First Dynasty; excavations at Sakkara' III (London, 1958), 14-15, but it is so abbreviated as to be of little use.",Spencer 1980 / Early Dynastic Objects,Not on display,,,Donated by: Egypt Exploration Society,Excavated by: Prof Walter B Emery,1971,,,Egypt and Sudan,EA68124,"1971,0227.58",
https://media.britishmuseum.org/media/Repository/Documents/2014_10/3_21/ef282ab2_0f6a_4ca8_832a_a3b9015f8528/preview_00229102_001.jpg,scraper (object name),No: Optional[EA68140],"Unifacial oval scraper: of black flint, completely covered by crust on the worked face. Chipped very slightly round the edge. The bulb of percussion at the butt is large and distinct.; ",Qaa,1st Dynasty,,Excavated/Findspot: Saqqara (Memphis),flint,flaked,7.60 centimetres max ;  4.40 centimetres max ; ,,"A list of the types of flint implements found in tomb 3505 is given in W. B. Emery, 'Great tombs of the First Dynasty; excavations at Sakkara' III (London, 1958), 14-15, but it is so abbreviated as to be of little use.",Spencer 1980 / Early Dynastic Objects,Not on display,,,Donated by: Egypt Exploration Society,Excavated by: Prof Walter B Emery,1971,,,Egypt and Sudan,EA68140,"1971,0227.74",
,scraper (object name),No: Optional[EA68125],"One of three pieces of an oval scraper, found separately and now rejoined: the scraper was made from a thick flake of dark brown flint, flaked all over one side and retouched along the edges. During manufacture, a large flake separated itself from the butt, carrying with it part of the sharpened edge, and a smaller flake became detached from the worked surface of the implement. The reconstituted scraper has a large bulb of percussion at the butt.; ",Qaa,1st Dynasty,,Excavated/Findspot: Saqqara (Memphis),flint,flaked; retouched,4.00 centimetres max ;  3.30 centimetres max ; ,,"Attached to 1971,0277.46 & 1971,0277.69.
A list of the types of flint implements found in tomb 3505 is given in W. B. Emery, 'Great tombs of the First Dynasty; excavations at Sakkara' III (London, 1958), 14-15, but it is so abbreviated as to be of little use.",Spencer 1980 / Early Dynastic Objects,Not on display,,,Donated by: Egypt Exploration Society,Excavated by: Prof Walter B Emery,1971,,,Egypt and Sudan,EA68125,"1971,0227.59",
https://media.britishmuseum.org/media/Repository/Documents/2014_10/3_21/756bedfe_9602_45bc_b4f9_a3b9015f97e5/preview_00229063_001.jpg,scraper (object name),No: Optional[EA68105],"Unifacial triangular scraper: of black flint, with a coating of dull grey crust on the worked face. The edges have been roughly chipped.; ",,1st Dynasty,,Excavated/Findspot: Saqqara (Memphis),flint,flaked,7.00 centimetres;  4.10 centimetres max ; ,,"A list of the types of flint implements found in tomb 3505 is given in W. B. Emery, 'Great tombs of the First Dynasty; excavations at Sakkara' III (London, 1958), 14-15, but it is so abbreviated as to be of little use.",Spencer 1980 / Early Dynastic Objects,Not on display,,,Donated by: Egypt Exploration Society,Excavated by: Prof Walter B Emery,1971,,,Egypt and Sudan,EA68105,"1971,0227.39",
https://media.britishmuseum.org/media/Repository/Documents/2014_10/3_21/b9cf0098_5c77_4b55_96bc_a3b9015f9066/preview_00229059_001.jpg,scraper (object name),No: Optional[EA68098],Narrow scraper of brown flint: broken at one end. The edges have not been retouched.; ,Qaa,1st Dynasty,,Excavated/Findspot: Saqqara (Memphis),flint,flaked,6.50 centimetres;  2.80 centimetres max ; ,,"A list of the types of flint implements found in tomb 3505 is given in W. B. Emery, 'Great tombs of the First Dynasty; excavations at Sakkara' III (London, 1958), 14-15, but it is so abbreviated as to be of little use.",Spencer 1980 / Early Dynastic Objects,Not on display,,,Donated by: Egypt Exploration Society,Excavated by: Prof Walter B Emery,1971,,,Egypt and Sudan,EA68098,"1971,0227.32",
https://media.britishmuseum.org/media/Repository/Documents/2014_10/3_21/80660e10_21b7_4894_b9cd_a3b9015f8d09/preview_00229056_001.jpg,scraper (object name),No: Optional[EA68096],"Unifacial oval scraper: of brown flint, with a median ridge and a patch of white crust on the upper surface. Slightly chipped round part of the edge, amounting to less than half the total perimeter.; ",Qaa,1st Dynasty,,Excavated/Findspot: Saqqara (Memphis),flint,flaked,6.80 centimetres;  5.10 centimetres max ; ,,"A list of the types of flint implements found in tomb 3505 is given in W. B. Emery, 'Great tombs of the First Dynasty; excavations at Sakkara' III (London, 1958), 14-15, but it is so abbreviated as to be of little use.",Spencer 1980 / Early Dynastic Objects,Not on display,,,Donated by: Egypt Exploration Society,Excavated by: Prof Walter B Emery,1971,,,Egypt and Sudan,EA68096,"1971,0227.29",
https://media.britishmuseum.org/media/Repository/Documents/2014_10/3_21/c1ebc9a2_6d23_4bde_9b7d_a3b9015fa292/preview_00229069_001.jpg,scraper (object name),No: Optional[EA68117],"Unifacial scraper: of rough triangular form, very slightly chipped round the edges. The worked surface bears a large coating of white crust.; ",Qaa,1st Dynasty,,Excavated/Findspot: Saqqara (Memphis),flint,flaked,7.10 centimetres max ;  4.40 centimetres max ; ,,"A list of the types of flint implements found in tomb 3505 is given in W. B. Emery, 'Great tombs of the First Dynasty; excavations at Sakkara' III (London, 1958), 14-15, but it is so abbreviated as to be of little use.",Spencer 1980 / Early Dynastic Objects,Not on display,,,Donated by: Egypt Exploration Society,Excavated by: Prof Walter B Emery,1971,,,Egypt and Sudan,EA68117,"1971,0227.51",
https://media.britishmuseum.org/media/Repository/Documents/2014_10/3_21/7c1f3e9e_27d6_4042_82da_a3b9015f6e37/preview_00229036_001.jpg,scraper (object name),No: Optional[EA68069],Irregular scraper of brown striped flint: chipped around the edge except for a small section at the butt. A patch of pale brown crust remains on the upper surface. Worked from one side only.; ,,1st Dynasty,,Excavated/Findspot: Saqqara (Memphis),flint,flaked,7.30 centimetres;  4.90 centimetres max ; ,,"A list of the types of flint implements found in tomb 3505 is given in W. B. Emery, 'Great tombs of the First Dynasty; excavations at Sakkara' III (London, 1958), 14-15, but it is so abbreviated as to be of little use.",Spencer 1980 / Early Dynastic Objects,Not on display,,,Donated by: Egypt Exploration Society,Excavated by: Prof Walter B Emery,1971,,,Egypt and Sudan,EA68069,"1971,0227.2",
https://media.britishmuseum.org/media/Repository/Documents/2014_10/3_21/ef2491b9_43ea_4cbe_86e8_a3b9015f754f/preview_00229094_001.jpg,scraper (object name),No: Optional[EA68133],"Unifacial oval scraper: of brown flint,  roughly chipped round the edge. Part of the worked surface is covered by a patch of white crust. There is a large bulb of percussion at the butt.; ",Qaa,1st Dynasty,,Excavated/Findspot: Saqqara (Memphis),flint,flaked,7.10 centimetres max ;  6.30 centimetres max ; ,,"A list of the types of flint implements found in tomb 3505 is given in W. B. Emery, 'Great tombs of the First Dynasty; excavations at Sakkara' III (London, 1958), 14-15, but it is so abbreviated as to be of little use.",Spencer 1980 / Early Dynastic Objects,Not on display,,,Donated by: Egypt Exploration Society,Excavated by: Prof Walter B Emery,1971,,,Egypt and Sudan,EA68133,"1971,0227.67",
https://media.britishmuseum.org/media/Repository/Documents/2014_10/3_21/31f2a961_e6f5_4edb_91af_a3b9015f7493/preview_00229040_001.jpg,scraper (object name),No: Optional[EA68077],"Unifacial triangular: scraper of pale cream flint, sharpened all round the perimeter by chipping.; ",Qaa,1st Dynasty,,Excavated/Findspot: Saqqara (Memphis),flint,flaked,6.60 centimetres;  4.80 centimetres max ; ,,"A list of the types of flint implements found in tomb 3505 is given in W. B. Emery, 'Great tombs of the First Dynasty; excavations at Sakkara' III (London, 1958), 14-15, but it is so abbreviated as to be of little use.",Spencer 1980 / Early Dynastic Objects,Not on display,,,Donated by: Egypt Exploration Society,Excavated by: Prof Walter B Emery,1971,,,Egypt and Sudan,EA68077,"1971,0227.10",
https://media.britishmuseum.org/media/Repository/Documents/2014_10/3_21/8c256129_3cdc_453e_a77f_a3b9015fbcf4/preview_00229083_001.jpg,scraper (object name),No: Optional[EA68126],Unifacial oval scraper of dark brown flint: sharpened round the entire perimeter. The bulb is small but distinct.; ,Qaa,1st Dynasty,,Excavated/Findspot: Saqqara (Memphis),flint,flaked,8.50 centimetres max ;  4.90 centimetres max ; ,,"A list of the types of flint implements found in tomb 3505 is given in W. B. Emery, 'Great tombs of the First Dynasty; excavations at Sakkara' III (London, 1958), 14-15, but it is so abbreviated as to be of little use.",Spencer 1980 / Early Dynastic Objects,Not on display,,,Donated by: Egypt Exploration Society,Excavated by: Prof Walter B Emery,1971,,,Egypt and Sudan,EA68126,"1971,0227.60",
https://media.britishmuseum.org/media/Repository/Documents/2014_10/3_21/76d6fb8a_7e48_468c_b740_a3b9015f9215/preview_00229060_001.jpg,scraper (object name),No: Optional[EA68099],"Unifacial triangular scraper: of brown flint, sharpened along two  edges by chipping.  The unsharpened edge bears a small patch of white crust.; ",Qaa,1st Dynasty,,Excavated/Findspot: Saqqara (Memphis),flint,flaked,6.80 centimetres;  7.50 centimetres max ; ,,"A list of the types of flint implements found in tomb 3505 is given in W. B. Emery, 'Great tombs of the First Dynasty; excavations at Sakkara' III (London, 1958), 14-15, but it is so abbreviated as to be of little use.",Spencer 1980 / Early Dynastic Objects,Not on display,,,Donated by: Egypt Exploration Society,Excavated by: Prof Walter B Emery,1971,,,Egypt and Sudan,EA68099,"1971,0227.33",
https://media.britishmuseum.org/media/Repository/Documents/2014_10/3_21/d366d0f8_13cb_4505_ab54_a3b9015f7996/preview_00229096_001.jpg,scraper (object name),No: Optional[EA68135],"One of three pieces of an oval scraper, found separately and now rejoined: the scraper was made from a thick flake of dark brown flint, flaked all over one side and retouched along the edges. During manufacture, a large flake separated itself from the butt, carrying with it part of the sharpened edge, and a smaller flake became detached from the worked surface of the implement. The reconstituted scraper has a large bulb of percussion at the butt.; ",Qaa,1st Dynasty,,Excavated/Findspot: Saqqara (Memphis),flint,flaked; retouched,9.80 centimetres max ;  7.50 centimetres max ; ,,"Attached to  1971,0277.59 & 1971,0277.46.
A list of the types of flint implements found in tomb 3505 is given in W. B. Emery, 'Great tombs of the First Dynasty; excavations at Sakkara' III (London, 1958), 14-15, but it is so abbreviated as to be of little use.",Spencer 1980 / Early Dynastic Objects,Not on display,,,Donated by: Egypt Exploration Society,Excavated by: Prof Walter B Emery,1971,,,Egypt and Sudan,EA68135,"1971,0227.69",
https://media.britishmuseum.org/media/Repository/Documents/2014_10/3_21/9b6bad0f_8736_4824_a2a8_a3b9015f8e14/preview_00229105_001.jpg,scraper (object name),No: Optional[EA68141],Unifacial oval scraper of brown flint: slightly chipped round the edge. The blow used to detach the flake caused a part of the edge to break away. The worked surface is extensively covered by white crust.; ,,1st Dynasty,,Excavated/Findspot: Saqqara (Memphis),flint,flaked,8.20 centimetres;  6.10 centimetres max ; ,,"A list of the types of flint implements found in tomb 3505 is given in W. B. Emery, 'Great tombs of the First Dynasty; excavations at Sakkara' III (London, 1958), 14-15, but it is so abbreviated as to be of little use.",Spencer 1980 / Early Dynastic Objects,Not on display,,,Donated by: Egypt Exploration Society;  Exchanged with: Prof Walter B Emery,,1971,,,Egypt and Sudan,EA68141,"1971,0227.75",
https://media.britishmuseum.org/media/Repository/Documents/2014_10/3_21/9d7cc85c_2284_4369_9655_a3b9015f7e3f/preview_00229045_001.jpg,scraper (object name),No: Optional[EA68084],"Rectangular double-end scraper: of brown flint, with a patch of white crust at one corner. Each end has been roughly chipped, but only one has been formed into a useful cutting edge.; ",Qaa,1st Dynasty,,Excavated/Findspot: Saqqara (Memphis),flint,flaked,6.00 centimetres;  2.50 centimetres; ,,"A list of the types of flint implements found in tomb 3505 is given in W. B. Emery, 'Great tombs of the First Dynasty; excavations at Sakkara' III (London, 1958), 14-15, but it is so abbreviated as to be of little use.",Spencer 1980 / Early Dynastic Objects,Not on display,,,Donated by: Egypt Exploration Society,Excavated by: Prof Walter B Emery,1971,,,Egypt and Sudan,EA68084,"1971,0227.17",
https://media.britishmuseum.org/media/Repository/Documents/2014_10/3_21/5a49ab0a_9e2c_438a_b2f6_a3b9015feae9/preview_00229199_001.jpg,scraper (object name),No: Optional[EA68737],"Unifacial triangular scraper: of brown flint, chipped to a sharp edge all round. The top of the flake bears a thin patch of dull brown crust.; ",,1st Dynasty,,Excavated/Findspot: Tomb of Semerkhet (?);  Excavated/Findspot: Tomb of Qaa (?),flint,flaked,8.00 centimetres;  5.00 centimetres max ; ,,"See W. M. F. Petrie, 'Abydos' I (London, 1902), pl.XV, groups marked U & Q.",Spencer 1980 / Early Dynastic Objects,Not on display,,,Donated by: Egypt Exploration Fund,Excavated by: Egypt Exploration Fund,1900,,,Egypt and Sudan,EA68737,"1900,1005.50",
https://media.britishmuseum.org/media/Repository/Documents/2014_10/3_21/43253136_6749_4c00_9f5b_a3b9015fd164/preview_00229136_001.jpg,scraper (object name),No: Optional[EA68692],"Rectangular double-end scraper: of brown striped flint, carefully sharpened at the ends by chipping. Tapers slightly from one end to the other.; ",,1st Dynasty,,Excavated/Findspot: Tomb of Djet,flint,flaked,5.70 centimetres max ;  2.50 centimetres max ; ,,"Bibliography:
W. M. F. Petrie, 'Abydos' I (London, 1902), 8, pl.XIV, group marked Z, sixth from top.",Spencer 1980 / Early Dynastic Objects,Not on display,,,Donated by: Egypt Exploration Fund,Excavated by: Egypt Exploration Fund,1900,,,Egypt and Sudan,EA68692,"1900,1005.5",
https://media.britishmuseum.org/media/Repository/Documents/2014_10/3_21/daa447fc_46f4_4e8e_ade5_a3b9015ff984/preview_00229159_001.jpg,scraper (object name),No: Optional[EA68713],"Rectangular double-end scraper: of brown flint, roughly chipped at the ends. One corner of one of the cutting edges is broken.; ",,1st Dynasty,,Excavated/Findspot: Tomb of Anedjib,flint,,6.50 centimetres max ;  2.40 centimetres max ; ,,"See W. M. F. Petrie, 'Abydos' I (London, 1902), pl.XV, group marked X.",Spencer 1980 / Early Dynastic Objects,Not on display,,,Donated by: Egypt Exploration Fund,Excavated by: Egypt Exploration Fund,1900,,,Egypt and Sudan,EA68713,"1900,1005.26",
https://media.britishmuseum.org/media/Repository/Documents/2014_10/3_21/9e2deb6c_3fb0_4b50_8877_a3b9016006a0/preview_00229258_001.jpg,scraper (object name),No: Optional[EA68761],"Thin rectangular double-end scraper: of brown flint, sharpened by delicate chipping at each end.; ",,1st Dynasty,,Excavated/Findspot: Tomb of Djer (?);  Excavated/Findspot: Tomb of Djet (?),flint,flaked,5.50 centimetres;  2.40 centimetres max ; ,,"Bears excavators mark. O. The flints 68755-69 are recorded in the registers of the British and Medieval Department as coming from the tomb of Djet, but 10 of this group definitely come from the tomb of Djer, and it is almost certain that the same is true of the remaining 5.
See W. M. F. Petrie, 'Abydos' I (London, 1902), 8, pl.XIV, group O.",Spencer 1980 / Early Dynastic Objects,Not on display,,,Donated by: Egypt Exploration Fund,Excavated by: Egypt Exploration Fund,1901,,,Egypt and Sudan,EA68761,"1901,1028.24",
https://media.britishmuseum.org/media/Repository/Documents/2014_10/3_21/d9924cb6_5d68_47da_bba1_a3b9015feca1/preview_00229152_001.jpg,scraper (object name),No: Optional[EA68707],"Rectangular double-end scraper: of brown striped flint, only very slightly chipped at the ends.; ",,1st Dynasty,,Excavated/Findspot: Tomb of Den,flint,,5.40 centimetres max ;  1.60 centimetres max ; ,,"See W. M. F. Petrie, 'Abydos' I (London, 1902), pl.XIV, group marked T.",Spencer 1980 / Early Dynastic Objects,Not on display,,,Donated by: Egypt Exploration Fund,Excavated by: Egypt Exploration Fund,1900,,,Egypt and Sudan,EA68707,"1900,1005.20",
https://media.britishmuseum.org/media/Repository/Documents/2014_10/3_21/10898501_551a_4639_9875_a3b901603b0e/preview_00229187_001.jpg,scraper (object name),No: Optional[EA68731],"Small unifacial scraper: of brown flint, triangular in shape and chipped along each edge.; ",,1st Dynasty,,Excavated/Findspot: Tomb of Qaa,flint,flaked,4.40 centimetres;  4.60 centimetres; ,,"See W. M. F. Petrie, 'Abydos' I (London, 1902), pl.XV, group marked Q",Spencer 1980 / Early Dynastic Objects,Not on display,,,Donated by: Egypt Exploration Fund,Excavated by: Egypt Exploration Fund,1900,,,Egypt and Sudan,EA68731,"1900,1005.44",
https://media.britishmuseum.org/media/Repository/Documents/2014_10/3_21/3e69b9c4_d584_43a5_8643_a3b9016008ba/preview_00229167_001.jpg,scraper (object name),No: Optional[EA68722],"Unifacial triangular scraper: of dark grey flint, sharpened by chipping along each edge.; ",,1st Dynasty,,Excavated/Findspot: Tomb of Semerkhet,flint,flaked,7.80 centimetres;  6.40 centimetres max ; ,,"Bibliography:
W. M. F. Petrie, 'Abydos' I (London, 1902), 8, pl.XV, group marked U.",Spencer 1980 / Early Dynastic Objects,Not on display,,,Donated by: Egypt Exploration Fund,Excavated by: Egypt Exploration Fund,1900,,,Egypt and Sudan,EA68722,"1900,1005.35",
https://media.britishmuseum.org/media/Repository/Documents/2014_10/3_21/bcc4cab4_d7d8_47df_bc4f_a3b90160347e/preview_00229231_001.jpg,scraper (object name),No: Optional[EA68746],"Unifacial triangular scraper: of brown flint, sharpened along two edges by chipping. There is a large bulb of percussion at the butt.; ",,1st Dynasty,,Excavated/Findspot: Tomb of Anedjib (?);  Excavated/Findspot: Umm el-Qaab (Abydos),flint,flaked,5.70 centimetres;  4.60 centimetres max ; ,,"See W. M. F. Petrie, 'Abydos' I (London, 1902), pl.XIV, pl.XV.",Spencer 1980 / Early Dynastic Objects,Not on display,,,Donated by: Egypt Exploration Fund,Excavated by: Egypt Exploration Fund,1900,,,Egypt and Sudan,EA68746,"1901,1028.9",
https://media.britishmuseum.org/media/Repository/Documents/2014_10/3_21/8e8fe9df_8666_41ae_95a3_a3b90160226e/preview_00229177_001.jpg,scraper (object name),No: Optional[EA68726],Rectangular double-end scraper of brown flint: broken off at one end. The remaining cutting edge has been chipped with some care.; ,,1st Dynasty,,Excavated/Findspot: Tomb of Qaa (?);  Excavated/Findspot: Tomb of Semerkhet (?),flint,flaked,4.30 centimetres;  2.00 centimetres max ; ,,"See W. M. F. Petrie, 'Abydos' I (London, 1902), pl.XV, groups marked U & Q.",Spencer 1980 / Early Dynastic Objects,Not on display,,,Donated by: Egypt Exploration Fund,Excavated by: Egypt Exploration Fund,1900,,,Egypt and Sudan,EA68726,"1900,1005.39",
https://media.britishmuseum.org/media/Repository/Documents/2014_10/3_21/e706f114_6865_4325_9f0f_a3b9015ff19f/preview_00229155_001.jpg,scraper (object name),No: Optional[EA68710],"Unifacial ovate scraper: of brown flint, sharpened all round by careful chipping.; ",,1st Dynasty,,Excavated/Findspot: Tomb of Anedjib,flint,flaked,6.70 centimetres max ;  4.50 centimetres max ; ,,"Bibliography:
W. M. F. Petrie, 'Abydos' I (London, 1902), 8, pl.XV, group marked X, sixth from top",Spencer 1980 / Early Dynastic Objects,Not on display,,,Donated by: Egypt Exploration Fund,Excavated by: Egypt Exploration Fund,1900,,,Egypt and Sudan,EA68710,"1900,1005.23",
https://media.britishmuseum.org/media/Repository/Documents/2014_10/3_21/2e4aee15_e81c_4840_b9d1_a3b9015fee09/preview_00229153_001.jpg,scraper (object name),No: Optional[EA68708],Rectangular double-end scraper: burnt to a pale grey colour. The cutting edges were convex and finely chipped. The whole length of one side of the flake has been broken away.; ,,1st Dynasty,,Excavated/Findspot: Tomb of Den,flint,flaked,9.40 centimetres max ;  2.40 centimetres max ; ,,"Bibliography:
W. M. F. Petrie, 'Abydos' I (London, 1902), pl.XIV, group marked T.",Spencer 1980 / Early Dynastic Objects,Not on display,,,Donated by: Egypt Exploration Fund,Excavated by: Egypt Exploration Fund,1900,,,Egypt and Sudan,EA68708,"1900,1005.21",
https://media.britishmuseum.org/media/Repository/Documents/2014_10/3_21/12b84d74_e1db_4b8e_9e63_a3b9015ff794/preview_00229158_001.jpg,scraper (object name),No: Optional[EA68712],"Thin rectangular double-end scraper: of brown striped flint, roughly chipped at the ends. The cutting edges are slightly convex.; ",,1st Dynasty,,Excavated/Findspot: Tomb of Anedjib,flint,flaked,5.90 centimetres max ;  2.80 centimetres max ; ,,"Petrie, Abydos I, 8, pl.XV, group marked X, third from top.",Spencer 1980 / Early Dynastic Objects,Not on display,,,Donated by: Egypt Exploration Fund,Excavated by: Egypt Exploration Fund,1900,,,Egypt and Sudan,EA68712,"1900,1005.25",
https://media.britishmuseum.org/media/Repository/Documents/2014_10/3_21/6837671c_6c1d_4b46_8091_a3b9015feff0/preview_00229154_001.jpg,scraper (object name),No: Optional[EA68709],"Unifacial triangular scraper: of brown flint, sharpened along one edge only. There is a thin layer of white crust on the upper surface.  Bulb of percussion present.; ",,1st Dynasty,,Excavated/Findspot: Tomb of Anedjib,flint,flaked,8.80 centimetres max ;  5.60 centimetres max ; ,,"see Petrie, Abydos I, pl.XV, group marked X",Spencer 1980 / Early Dynastic Objects,Not on display,,,Donated by: Egypt Exploration Fund,Excavated by: Egypt Exploration Fund,1900,,,Egypt and Sudan,EA68709,"1900,1005.22",
https://media.britishmuseum.org/media/Repository/Documents/2014_10/3_21/fe742ce1_0ca1_4174_b054_a3b9015fe2e3/preview_00229146_001.jpg,scraper (object name),No: Optional[EA68698],"Thin rectangular double-end scraper: of dark brown flint, sharpened at ends by chipping.; ",,1st Dynasty,,Excavated/Findspot: Tomb of Merneit,flint,flaked,6.30 centimetres max ;  2.70 centimetres max ; ,,"Bibliography:
W. M. F. Petrie, 'Abydos' I (London, 1902), 8, pl.XIV, group marked Y, fifth from top.",Spencer 1980 / Early Dynastic Objects,Not on display,,,Donated by: Egypt Exploration Fund,Excavated by: Egypt Exploration Fund,1900,,,Egypt and Sudan,EA68698,"1900,1005.12",
https://media.britishmuseum.org/media/Repository/Documents/2014_10/3_21/397e5b65_b89a_48d1_858d_a3b9016002f3/preview_00229164_001.jpg,scraper (object name),No: Optional[EA68721],"Rectangular double-end scraper: of brown flint, with slightly convex cutting edges, sharpened by chipping.; ",,1st Dynasty,,Excavated/Findspot: Tomb of Semerkhet,flint,flaked,6.40 centimetres;  2.10 centimetres; ,,"Bibliography:
W. M. F. Petrie, 'Abydos' I (London, 1902), 8, pl.XV, group marked U.",Spencer 1980 / Early Dynastic Objects,Not on display,,,Donated by: Egypt Exploration Fund,Excavated by: Egypt Exploration Fund,1900,,,Egypt and Sudan,EA68721,"1900,1005.34",
https://media.britishmuseum.org/media/Repository/Documents/2014_10/3_21/0d47c8c5_6517_4d20_a07a_a3b901600a89/preview_00229168_001.jpg,scraper (object name),No: Optional[EA68725],Thick flake of brown flint: roughly chipped at the ends to form a rectangular double-end scraper.; ,,1st Dynasty,,Excavated/Findspot: Tomb of Qaa,flint,flaked,6.80 centimetres;  2.10 centimetres max ; ,,"see Petrie, Abydos I, pl.XV, group marked Q",Spencer 1980 / Early Dynastic Objects,Not on display,,,Donated by: Egypt Exploration Fund,Excavated by: Egypt Exploration Fund,1900,,,Egypt and Sudan,EA68725,"1900,1005.38",
https://media.britishmuseum.org/media/Repository/Documents/2014_10/3_21/3bd9e944_c533_4ba8_bf31_a3b901604b66/preview_00229286_001.jpg,scraper (object name),No: Optional[EA68785],Rectangular double-end scraper of brown flint: roughly chipped at the ends. The cutting edges are slightly convex.; ,,1st Dynasty,,Excavated/Findspot: Tarkhan,flint,flaked,5.60 centimetres max ;  2.20 centimetres max ; ,,"Bibliography: 
For grave 2053, see W. M. F. Petrie, 'Tarkhan' II (London, 1914), 6 and pl. XLIII.",Spencer 1980 / Early Dynastic Objects,Not on display,,,"Donated by: British School of Archaeology, Egypt",,1913,,,Egypt and Sudan,EA68785,"1913,1027.20",
https://media.britishmuseum.org/media/Repository/Documents/2014_10/3_21/b8f549d7_084e_4909_800d_a3b90160554a/preview_00229291_001.jpg,scraper (object name),No: Optional[EA68787],"Rectangular double-end scraper: of brown flint, roughly chipped at the ends. The cutting edges are slightly convex.; ",,1st Dynasty,,Excavated/Findspot: Tarkhan,flint,flaked,5.00 centimetres max ;  2.10 centimetres max ; ,,"Bibliography: 
For grave 2053, see W. M. F. Petrie, 'Tarkhan' II (London, 1914), 6 and pl. XLIII.",Spencer 1980 / Early Dynastic Objects,Not on display,,,"Donated by: British School of Archaeology, Egypt",,1913,,,Egypt and Sudan,EA68787,"1913,1027.22",
https://media.britishmuseum.org/media/Repository/Documents/2014_10/3_21/c7e30bf7_ff64_434f_b990_a3b9015f9e0a/preview_00229067_001.jpg,scraper (object name),No: Optional[EA68119],"Unifacial scraper: of oval shape with a pointed butt (leaf-shaped), slightly chipped round the edge. The worked surface bears a patch of white crust. Brown striped flint.; ",Qaa,1st Dynasty,,Excavated/Findspot: Saqqara (Memphis),flint,flaked,8.80 centimetres max ;  5.30 centimetres max ; ,,"A list of the types of flint implements found in tomb 3505 is given in W. B. Emery, 'Great tombs of the First Dynasty; excavations at Sakkara' III (London, 1958), 14-15, but it is so abbreviated as to be of little use.",Spencer 1980 / Early Dynastic Objects,Not on display,,,,Excavated by: Prof Walter B Emery,1971,,,Egypt and Sudan,EA68119,"1971,0227.53",
https://media.britishmuseum.org/media/Repository/Documents/2014_10/3_21/81a3d10f_218a_4f45_a066_a3b9015f7194/preview_00229038_001.jpg,scraper (object name),No: Optional[EA68073],"Thin rectangular double-end scraper: of brown flint, with roughly chipped straight cutting edges.; ",Qaa,1st Dynasty,,Excavated/Findspot: Saqqara (Memphis),flint,,6.40 centimetres;  1.70 centimetres max ; ,,"A list of the types of flint implements found in tomb 3505 is given in W. B. Emery, 'Great tombs of the First Dynasty; excavations at Sakkara' III (London, 1958), 14-15, but it is so abbreviated as to be of little use.",Spencer 1980 / Early Dynastic Objects,Not on display,,,Donated by: Egypt Exploration Society,Excavated by: Prof Walter B Emery,1971,,,Egypt and Sudan,EA68073,"1971,0227.6",
https://media.britishmuseum.org/media/Repository/Documents/2014_10/3_21/5a2af3e8_1615_4389_a6ab_a3b9015f7b6a/preview_00229097_001.jpg,scraper (object name),No: Optional[EA68137],"Thin flake of brown flint: with slightly chipped around the edges. The upper surface is entirely covered with white crust, which extends through the thickness of the flake at the sides.; ",Qaa,1st Dynasty,,Excavated/Findspot: Saqqara (Memphis),flint,flaked,7.20 centimetres max ;  5.50 centimetres max ; ,,"A list of the types of flint implements found in tomb 3505 is given in W. B. Emery, 'Great tombs of the First Dynasty; excavations at Sakkara' III (London, 1958), 14-15, but it is so abbreviated as to be of little use.",Spencer 1980 / Early Dynastic Objects,Not on display,,,Donated by: Egypt Exploration Society,Excavated by: Prof Walter B Emery,1971,,,Egypt and Sudan,EA68137,"1971,0227.71",
https://media.britishmuseum.org/media/Repository/Documents/2014_10/3_21/f6e896e3_c444_463f_8c7e_a3b9015f7001/preview_00229037_001.jpg,scraper (object name),No: Optional[EA68070],"Oval scraper of brown flint: unifacial, with a clear bulb at the butt. The edge has been chipped all round. There are traces of white crust on the worked surface.; ",Qaa,1st Dynasty,,Excavated/Findspot: Saqqara (Memphis),flint,flaked,7.50 centimetres;  5.80 centimetres max ; ,,"A list of the types of flint implements found in tomb 3505 is given in W. B. Emery, 'Great tombs of the First Dynasty; excavations at Sakkara' III (London, 1958), 14-15, but it is so abbreviated as to be of little use.",Spencer 1980 / Early Dynastic Objects,Not on display,,,Donated by: Egypt Exploration Society,Excavated by: Prof Walter B Emery,1971,,,Egypt and Sudan,EA68070,"1971,0227.3",
https://media.britishmuseum.org/media/Repository/Documents/2014_10/3_21/0dba4c1b_f637_4e59_8d10_a3b9015f72f8/preview_00229039_001.jpg,scraper (object name),No: Optional[EA68076],"Unifacial triangular scraper: of mottled brown flint, sharpened on each edge.; ",Qaa,1st Dynasty,,Excavated/Findspot: Saqqara (Memphis),flint,flaked,7.80 centimetres;  6.10 centimetres max ; ,,"A list of the types of flint implements found in tomb 3505 is given in W. B. Emery, 'Great tombs of the First Dynasty; excavations at Sakkara' III (London, 1958), 14-15, but it is so abbreviated as to be of little use.",Spencer 1980 / Early Dynastic Objects,Not on display,,,Donated by: Egypt Exploration Society,Excavated by: Prof Walter B Emery,1971,,,Egypt and Sudan,EA68076,"1971,0227.9",
https://media.britishmuseum.org/media/Repository/Documents/2014_10/3_21/51be96cf_cd43_43b3_be22_a3b9015fb221/preview_00229077_001.jpg,scraper (object name),No: Optional[EA68109],"Unifacial oval scraper: of brown flint, sharpened by chipping round the edges.; ",,1st Dynasty,,Excavated/Findspot: Saqqara (Memphis),flint,flaked,7.10 centimetres;  4.50 centimetres max ; ,,"A list of the types of flint implements found in tomb 3505 is given in W. B. Emery, 'Great tombs of the First Dynasty; excavations at Sakkara' III (London, 1958), 14-15, but it is so abbreviated as to be of little use.",Spencer 1980 / Early Dynastic Objects,Not on display,,,Donated by: Egypt Exploration Society,Excavated by: Prof Walter B Emery,1971,,,Egypt and Sudan,EA68109,"1971,0227.43",
https://media.britishmuseum.org/media/Repository/Documents/2014_10/3_21/ad4d554a_ad8b_4c14_8c22_a3b9015f95fe/preview_00229062_001.jpg,scraper (object name),No: Optional[EA68104],"Unifacial oval scraper: of brown striped flint, with a patch of white crust on the worked face. Sharpened all round by chipping.; ",,1st Dynasty,,Excavated/Findspot: Saqqara (Memphis),flint,,8.00 centimetres;  5.90 centimetres max ; ,,"A list of the types of flint implements found in tomb 3505 is given in W. B. Emery, 'Great tombs of the First Dynasty; excavations at Sakkara' III (London, 1958), 14-15, but it is so abbreviated as to be of little use.",Spencer 1980 / Early Dynastic Objects,Not on display,,,Donated by: Egypt Exploration Society,Excavated by: Prof Walter B Emery,1971,,,Egypt and Sudan,EA68104,"1971,0227.38",
,scraper (object name),No: Optional[EA68112],"One of three pieces of an oval scraper, found separately and now rejoined: the scraper was made from a thick flake of dark brown flint, flaked all over one side and retouched along the edges. During manufacture, a large flake separated itself from the butt, carrying with it part of the sharpened edge, and a smaller flake became detached from the worked surface of the implement. The reconstituted scraper has a large bulb of percussion at the butt.; ",Qaa,1st Dynasty,,Excavated/Findspot: Saqqara (Memphis),flint,flaked; retouched,5.80 centimetres;  5.50 centimetres max ; ,,"Attached to 1971,0277.59 & 1971,0277.69.
A list of the types of flint implements found in tomb 3505 is given in W. B. Emery, 'Great tombs of the First Dynasty; excavations at Sakkara' III (London, 1958), 14-15, but it is so abbreviated as to be of little use.",Spencer 1980 / Early Dynastic Objects,Not on display,,,Donated by: Egypt Exploration Society,Excavated by: Prof Walter B Emery,1971,,,Egypt and Sudan,EA68112,"1971,0227.46",
https://media.britishmuseum.org/media/Repository/Documents/2014_10/3_21/ea099a3e_9595_4e3f_8945_a3b9015fb3e2/preview_00229078_001.jpg,scraper (object name),No: Optional[EA68108],"Unifacial flint scraper: of irregular shape, only slightly chipped at one end. Pale brown flint with grey bands.; ",,1st Dynasty,,Excavated/Findspot: Saqqara (Memphis),flint,flaked,9.10 centimetres;  5.90 centimetres max ; ,,"A list of the types of flint implements found in tomb 3505 is given in W. B. Emery, 'Great tombs of the First Dynasty; excavations at Sakkara' III (London, 1958), 14-15, but it is so abbreviated as to be of little use.",Spencer 1980 / Early Dynastic Objects,Not on display,,,Donated by: Egypt Exploration Society,Excavated by: Prof Walter B Emery,1971,,,Egypt and Sudan,EA68108,"1971,0227.42",
https://media.britishmuseum.org/media/Repository/Documents/2014_10/3_21/fdb4782f_dd5e_4ddb_aa95_a3b9015f7d14/preview_00229098_001.jpg,scraper (object name),No: Optional[EA68136],"Thin flake of pale brown flint: approximately triangular in form, roughly chipped along the edges to serve as a scraper. The upper surface is entirely covered with white crust.; ",Qaa,1st Dynasty,,Excavated/Findspot: Saqqara (Memphis),flint,flaked,7.60 centimetres max ;  7.00 centimetres max ; ,,"A list of the types of flint implements found in tomb 3505 is given in W. B. Emery, 'Great tombs of the First Dynasty; excavations at Sakkara' III (London, 1958), 14-15, but it is so abbreviated as to be of little use.",Spencer 1980 / Early Dynastic Objects,Not on display,,,Donated by: Egypt Exploration Society,Excavated by: Prof Walter B Emery,1971,,,Egypt and Sudan,EA68136,"1971,0227.70",
https://media.britishmuseum.org/media/Repository/Documents/2014_10/3_21/22fd40a1_bc2f_4f2b_bf85_a3b9015f81a6/preview_00229100_001.jpg,scraper (object name),No: Optional[EA68138],Unifacial oval scraper of brown flint: roughly chipped around the edge. There is a distinct bulb of percussion at the butt and the worked face bears a strip of white crust.; ,,1st Dynasty,,Excavated/Findspot: Saqqara (Memphis),flint,flaked,8.90 centimetres max ;  7.10 centimetres max ; ,,"A list of the types of flint implements found in tomb 3505 is given in W. B. Emery, 'Great tombs of the First Dynasty; excavations at Sakkara' III (London, 1958), 14-15, but it is so abbreviated as to be of little use.",Spencer 1980 / Early Dynastic Objects,Not on display,,,Donated by: Egypt Exploration Society,Excavated by: Prof Walter B Emery,1971,,,Egypt and Sudan,EA68138,"1971,0227.72",
https://media.britishmuseum.org/media/Repository/Documents/2014_10/3_21/895482d8_345b_4c50_9217_a3b9015f8b69/preview_00229055_001.jpg,scraper (object name),No: Optional[EA68095],"Flake of brown flint: shaped similarly to a double-end scraper, but with the butt end chipped to a blunt point. The other end has a sharp, straight edge.; ",Qaa,1st Dynasty,,Excavated/Findspot: Saqqara (Memphis),flint,flaked,7.30 centimetres;  2.90 centimetres max ; ,,"A list of the types of flint implements found in tomb 3505 is given in W. B. Emery, 'Great tombs of the First Dynasty; excavations at Sakkara' III (London, 1958), 14-15, but it is so abbreviated as to be of little use.",Spencer 1980 / Early Dynastic Objects,Not on display,,,Donated by: Egypt Exploration Society,Excavated by: Prof Walter B Emery,1971,,,Egypt and Sudan,EA68095,"1971,0227.28",
https://media.britishmuseum.org/media/Repository/Documents/2014_10/3_21/d13fa43d_2684_4f5b_9db1_a3b9015fbeab/preview_00229084_001.jpg,scraper (object name),No: Optional[EA68127],"Unifacial scraper: of roughly oval form, sharpened all round the edge. Black flint with dark brown patches.; ",Qaa,1st Dynasty,,Excavated/Findspot: Saqqara (Memphis),flint,flaked,8.00 centimetres max ;  5.10 centimetres max ; ,,"A list of the types of flint implements found in tomb 3505 is given in W. B. Emery, 'Great tombs of the First Dynasty; excavations at Sakkara' III (London, 1958), 14-15, but it is so abbreviated as to be of little use.",Spencer 1980 / Early Dynastic Objects,Not on display,,,Donated by: Egypt Exploration Society,Excavated by: Prof Walter B Emery,1971,,,Egypt and Sudan,EA68127,"1971,0227.61",
https://media.britishmuseum.org/media/Repository/Documents/2014_10/3_21/c3cb04d5_5ac4_47bd_bf10_a3b9015f864f/preview_00229051_001.jpg,scraper (object name),No: Optional[EA68090],"Rectangular double-end scraper: of brown flint, with slightly convex cutting edges, sharpened by chipping.; ",Qaa,1st Dynasty,,Excavated/Findspot: Saqqara (Memphis),flint,flaked,6.30 centimetres;  2.00 centimetres max ; ,,"A list of the types of flint implements found in tomb 3505 is given in W. B. Emery, 'Great tombs of the First Dynasty; excavations at Sakkara' III (London, 1958), 14-15, but it is so abbreviated as to be of little use.",Spencer 1980 / Early Dynastic Objects,Not on display,,,Donated by: Egypt Exploration Society,Excavated by: Prof Walter B Emery,1971,,,Egypt and Sudan,EA68090,"1971,0227.23",
https://media.britishmuseum.org/media/Repository/Documents/2014_10/3_21/3e693e28_996b_4d64_96a7_a3b9015fb07c/preview_00229076_001.jpg,scraper (object name),No: Optional[EA68110],"Unifacial oval scraper: of dark grey flint, sharpened round the entire perimeter by chipping.; ",Qaa,1st Dynasty,,Excavated/Findspot: Saqqara (Memphis),flint,flaked,7.20 centimetres;  5.10 centimetres max ; ,,"A list of the types of flint implements found in tomb 3505 is given in W. B. Emery, 'Great tombs of the First Dynasty; excavations at Sakkara' III (London, 1958), 14-15, but it is so abbreviated as to be of little use.",Spencer 1980 / Early Dynastic Objects,Not on display,,,Donated by: Egypt Exploration Society,Excavated by: Prof Walter B Emery,1971,,,Egypt and Sudan,EA68110,"1971,0227.44",
https://media.britishmuseum.org/media/Repository/Documents/2014_10/3_21/4ca7552a_1c12_4524_83a8_a3b9015f9c0c/preview_00229066_001.jpg,scraper (object name),No: Optional[EA68107],"Unifacial triangular scraper: of grey flint, sharpened along two edges.; ",,1st Dynasty,,Excavated/Findspot: Saqqara (Memphis),flint,flaked,6.50 centimetres;  6.60 centimetres max ; ,,"A list of the types of flint implements found in tomb 3505 is given in W. B. Emery, 'Great tombs of the First Dynasty; excavations at Sakkara' III (London, 1958), 14-15, but it is so abbreviated as to be of little use.",Spencer 1980 / Early Dynastic Objects,Not on display,,,Donated by: Egypt Exploration Society,Excavated by: Prof Walter B Emery,1971,,,Egypt and Sudan,EA68107,"1971,0227.41",
https://media.britishmuseum.org/media/Repository/Documents/2014_10/3_21/981b710a_ddcb_45f4_8ef3_a3b9015f8ec6/preview_00229057_001.jpg,scraper (object name),No: Optional[EA68097],Narrow scraper of brown striped flint: with a rounded base and pointed top. The edges have been sharpened along the length of one side and round the base. The unsharpened side has a patch of white crust remaining.; ,,1st Dynasty,,Excavated/Findspot: Saqqara (Memphis),flint,flaked,9.50 centimetres;  4.20 centimetres max ; ,,"A list of the types of flint implements found in tomb 3505 is given in W. B. Emery, 'Great tombs of the First Dynasty; excavations at Sakkara' III (London, 1958), 14-15, but it is so abbreviated as to be of little use.",Spencer 1980 / Early Dynastic Objects,Not on display,,,Donated by: Egypt Exploration Society,Excavated by: Prof Walter B Emery,1971,,,Egypt and Sudan,EA68097,"1971,0227.30",
https://media.britishmuseum.org/media/Repository/Documents/2014_10/3_21/a218bf4a_575e_4b4b_a078_a3b9015faeba/preview_00229075_001.jpg,scraper (object name),No: Optional[EA68111],"Unifacial triangular scraper: of brown flint, roughly chipped round the edges. There is a distinct bulb of percussion at the butt.; ",Qaa,1st Dynasty,,Excavated/Findspot: Saqqara (Memphis),flint,flaked,5.80 centimetres;  5.00 centimetres max ; ,,"A list of the types of flint implements found in tomb 3505 is given in W. B. Emery, 'Great tombs of the First Dynasty; excavations at Sakkara' III (London, 1958), 14-15, but it is so abbreviated as to be of little use.",Spencer 1980 / Early Dynastic Objects,Not on display,,,Donated by: Egypt Exploration Society,Excavated by: Prof Walter B Emery,1971,,,Egypt and Sudan,EA68111,"1971,0227.45",
https://media.britishmuseum.org/media/Repository/Documents/2014_10/3_21/c09802f4_c1ac_4edf_83a6_a3b9015f66f5/preview_00229087_001.jpg,scraper (object name),No: Optional[EA68130],"Heavy oval scraper: of dark brown flint, slightly chipped all round the edge. Most of the worked surface is covered by a layer of brown crust. There is a large bulb at the butt.; ",,1st Dynasty,,Excavated/Findspot: Saqqara (Memphis),flint,flaked,10.40 centimetres max ;  5.90 centimetres max ; ,,"A list of the types of flint implements found in tomb 3505 is given in W. B. Emery, 'Great tombs of the First Dynasty; excavations at Sakkara' III (London, 1958), 14-15, but it is so abbreviated as to be of little use.",Spencer 1980 / Early Dynastic Objects,Not on display,,,Donated by: Egypt Exploration Society,Excavated by: Prof Walter B Emery,1971,,,Egypt and Sudan,EA68130,"1971,0227.64",
https://media.britishmuseum.org/media/Repository/Documents/2014_10/3_21/05c8e618_8047_4bc1_98b7_a3b9015f7c17/preview_00229044_001.jpg,scraper (object name),No: Optional[EA68080],"Unifacial triangular scraper: of brown flint, sharpened along the edges by chipping.; ",Qaa,1st Dynasty,,Excavated/Findspot: Saqqara (Memphis),flint,flaked,8.60 centimetres;  6.20 centimetres max ; ,,"A list of the types of flint implements found in tomb 3505 is given in W. B. Emery, 'Great tombs of the First Dynasty; excavations at Sakkara' III (London, 1958), 14-15, but it is so abbreviated as to be of little use.",Spencer 1980 / Early Dynastic Objects,Not on display,,,Donated by: Egypt Exploration Society,Excavated by: Prof Walter B Emery,1971,,,Egypt and Sudan,EA68080,"1971,0227.13",
https://media.britishmuseum.org/media/Repository/Documents/2014_10/3_21/699ee292_52a2_42e2_bb6f_a3b9015f775f/preview_00229095_001.jpg,scraper (object name),No: Optional[EA68134],"Unifacial oval scraper: with slightly pointed ends, neatly chipped round the edge. The worked surface bears a patch of white crust. Pale brown flint.; ",Qaa,1st Dynasty,,Excavated/Findspot: Saqqara (Memphis),flint,flaked,8.80 centimetres max ;  4.60 centimetres max ; ,,"A list of the types of flint implements found in tomb 3505 is given in W. B. Emery, 'Great tombs of the First Dynasty; excavations at Sakkara' III (London, 1958), 14-15, but it is so abbreviated as to be of little use.",Spencer 1980 / Early Dynastic Objects,Not on display,,,Donated by: Egypt Exploration Society,Excavated by: Prof Walter B Emery,1971,,,Egypt and Sudan,EA68134,"1971,0227.68",
https://media.britishmuseum.org/media/Repository/Documents/2014_10/3_21/23da53fa_3a2f_4d35_a5de_a3b9015f6517/preview_00229086_001.jpg,scraper (object name),No: Optional[EA68129],"Narrow unifacial scraper: of approximately oval form, roughly chipped round the edge. The butt end has a distinct bulb and bears a small patch of pale crust. Dark brown flint.; ",Qaa,1st Dynasty,,Excavated/Findspot: Saqqara (Memphis),flint,flaked,9.40 centimetres max ;  4.80 centimetres max ; ,,"A list of the types of flint implements found in tomb 3505 is given in W. B. Emery, 'Great tombs of the First Dynasty; excavations at Sakkara' III (London, 1958), 14-15, but it is so abbreviated as to be of little use.",Spencer 1980 / Early Dynastic Objects,Not on display,,,Donated by: Egypt Exploration Society,Excavated by: Prof Walter B Emery,1971,,,Egypt and Sudan,EA68129,"1971,0227.63",
https://media.britishmuseum.org/media/Repository/Documents/2014_10/3_19/9e3500ff_b3cb_4433_8c59_a3b90139739e/preview_00218511_001.jpg,seal-impression (object name),No: Optional[EA32669],"A pale brown clay seal: from the cord binding of some object, with an impressed inscription of Semerkhet. The surface of the clay is well preserved.; ",,1st Dynasty,,Excavated/Findspot: Tomb of Semerkhet,clay,impressed,3.60 centimetres;  2.30 centimetres;  4.10 centimetres; ,"Inscription type: inscription Inscription script: hieroglyphic Inscription translation: Semerkhet and reference to the pr-nsw and another building. Inscription note: Impressed. The name is read by Kaplony as ḥwt p Ḥr ỉry nbty, 'The Mansion of the throne of Horus, and of Iry-Nebti (taking the nsw-bỉtỉ name of Semerkhet to be Iry-nbty), seeP. Kaplony, 'Die Inschriften der Ägyptischen Frühzeit II (Wiesbaden, 1964),  823-4, n. 824; 1123. This name had previously been read iry-nṯr, after B. Grdseloff, 'Annales du Service des Antiquitiés de l'Égypte' 44 (1944), 284-8.; ","Bibliography:
W. M. F. Petrie, 'Royal Tombs of the Earliest Dynasties' I, pl.XXVIII, 72;
H. R. Hall, 'Catalogue of Egyptian scarabs etc. in the British Museum: Volume 1 : Royal scarabs' (London, 1913), 288, no.2764; 
P. Kaplony, 'Die Inschriften der Ägyptischen Frühzeit III (Wiesbaden, 1964), pl.64, abb.229; see also vols. I, 142 and II, 822. n.820; 1123.",Spencer 1980 / Early Dynastic Objects,Not on display,,Named in inscription: Semerkhet,Donated by: Egypt Exploration Fund,Excavated by: Egypt Exploration Fund,1900,,,Egypt and Sudan,EA32669,"1900,1015.31",
https://media.britishmuseum.org/media/Repository/Documents/2015_5/7_14/3eb80339_11cf_4521_b7f8_a49100f54657/preview_YCA69964_58345.jpg,seal-impression (object name),No: Optional[EA58345],Clay impression of cylinder-seal; Hieroglyphic text both sides.; ,,1st Dynasty,,Found/Acquired: Egypt,clay,,3.62 centimetres;  11.00 grammes;  2.90 centimetres;  1.40 millimetres; ,Inscription type: inscription Inscription script: hieroglyphic; ,,,Not on display,,,Donated by: Percy Edward Newberry,,1926,,,Egypt and Sudan,EA58345,"1926,1111.11",
https://media.britishmuseum.org/media/Repository/Documents/2014_10/3_17/e67de184_cc0f_42c9_9a9b_a3b9011a9ad4/preview_00210851_001.jpg,stela (object name),No: Optional[EA35020],"Limestone stela: roughly-shaped limestone stela similar, with a rounded top and broken base, bearing the name Meresham with a seated female figure determinative. The inscription is carved in low relief.; ",,1st Dynasty,,Excavated/Findspot: Tomb of Semerkhet,limestone,,24.00 centimetres;  2.00 kilograms;  20.00 centimetres;  4.50 centimetres; ,Inscription type: inscription Inscription script: hieroglyphic Inscription transliteration: Mrỉ-s-ḥm Inscription translation: Meresham Inscription note: In low relief.; ,"Bibliography:
W. M. F. Petrie, 'Royal Tombs of the Earliest Dynasties' I, pl.XXXI, 35; pl.XXXV, 35;
British Museum, 'Hieroglyphic Texts from Egyptian Stelae, etc'., I (London), pl.1; 
P. Kaplony, 'Die Inschriften der Ägyptischen Frühzeit I (Wiesbaden, 1963), 182, 498.",Spencer 1980 / Early Dynastic Objects,Not on display,,,Donated by: Egypt Exploration Fund,Excavated by: Egypt Exploration Fund,1900,,,Egypt and Sudan,EA35020,"1900,1015.49",
https://media.britishmuseum.org/media/Repository/Documents/2014_10/3_17/8a66b756_f950_4add_8fc3_a3b9011a8440/preview_00210795_001.jpg,stela (object name),No: Optional[EA35612],"Limestone stela: rough with a rounded top, chipped at the edges and extensively pitted by weathering. The stela bears an inscription in low relief giving a name which may be intended to read Iaineit, followed by a figure of a seated woman.; ",,1st Dynasty,,Excavated/Findspot: Tomb of Djer,limestone,,35.50 centimetres;  26.00 centimetres; ,Inscription type: inscription Inscription script: hieroglyphic Inscription transliteration: I‘ ỉ-Nt Inscription translation: Iaineit Inscription note: In low relief; ,"Bibliography:
W. M. F. Petrie, 'Royal Tombs of the Earliest Dynasties' II, pls. XXVI, 55; XXVIII, 55;
J. Capart, ‘Les Débuts de L’Art, 247, fig. 176 (top right);
British Museum, 'Hieroglyphic Texts from Egyptian Stelae, etc'., I (London), pl.2;
P. Kaplony, 'Die Inschriften der Ägyptischen Frühzeit I (Wiesbaden, 1963), 184, 412.",Spencer 1980 / Early Dynastic Objects,"On display (Room 64 - Early Egypt, Display Case 10)",,,Donated by: Egypt Exploration Fund,Excavated by: Egypt Exploration Fund,1901,,,Egypt and Sudan,EA35612,"1901,1012.112",
https://media.britishmuseum.org/media/Repository/Documents/2014_10/3_17/0252c064_c1f5_4bef_b0cf_a3b9011a98e4/preview_00210850_001.jpg,stela (object name),No: Optional[EA35019],"Limestone stela: roughly-shaped limestone stela with a rounded top, broken at the base. The stela bears an inscription giving the name Itika with titles. The signs are carved in low relief by lowering the surface immediately around the hieroglyphs, but this cutting was not continued over the whole of the face of the stela. Good condition.; ",,1st Dynasty,,Excavated/Findspot: Umm el-Qaab (Abydos),limestone,,20.00 centimetres max ;  24.50 centimetres max ; ,Inscription type: inscription Inscription script: hieroglyphic Inscription transliteration: Itỉ-kʒ smr pr-nsw wḏpw Inscription note: In low relief.; ,"Bibliography:
W. M. F. Petrie, 'Royal Tombs of the Earliest Dynasties' I,  27, pl.XXXI, 40; pl.XXXVI, 40;
British Museum, 'Hieroglyphic Texts from Egyptian Stelae, etc'., I (London), pl.1; 
P. Kaplony, 'Die Inschriften der Ägyptischen Frühzeit I (Wiesbaden, 1963), 183, 439.",Spencer 1980 / Early Dynastic Objects,Not on display,,,Donated by: Egypt Exploration Fund,Excavated by: Egypt Exploration Fund,1900,,,Egypt and Sudan,EA35019,"1900,1015.48",
https://media.britishmuseum.org/media/Repository/Documents/2014_10/3_17/6663b310_bdfb_4e61_9255_a3b9011a9c58/preview_00210852_001.jpg,stela (object name),No: Optional[EA35021],"Limestone stela: rough with a rounded top, bearing an incised inscription giving the name of the official Ip, with the a title. The left hand side of the stela has been broken away, with the loss of part of the figure of the seated man which followed the name, and of most of another hieroglyph to the left of the title. The surface of the stone is in good condition.; ",,1st Dynasty,,Excavated/Findspot: Tomb of Den,limestone,incised,52.00 centimetres max ;  26.00 centimetres max ; ,"Inscription type: inscription Inscription script: hieroglyphic Inscription transliteration: ḫrp-‘ḥ Inscription translation: Title of Ip Inscription note: Incised. See P. Kaplony, 'Die Inschriften der Ägyptischen Frühzeit I (Wiesbaden, 1963), 181, 415; P. Kaplony, 'Die Inschriften der Ägyptischen Frühzeit II (Wiesbaden, 1964), 931, note 1341.; ","The technique of the inscription is unusual, the outlines having been cut by sideways chiselling or gentle hammering, creating a zig-zag effect instead of a clean line.
Bibliography:
W. M. F. Petrie, 'Royal Tombs of the Earliest Dynasties' I, pls. XXXI, 23; XXXIV, 23;
British Museum, 'Hieroglyphic Texts from Egyptian Stelae, etc'., I (London), pl. I.",Spencer 1980 / Early Dynastic Objects,Not on display,,,Donated by: Egypt Exploration Fund,Excavated by: Egypt Exploration Fund,1900,,,Egypt and Sudan,EA35021,"1900,1015.50",
https://media.britishmuseum.org/media/Repository/Documents/2014_10/3_17/701643b2_9e2e_48b8_9e97_a3b9011a825a/preview_00210794_001.jpg,stela (object name),No: Optional[EA35017],"Limestone stela: a tall, narrow stela, roughly cut from limestone, with a rounded top and an inscription in low relief on the upper part of the front surface. The text gives the name Hedjrekhyt without any determinative. Good condition.; ",,1st Dynasty,,Excavated/Findspot: Tomb of Djet,limestone,,47.20 centimetres;  16.50 centimetres; ,Inscription type: inscription Inscription position: upper front surface Inscription script: hieroglyphic Inscription transliteration: Hḏ-rḫyt Inscription translation: Hedjrekhyt Inscription note: In relief.; ,"Bibliography: 
W. M. F. Petrie, 'Royal Tombs of the Earliest Dynasties' I, 27; pls. XXXI, 3; XXXIII, 3; LXI (lower left);
P. Kaplony, 'Die Inschriften der Ägyptischen Frühzeit I (Wiesbaden, 1963), 179,599.",Spencer 1980 / Early Dynastic Objects,Not on display,,,Donated by: Egypt Exploration Fund,Excavated by: Egypt Exploration Fund,1900,,,Egypt and Sudan,EA35017,"1900,1015.46",
https://media.britishmuseum.org/media/Repository/Documents/2014_9/29_21/28f752bc_c325_4d43_8e42_a3b5015f003a/preview_00170049_001.jpg,stela (object name),No: Optional[EA35614],"Limestone stela: rough with a rounded top, the surfaces very much pitted and eroded by weathering. The stela bears the remains of an inscription in low relief, beneath which is a figure of a seated woman. The details of the inscription have been considerably obscured by the erosion of the stone.; ",,1st Dynasty,,Excavated/Findspot: Tomb of Djer,limestone,,46.00 centimetres;  16.00 centimetres;  29.00 centimetres; ,Inscription type: inscription Inscription script: hieroglyphic Inscription transliteration: Ḥr-Nt Inscription note: A name in low relief.; ,"Bibliography:
W. M. F. Petrie, 'Royal Tombs of the Earliest Dynasties' II, pl. XXVI, 53; XXVIII, 53;
British Museum, 'Hieroglyphic Texts from Egyptian Stelae, etc'., I (London), pl.2; 
P. Kaplony, 'Die Inschriften der Ägyptischen Frühzeit I (Wiesbaden, 1963), 184, 579;
A. Roveri and F. Tiradritte (eds.), 'Kemet: Alle Sorgenti del Tempo', (Ravenna, 1998), p.232 [197].",Spencer 1980 / Early Dynastic Objects,Not on display,,,Donated by: Egypt Exploration Fund,Excavated by: Egypt Exploration Fund,1901,,,Egypt and Sudan,EA35614,"1901,1012.114",
https://media.britishmuseum.org/media/Repository/Documents/2014_10/1_6/8be7a7e7_a3c1_49c1_86a1_a3b7006df67f/preview_00032878_001.jpg,stela (object name),No: Optional[EA35018],"Limestone stela: rough with a rounded top, restored from two pieces. The stela bears an inscription in low relief identifying the ancient owner as 'the dwarf Nefer'. The surface of the stone has been slightly pitted by weathering and the edges of the stela are chipped.; ",,1st Dynasty,,Excavated/Findspot: Tomb of Semerkhet,limestone,,45.00 centimetres;  24.00 centimetres; ,Inscription type: inscription Inscription script: hieroglyphic Inscription transliteration: Nfr Inscription translation: Nefer Inscription note: In low relief; ,"Bibliography:
W. M. F. Petrie, 'Royal Tombs of the Earliest Dynasties' I,  27, pl.XXXI, 37; pl.XXXV, 37;
British Museum, 'Hieroglyphic Texts from Egyptian Stelae, etc'., I (London), pl.2;
J. Capart, ‘Les Débuts de L’Art, 247, fig. 176 (top left);
P. Kaplony, 'Die Inschriften der Ägyptischen Frühzeit I (Wiesbaden, 1963), 182, 540.",Spencer 1980 / Early Dynastic Objects,"On display (Room 64 - Early Egypt, Display Case 8)",,Named in inscription: Nefer,Donated by: Egypt Exploration Fund,Excavated by: Egypt Exploration Fund,1900,,,Egypt and Sudan,EA35018,"1900,1015.47",
,table (object name),No: Optional[EA32178],"Circular table of grey schist: with a dished top, rounded off at the edges. On the underside there is a very low hollow pedestal, made in one piece with the table.; ",,1st Dynasty,,Found/Acquired: Egypt,schist,,32.50 centimetres;  2.50 centimetres; ,,"Compare the low pedestal of the calcite table published in W. B. Emery, 'Great tombs of the First Dynasty; excavations at Sakkara' I' (Cairo, 1949), 142, fig. 76, type W1.",Spencer 1980 / Early Dynastic Objects,Not on display,,,Purchased from: R J Moss & Co,,1899,,,Egypt and Sudan,EA32178,"1899,1016.1191",
,table (object name),No: Optional[EA55271],"Large circular table-top of grey schist: with a dished top and rounded edge: in the centre there is a circular hole, into which the pedestal seems to have fitted. This aperture is surrounded by five small drill-holes, which were used for fixing the top to the pedestal by means of a cord. Part of the side of the central aperture is broken.; ",,1st Dynasty,,Found/Acquired: Egypt,schist,drilled,41.20 centimetres;  6.80 centimetres; ,,,Spencer 1980 / Early Dynastic Objects,Not on display,,,,,,,,Egypt and Sudan,EA55271,OC.44,
https://media.britishmuseum.org/media/Repository/Documents/2014_10/2_21/8172b090_2b6e_4b96_92fc_a3b80162ff08/preview_00335599_001.jpg,tile (object name); wall-tile (object name),No: Optional[EA37282],"Part of a green glazed composition tile: decorated with ribbed lines. The only edge to remain unbroken is covered with a blue glaze of a paler shade than the green of the ribbed face. The tile's upper side is convex, and it is pierced to facilitate its attachment to a wall.; ",,1st Dynasty,,Excavated/Findspot: Temple of Osiris-Khentimentu (Abydos),glazed composition,glazed; pierced,6.00 centimetres max ;  1.80 centimetres;  6.20 centimetres max ; ,,"This tile was found in debris associated with the early Osiris Temple at Abydos, but has no specific context. It is interesting to note that, while the tile is green, the unbroken edge displays a light blue colour.  
Precisely what  this  tile  decorated  at Abydos is unknown because no tiles have been found in situ, but it is quite likely that the walls of the sanctuary and nearby shrines were decorated in the same manner as the niches of Djoser's funerary complex.
For parallels, see W. M. F. Petrie, 'Abydos' I (London, 1902), pl. LIII, 20-2; W. M. F. Petrie, 'Abydos' II (London, 1902-4), pl. XI, 237; A. Scharff, ‘Die Altertümer der Vor – und Frühzeit Ägyptens’  (Berlin, 1929-31), no. 367 and pl. 38.
Bibliography:
W. M. F. Petrie, 'Abydos' I (London, 1902), pl. LIII, 19.",Spencer 1980 / Early Dynastic Objects; Friedman 1998 / Gifts of the Nile: Ancient Egyptian Faience,"On display (Room 64 - Early Egypt, Display Case 7)",,,Donated by: Egypt Exploration Fund,Excavated by: Egypt Exploration Fund,1902,,,Egypt and Sudan,EA37282,"1902,1011.19",
https://media.britishmuseum.org/media/Repository/Documents/2014_10/3_21/fad91203_36d4_4c89_86b5_a3b9015f81f5/preview_00228995_001.jpg,tool/implement (object name),No: Optional[EA49284],"Two pieces of an object of uncertain function: made of brown flint flaked on both sides and sharpened along the edges. Possibly it was originally a knife, the central part of the blade having been removed for some reason.; ",,1st Dynasty,,Excavated/Findspot: Umm el-Qaab (Abydos),flint,flaked,10.30 centimetres;  0.30 centimetres;  1.80 centimetres max ; ,,"Bibliography:
E. Naville, ‘The cemeteries of Abydos’ I (London, 1913), 39, pl.XIV, 2.",Spencer 1980 / Early Dynastic Objects,Not on display,,,Donated by: Egypt Exploration Fund,Excavated by: Henri Édouard Naville;  Excavated by: Dr Harry Reginald Holland Hall;  Excavated by: Thomas Eric Peet;  Excavated by: Egypt Exploration Fund,1910,,,Egypt and Sudan,EA49284,"1910,1008.7",
https://media.britishmuseum.org/media/Repository/Documents/2014_10/3_21/884836b7_6707_4902_9ed6_a3b9016000bd/preview_00229255_001.jpg,tool/implement (object name),No: Optional[EA68759],"A small, pointed flake of brown flint: set into a stick of round section. The stick is broken at the butt, but is otherwise in a good state of preservation.; ",,1st Dynasty,,Excavated/Findspot: Tomb of Djer,flint; wood,,5.40 centimetres;  1.30 centimetres max ; ,,"The use of this object is uncertain. Petrie suggested that it was a tatooing instrument (W. M. F. Petrie, 'Royal Tombs of the Earliest Dynasties' II, 24).
Bibliography:
W. M. F. Petrie, 'Royal Tombs of the Earliest Dynasties' II, 24-5, pl.VI, 15.",Spencer 1980 / Early Dynastic Objects,Not on display,,,Donated by: Egypt Exploration Fund,Excavated by: Egypt Exploration Fund,1901,,,Egypt and Sudan,EA68759,"1901,1028.22",
,tool/implement (object name),No: Optional[EA68765],"A thin flake of brown flint: with the butt carefully chipped to an abrupt point. The other end is narrow and rounded, and has been chipped to a sharp edge.; ",,1st Dynasty,,Excavated/Findspot: Tomb of Djer (?);  Excavated/Findspot: Tomb of Djet (?),flint,flaked,5.90 centimetres;  0.30 centimetres;  1.40 centimetres max ; ,,"Bears excavators mark. O. The flints 68755-69 are recorded in the registers of the British and Medieval Department as coming from the tomb of Djet, but 10 of this group definitely come from the tomb of Djer, and it is almost certain that the same is true of the remaining 5.
Bibliography:
W. M. F. Petrie, 'Abydos' I (London, 1902), 8, pl.XIV, group marked O.",Spencer 1980 / Early Dynastic Objects,Not on display,,,Donated by: Egypt Exploration Fund,Excavated by: Egypt Exploration Fund,1901,,,Egypt and Sudan,EA68765,"1901,1028.28",
https://media.britishmuseum.org/media/Repository/Documents/2014_10/3_21/2696f544_d44b_4b19_8fe3_a3b90160145b/preview_00229172_001.jpg,tool/implement (object name),No: Optional[EA68724],"One end of an object of uncertain function: consisting of a thin strip of smooth and polished flint. The corners are rounded at the preserved end, and the edges are smooth and rounded, not sharp. The entire object was manufactured by grinding.; ",,1st Dynasty,,Excavated/Findspot: Tomb of Qaa,flint,polished; ground,7.40 centimetres;  0.60 centimetres;  2.60 centimetres max ; ,,"Bibliography:
W. M. F. Petrie, 'Abydos' I (London, 1902), 8, pl.XV, group marked Q, second from bottom.
Compare the similar object in W. M. F. Petrie, 'Abydos' I (London, 1902), pl.XV, among group marked U. Also the polished agate object in W. M. F. Petrie, 'Royal Tombs of the Earliest Dynasties' II, pl.VIA, 17.",Spencer 1980 / Early Dynastic Objects,Not on display,,,Donated by: Egypt Exploration Fund,Excavated by: Egypt Exploration Fund,1900,,,Egypt and Sudan,EA68724,"1900,1005.37",
,tool/implement (object name),No: Optional[EA68715],"A narrow flake of brown flint: pointed at one end and rounded at the other. Both ends have been slightly chipped. The flake is triangular in section, with a sharp ridge along the back.; ",,1st Dynasty,,Excavated/Findspot: Tomb of Anedjib,flint,flaked,7.60 centimetres max ;  0.40 centimetres;  1.10 centimetres max ; ,,"See W. M. F. Petrie, 'Abydos' I (London, 1902), pl.XV, group marked X.",Spencer 1980 / Early Dynastic Objects,Not on display,,,Donated by: Egypt Exploration Fund,Excavated by: Egypt Exploration Fund,1900,,,Egypt and Sudan,EA68715,"1900,1005.28",
,tool/implement (object name),No: Optional[EA68766],Thin and narrow flake of brown flint: with a pointed tip. The butt end has been chipped to form a short point.; ,,1st Dynasty,,Excavated/Findspot: Tomb of Djer (?);  Excavated/Findspot: Tomb of Djet (?),flint,flaked,4.70 centimetres;  0.30 centimetres;  0.90 centimetres max ; ,,"Bears excavators mark. O. The flints 68755-69 are recorded in the registers of the British and Medieval Department as coming from the tomb of Djet, but 10 of this group definitely come from the tomb of Djer, and it is almost certain that the same is true of the remaining 5.
Bibliography:
W. M. F. Petrie, 'Abydos' I (London, 1902), 8, pl.XIV, group marked O.",Spencer 1980 / Early Dynastic Objects,Not on display,,,Donated by: Egypt Exploration Fund,Excavated by: Egypt Exploration Fund,1901,,,Egypt and Sudan,EA68766,"1901,1028.29",
,tool/implement (object name),No: Optional[EA68694],Thin flake of cream flint: with a pointed tip. The butt end has been chipped to form a short point with sharp edges.; ,,1st Dynasty,,Excavated/Findspot: Tomb of Djet,flint,flaked,5.50 centimetres max ;  0.30 centimetres;  0.90 centimetres max ; ,,"See W. M. F. Petrie, 'Abydos' I (London, 1902), pl.XIV, group marked Z.",Spencer 1980 / Early Dynastic Objects,Not on display,,,Donated by: Egypt Exploration Fund,Excavated by: Egypt Exploration Fund,1900,,,Egypt and Sudan,EA68694,"1900,1005.7",
https://media.britishmuseum.org/media/Repository/Documents/2014_10/13_21/135d787e_728d_4911_85e8_a3c3015d39db/preview_00837077_001.jpg,tool/implement (object name),No: Optional[EA67565],"A long-handled cutting tool of uncertain use: the cutting edges are on either side of the pointed tip, and only extend for about 5.0cm from the point up the length of the tool. Above the sharpened edges, the tool narrows, and then tapers gradually to a slightly convex butt. The edges of the metal all along the stem are rounded off smoothly, probably indicating that this part served as a handle, especially as the tool seems never to have been equipped with a separate handle of wood. The cutting edges have been ground sharp from both sides.; ",,1st Dynasty,,Excavated/Findspot: Tomb of Djer,copper,ground,28.10 centimetres;  83.00 grammes;  0.15 centimetres;  3.10 centimetres max ; ,,"Bibliography:
W. M. F. Petrie, 'Royal Tombs of the Earliest Dynasties' II,  24, pl.VI, 24.
For similar objects, see; W. M. F. Petrie, 'Tools and weapons : illustrated by the Egyptian collection in University College, London' (London, 1917), 51 and pls.LXII, 13; LXIII, 29; W. M. F. Petrie, 'Abydos' I (London, 1902), pl.L;  W. M. F. Petrie, 'Man 1' (1901), no. 123, 147-9. Petrie believed that these tools were used for cutting leather.",Spencer 1980 / Early Dynastic Objects,"On display (Room 64 - Early Egypt, Display Case 10)",,,Donated by: Egypt Exploration Fund,Excavated by: Egypt Exploration Fund,1901,,,Egypt and Sudan,EA67565,"1901,1028.34",
,tool/implement (object name),No: Optional[EA68735],Thin flake of brown flint: with a pointed tip. The butt end has been chipped to form a short point with sharp edges.; ,,1st Dynasty,,Excavated/Findspot: Abydos,flint,flaked,7.10 centimetres;  0.30 centimetres;  1.20 centimetres max ; ,,,Spencer 1980 / Early Dynastic Objects,Not on display,,,Donated by: Egypt Exploration Fund,Excavated by: Egypt Exploration Fund,1900,,,Egypt and Sudan,EA68735,"1900,1005.48",
,tool/implement (object name),No: Optional[EA68701],Thin flake of brown flint: pointed at the tip. The butt end has been carefully chipped to form a short point with sharp edges.; ,,1st Dynasty,,Excavated/Findspot: Tomb of Merneit,flint,flaked,7.40 centimetres;  0.30 centimetres;  1.20 centimetres; ,,"Bibliography:
W. M. F. Petrie, 'Abydos' I (London, 1902), 8, pl.XIV, group marked Y, third from top.",Spencer 1980 / Early Dynastic Objects,Not on display,,,Donated by: Egypt Exploration Fund,Excavated by: Egypt Exploration Fund,1900,,,Egypt and Sudan,EA68701,"1900,1005.14",
https://media.britishmuseum.org/media/Repository/Documents/2014_11/5_16/c912a1c2_bf38_4ed2_afd2_a3da01106380/preview_01215838_001.jpg,tool/implement (object name),No: Optional[EA68704],Broad flake of brown flint: pointed at the tip. The butt end has a small bulb of percussion and is bruised from the blow used to detach the flake. The tip of the flake has been very slightly sharpened.; ,,1st Dynasty,,Excavated/Findspot: Tomb of Den,flint,flaked,10.00 centimetres max ;  0.60 centimetres;  2.30 centimetres max ; ,,"See W. M. F. Petrie, 'Abydos' I (London, 1902), pl.XIV, group marked T",Spencer 1980 / Early Dynastic Objects,Not on display,,,Donated by: Egypt Exploration Fund,Excavated by: Egypt Exploration Fund,1900,,,Egypt and Sudan,EA68704,"1900,1005.17",
,tool/implement (object name),No: Optional[EA68720],Narrow flake of brown flint: pointed at one end and rounded at the other. Both ends have been slightly chipped.; ,,1st Dynasty,,Excavated/Findspot: Tomb of Semerkhet,flint,,6.60 centimetres max ;  0.40 centimetres;  1.10 centimetres max ; ,,"See W. M. F. Petrie, 'Abydos' I (London, 1902), pl.XV, group marked U.",Spencer 1980 / Early Dynastic Objects,Not on display,,,Donated by: Egypt Exploration Fund,Excavated by: Egypt Exploration Fund,1900,,,Egypt and Sudan,EA68720,"1900,1005.33",
,tool/implement (object name),No: Optional[EA68714],Thin flake of brown flint: broken off at one end. The preserved butt end is rounded and has been slightly chipped.; ,,1st Dynasty,,Excavated/Findspot: Tomb of Anedjib,flint,,4.70 centimetres max ;  0.50 centimetres;  2.00 centimetres max ; ,,"See W. M. F. Petrie, 'Abydos' I (London, 1902), pl.XV, group marked X.",Spencer 1980 / Early Dynastic Objects,Not on display,,,Donated by: Egypt Exploration Fund,Excavated by: Egypt Exploration Fund,1900,,,Egypt and Sudan,EA68714,"1900,1005.27",
,tool/implement (object name),No: Optional[EA68706],"Thin flake of brown flint: originally with a pointed tip, now broken. The butt end is slightly chipped.; ",,1st Dynasty,,Excavated/Findspot: Tomb of Den,flint,,7.00 centimetres max ;  0.50 centimetres;  1.90 centimetres max ; ,,"See W. M. F. Petrie, 'Abydos' I (London, 1902), pl.XIV, group marked T.",Spencer 1980 / Early Dynastic Objects,Not on display,,,Donated by: Egypt Exploration Fund,Excavated by: Egypt Exploration Fund,1900,,,Egypt and Sudan,EA68706,"1900,1005.19",
,tool/implement (object name),No: Optional[EA68716],A short thin flake of brown flint: with a pointed tip. The butt end has been carefully chipped to an abrupt point.; ,,1st Dynasty,,Excavated/Findspot: Tomb of Anedjib,flint,flaked,3.80 centimetres max ;  0.30 centimetres;  1.00 centimetres max ; ,,"See W. M. F. Petrie, 'Abydos' I (London, 1902), pl. XV, group marked X.",Spencer 1980 / Early Dynastic Objects,Not on display,,,Donated by: Egypt Exploration Fund,Excavated by: Egypt Exploration Fund,1900,,,Egypt and Sudan,EA68716,"1900,1005.29",
,tool/implement (object name),No: Optional[EA68753],A thin flake of brown flint: with a pointed tip. The butt end has been carefully chipped to form an abrupt point with sharpened edges.; ,,1st Dynasty,,Excavated/Findspot: Abydos,flint,flaked,7.10 centimetres;  0.50 centimetres;  1.40 centimetres max ; ,,,Spencer 1980 / Early Dynastic Objects,Not on display,,,Donated by: Egypt Exploration Fund,Excavated by: Egypt Exploration Fund,1900,,,Egypt and Sudan,EA68753,"1901,1028.16",
,tool/implement (object name),No: Optional[EA68091],Thin flake of brown flint with a sharply-pointed tip: the butt end is rounded with chipped edges.; ,Qaa,1st Dynasty,,Excavated/Findspot: Saqqara (Memphis),flint,,8.50 centimetres;  0.40 centimetres;  1.70 centimetres max ; ,,,Spencer 1980 / Early Dynastic Objects,Not on display,,,Donated by: Egypt Exploration Society,Excavated by: Prof Walter B Emery,1971,,,Egypt and Sudan,EA68091,"1971,0227.24",
https://media.britishmuseum.org/media/Repository/Documents/2014_10/3_21/86ddf7cc_0ee6_4c29_8a32_a3b9015fc7c6/preview_00229131_001.jpg,tool/implement (object name),No: Optional[EA68143],Piece of unworked flint: with a thick coating of white crust. Broken at one end.; ,Djet,1st Dynasty,,Excavated/Findspot: Saqqara (Memphis),flint,,8.30 centimetres;  9.00 centimetres max ; ,,,Spencer 1980 / Early Dynastic Objects,Not on display,,,Donated by: Egypt Exploration Society,Excavated by: Prof Walter B Emery,1971,,,Egypt and Sudan,EA68143,"1971,0227.77",
https://media.britishmuseum.org/media/Repository/Documents/2014_10/3_21/2612a447_96b5_4541_a9e8_a3b9015fc384/preview_00229128_001.jpg,tool/implement (object name),No: Optional[EA68142],"Piece of unworked flint: of irregular shape, covered with white crust. Broken at one end.; ",Qaa,1st Dynasty,,Excavated/Findspot: Saqqara (Memphis),flint,,14.30 centimetres;  6.50 centimetres max ; ,,,Spencer 1980 / Early Dynastic Objects,Not on display,,,Donated by: Egypt Exploration Society,Excavated by: Prof Walter B Emery,1971,,,Egypt and Sudan,EA68142,"1971,0227.76",
,vase (object name),No: Optional[EA26967],"Variegated cream with grey limestone barrel-shaped vase: with horizontally pierced tubular handles on the sides, the contracted mouth is surrounded by a slightly angular rim, below which there is a shallow groove, interior fairly well hollowed with clear marks of rotary drilling.; ",,1st Dynasty,,Found/Acquired: Egypt,limestone,drilled; pierced,2.60 centimetres base ;  6.23 centimetres max ;  3.60 centimetres rim ;  10.23 centimetres; ,,,Spencer 1980 / Early Dynastic Objects,Not on display,,,Purchased from: Rev Chauncey Murch,,1896,,,Egypt and Sudan,EA26967,"1896,0618.16",
https://media.britishmuseum.org/media/Repository/Documents/2014_11/5_16/2de2edf1_9197_4f7f_96bc_a3da0110919f/preview_01215961_001.jpg,vase (object name),No: Optional[EA64653],"Spheroidal vase of variegated limestone: with pink, white and black veining. The rim is flat-topped with a sharp outer edge and the interior is fairly well hollowed. On the shoulder of the vase are two tubular handles, both covered by rectangular gold plates with an openwork cross cut in the middle. The handles still contain loops of copper wire, covered with gold foil. The base was drilled right through for ease of hollowing, and would have been plugged by a separate piece of stone, now missing.; ",,1st Dynasty; 2nd Dynasty,,Excavated/Findspot: Abydos (?),limestone; gold; copper,gold-plated; gilded,2.60 centimetres base ;  4.60 centimetres rim ;  6.30 centimetres;  4.50 centimetres; ,,"The gold detail, and the colour and size of the vessel, suggest that it may well be identical with the vase described in the 'Macgregor Sale Catalogue' (1922), 145, no. 1094, second example. If this identification is correct then the provenance of the vase is known to be Abydos.",Spencer 1980 / Early Dynastic Objects,"On display (Room 64 - Early Egypt, Display Case 10)",,,Donated by: Mrs Marion Whiteford Acworth JP,,1946,,,Egypt and Sudan,EA64653,"1946,1204.177",
,vase (object name),No: Optional[EA55207],"Squat vase of dolomite: with a roughly flattened base and contracted mouth, around which there is a sloping external rim, the rim is separated from the body of the vessel by a narrow groove. Interior moderately well hollowed. The outside of the vase and the edge of the rim are slightly chipped.; ",,1st Dynasty; 2nd Dynasty,,Found/Acquired: Egypt,dolomite,,4.50 centimetres base ;  7.70 centimetres rim ;  6.10 centimetres; ,,,Spencer 1980 / Early Dynastic Objects,Not on display,,,Donated by: W L O Campbell,,1921,,,Egypt and Sudan,EA55207,"1921,1117.2",
,vase (object name),No: Optional[EA49282],A small piece of the plain rim of a serpentine vessel.; ,,1st Dynasty; 2nd Dynasty,,Excavated/Findspot: Abydos,diorite,,3.50 centimetres;  2.50 centimetres; ,,,Spencer 1980 / Early Dynastic Objects,Not on display,,,Donated by: Egypt Exploration Fund,Excavated by: Egypt Exploration Fund,1910,,,Egypt and Sudan,EA49282,"1910,1008.5",
,vase (object name),No: Optional[EA22143],Part of the side and rim of a large spheroidal vase of black diorite: the rim is flat on the top and slightly rounded at the edge. One of the tubular handles is preserved.; ,,1st Dynasty,,Excavated/Findspot: Tell el-Yahudiya,diorite,,10.60 centimetres;  18.00 centimetres; ,,,Spencer 1980 / Early Dynastic Objects,Not on display,,,Donated by: Egypt Exploration Fund,Excavated by: Egypt Exploration Fund,1885,,,Egypt and Sudan,EA22143,"1885,0101.130",
,vase (object name),No: Optional[EA35300],"Convex-sided vase of red breccia: with two horizontally pierced tubular handles, the outer surfaces of which are slightly concave. The contracted mouth is surrounded by a flat-topped rim with a sharp outer edge. Interior well hollowed.; ",,1st Dynasty; 2nd Dynasty,,Found/Acquired: Egypt,breccia,pierced,11.40 centimetres base ;  11.60 centimetres rim ;  20.50 centimetres;  20.40 centimetres; ,,,Spencer 1980 / Early Dynastic Objects,Not on display,,,Purchased from: R J Moss & Co,,1901,,,Egypt and Sudan,EA35300,"1901,0608.32",
,vase (object name),No: Optional[EA32648],Small fragment of the side of a serpentine vase: with part of a wavy ledge-handle remaining. The surface is decorated with an incised rope pattern in relief.; ,,1st Dynasty,,Excavated/Findspot: Tomb of Merneit,serpentine,incised,8.16 centimetres max ;  6.50 centimetres; ,,"Bibliography:
W. M. F. Petrie, 'Royal Tombs of the Earliest Dynasties' I, 28, pl.XXXVII, 28;
W. M. F. Petrie, 'Royal Tombs of the Earliest Dynasties' II, pl. XXXIX, 23.",Spencer 1980 / Early Dynastic Objects,Not on display,,,Donated by: Egypt Exploration Fund,Excavated by: Sir William Matthew Flinders Petrie;  Excavated by: Egypt Exploration Fund,1900,,,Egypt and Sudan,EA32648,"1900,1015.10",
https://media.britishmuseum.org/media/Repository/Documents/2016_8/15_11/b6b11810_ca33_43cd_b8c9_a66300b8e775/preview_49063.jpg,vase (object name),No: Optional[EA49063],"Barrel-shaped vase of pink marl pottery: with a flat base and convex sides. The mouth is surrounded by an external roll-rim. The surface of the vase has been eroded by salt action, but traces of original red slip are preserved.; ",,1st Dynasty; Late Predynastic,,"Excavated/Findspot: Mahasna, el-",pottery,slipped,0.50 centimetres at base ;  6.90 centimetres at rim ;  12.00 centimetres whole ; ,,"For the excavation, see E. R. Ayrton & W. L. S. Loat, 'Pre-dynastic cemetery at El Mahasna' (London, 1911).",Spencer 1980 / Early Dynastic Objects,Not on display,,,Donated by: Egypt Exploration Fund,Excavated by: Egypt Exploration Fund,1909,,,Egypt and Sudan,EA49063,"1909,0804.62",
https://media.britishmuseum.org/media/Repository/Documents/2014_10/5_1/087448e3_1fc6_40e1_8d66_a3bb001bd82b/preview_00285953_001.jpg,vase (object name),No: Optional[EA56843],"Spheroidal vase of black-and-white andesite porphyry: with a rounded base and two tubular handles. The rim is thin, flat-topped and sharp on the outer edge. Both handles are covered with rectangular plates of thin gold, cut out into an openwork cross. The interior is well-hollowed.; ",,1st Dynasty; 2nd Dynasty,,Found/Acquired: Egypt,andesite; porphyry; gold (handles only),gold-plated,6.00 centimetres rim ;  8.60 centimetres;  5.90 centimetres; ,,"Bibliography:
P. E. Newberry, ' Burlington Fine Arts Club Exhibition Catalogue (1922)', 6, no. 24;
J. Crowfoot Payne, 'Journal of Egyptian Archaeology' 60 (1974), 81;
A. Roveri and F. Tiradritte [eds.], 'Kemet: Alle Sorgenti del Tempo' (Ravenna, 1998), p.237 [205-206];
N. Strudwick, 'The Legacy of Lord Carnarvon' (Wyoming ,2001), p. 28 [20].",Spencer 1980 / Early Dynastic Objects,"On display (Room 64 - Early Egypt, Display Case 10)",,,"Donated by: George Herbert, 5th Earl of Carnarvon",,1923,,,Egypt and Sudan,EA56843,"1923,0728.2",
https://media.britishmuseum.org/media/Repository/Documents/2026_1/6_10/296929a5_4541_4ac6_a91a_b3ca00a51840/preview_EA4519__1_.jpg,vase (object name),No: Optional[EA4519],"Squat calcite vase: with a flat base and a contracted mouth, around which there is a rounded external rim. The rim is separated from the body of the vase by a narrow groove. The interior is well hollowed, with the base countersunk. Part of the rim is missing.; ",,1st Dynasty; 2nd Dynasty,,Found/Acquired: Egypt,calcite,,5.50 centimetres base ;  6.70 centimetres rim ;  7.90 centimetres; ,,,Spencer 1980 / Early Dynastic Objects,Not on display,,,Donated by: Sir John Gardner Wilkinson,,1834,,,Egypt and Sudan,EA4519,.4519,Miscellaneous number: BS.4519 (BS.4519)
,vase (object name),No: Optional[EA32537],"A barrel-shaped vase of pale yellow, banded calcite, with a flattened base and convex sides. The neck is narrow with an external, rounded rim. Interior well hollowed.; ",,1st Dynasty,,Found/Acquired: Egypt,calcite,,18.40 centimetres;  22.40 centimetres; ,,,Spencer 1980 / Early Dynastic Objects,Not on display,,,Purchased through: Rev Chauncey Murch;  Purchased from: Mohammed Mohassib,,1900,,,Egypt and Sudan,EA32537,"1900,0609.50",
,vase (object name),No: Optional[EA37418],Fragment of a calcite vase: completely blackened by fire. Traces of charred organic material adhere to the interior surface.; ,,1st Dynasty,,Excavated/Findspot: Tomb of Den,calcite,,6.40 centimetres;  6.00 centimetres; ,,,Spencer 1980 / Early Dynastic Objects,Not on display,,,Donated by: Dr Harry Reginald Holland Hall,,1902,,,Egypt and Sudan,EA37418,"1902,1231.2",
,vase (object name),No: Optional[EA29876],"Squat striated calcite vase: with a flat base and a contracted mouth, around which there is a rounded external rim, narrow groove between the rim and body of the vase. Interior well hollowed with countersunk base.; ",,1st Dynasty; 2nd Dynasty,,Found/Acquired: Egypt,calcite,,6.00 centimetres base ;  13.16 centimetres max ;  6.70 centimetres rim ;  7.22 centimetres; ,,"Published:
A. Roveri and F. Tiradritte [eds.], Kemet: Alle Sorgenti del Tempo, Ravenna 1998, p.249 [226].",Spencer 1980 / Early Dynastic Objects,Not on display,,,Purchased through: R J Moss & Co,,1898,,,Egypt and Sudan,EA29876,"1898,0315.11",
https://media.britishmuseum.org/media/Repository/Documents/2026_3/23_11/670f2a9e_69e7_422a_a2f9_b41600be03af/preview_EA58344.jpg,vase (object name),No: Optional[EA58344],"Squat dolomite limestone vase: with flat base and flaring sides. High-shouldered, with contracted mouth, surrounded by moulded external rim. Interior well hollowed, exterior worn.; ",,1st Dynasty; 2nd Dynasty,,Found/Acquired: Egypt,dolomite,,2.80 centimetres base ;  6.49 centimetres max ;  3.30 centimetres rim ;  4.02 centimetres max ; ,,,Spencer 1980 / Early Dynastic Objects,Not on display,,,Donated by: Percy Edward Newberry,,1926,,,Egypt and Sudan,EA58344,"1926,1111.10",
https://media.britishmuseum.org/media/Repository/Documents/2014_10/3_17/74ad3a33_1d27_4eb7_8253_a3b9011d612a/preview_00211283_001.jpg,vase (object name),No: Optional[EA49288],"A small fragment of pottery: red on the surface but black in the centre of the section, with an incised inscription of two hieroglyphs on the exterior surface. Surface rather worn.; ",,1st Dynasty,,Excavated/Findspot: Umm el-Qaab (Abydos),pottery,incised,10.50 centimetres;  8.50 centimetres; ,Inscription type: inscription Inscription position: exterior surface Inscription script: hieroglyphic Inscription translation: Ip Inscription note: Incised.; ,"Compare W. M. F. Petrie, 'Royal Tombs of the Earliest Dynasties' I, pl. LVII, 1289, 1317.
Bibliography:
E. Naville, ‘The cemeteries of Abydos’ I (London, 1913),  I, 37 and pl.XV.",Spencer 1980 / Early Dynastic Objects,Not on display,,,Donated by: Egypt Exploration Fund,Excavated by: Egypt Exploration Fund,1910,,,Egypt and Sudan,EA49288,"1910,1008.11",
https://media.britishmuseum.org/media/Repository/Documents/2016_8/15_10/1efd08c6_78d5_4c7f_b212_a66300b077a3/preview_49051.jpg,vase (object name),No: Optional[EA49051],"Vase of pale brown marl pottery with a flat base, barrel-shaped body and narrow neck, terminating in an external roll-rim. Good condition.; ",,Late Predynastic; 1st Dynasty,,"Excavated/Findspot: Mahasna, el-",pottery,,7.30 centimetres base ;  6.30 centimetres rim ;  16.80 centimetres; ,,"For the excavation, see E. R. Ayrton & W. L. S. Loat, 'Pre-dynastic cemetery at El Mahasna' (London, 1911).
Type most like Late ware L53G in Petrie’s Corpus of Prehistoric Pottery.",Spencer 1980 / Early Dynastic Objects,Not on display,,,Donated by: Egypt Exploration Fund,Excavated by: Egypt Exploration Fund,1909,,,Egypt and Sudan,EA49051,"1909,0804.50",
https://media.britishmuseum.org/media/Repository/Documents/2014_11/5_14/a9c844bb_55fe_421a_903c_a3da00ee0dee/preview_01210761_001.jpg,vase (object name),No: Optional[EA59760],"Vase of black and white mottled limestone: with convex sides converging to a pointed base. The mouth is finished with a rounded rim, which projects slightly on the exterior. Interior well-hollowed, exhibiting distinct marks of rotary drilling.; ",,Late Predynastic; 1st Dynasty,,Found/Acquired: Egypt,limestone,drilled,4.90 centimetres rim ;  12.10 centimetres; ,,,Spencer 1980 / Early Dynastic Objects,Not on display,,,Purchased from: Spink & Son Ltd,,1930,,,Egypt and Sudan,EA59760,"1930,0614.4",
,vase (object name),No: Optional[EA58341],"Red breccia vase: with convex sides with two projecting knob-handles, pierced horizontally, flat base with ill-defined edges. The sides converge to a narrow neck and then expand to a plain rounded rim, a small section of which is now missing. Interior hollowing extends too far to one side and has caused a small hole.; ",,1st Dynasty,,Found/Acquired: Egypt,breccia,pierced,5.00 centimetres base ;  7.53 centimetres max ;  5.40 centimetres rim ;  9.41 centimetres; ,,,Spencer 1980 / Early Dynastic Objects,Not on display,,,Donated by: Percy Edward Newberry,,1926,,,Egypt and Sudan,EA58341,"1926,1111.7",
,vase (object name),No: Optional[EA49281],Fragment of a dolomite vase with no distinctive features.; ,,1st Dynasty; 2nd Dynasty,,Excavated/Findspot: Abydos,dolomite,,3.70 centimetres;  2.70 centimetres; ,,,Spencer 1980 / Early Dynastic Objects,Not on display,,,Donated by: Egypt Exploration Fund,Excavated by: Egypt Exploration Fund,1910,,,Egypt and Sudan,EA49281,"1910,1008.4",
https://media.britishmuseum.org/media/Repository/Documents/2016_8/15_10/eec8b872_952d_40fd_8241_a66300b12874/preview_49052.jpg,vase (object name),No: Optional[EA49052],"Vase of pale brown marl pottery  with a flat base, barrel-shaped body and narrow neck, terminating in an external roll-rim and coated with a thin red slip. Good condition.; ",,Late Predynastic; 1st Dynasty; Early Dynastic,,"Excavated/Findspot: Mahasna, el-",pottery,slipped,6.20 centimetres base ;  6.00 centimetres rim ;  15.30 centimetres; ,,"This date for this object is supported by the presence of a cylinder jar of type W.71a in grave H.66. See Ayrton and Loat, 'Pre-dynastic cemetery at El Mahasna', pl.XXXIII, 71a.
Bibliography: 
E. R. Ayrton & W. L. S. Loat, 'Pre-dynastic cemetery at El Mahasna' (London, 1911), 20 and pl. XXXIII, 65b. The vase is visible in the view of grave H.66, on pl.vii, 34.
Vessel type L65b at el Mahasna is reproduced as type L59G in Petrie’s Corpus of Predynastic Pottery.",Spencer 1980 / Early Dynastic Objects,Not on display,,,Donated by: Egypt Exploration Fund,Excavated by: Egypt Exploration Fund,1909,,,Egypt and Sudan,EA49052,"1909,0804.51",
https://media.britishmuseum.org/media/Repository/Documents/2014_10/6_12/0792f4af_97fe_491d_89f9_a3bc00d0cdc2/preview_00415621_001.jpg,vase (object name),No: Optional[EA4711],"Vase of green feldspar: with a rounded, flattened body and a narrow neck. The rim was originally covered with gold, a band of unpolished stone showing the original position of the metal. Interior only partially hollowed, showing clear drill-marks.; ",,1st Dynasty,,Excavated/Findspot: Abydos,feldspar; gold (?),gilded; polished; drilled,3.20 centimetres rim ;  7.30 centimetres;  7.00 centimetres; ,,"Compare the form from tomb B. 15 at Abydos, in W. M. F. Petrie, 'Royal Tombs of the Earliest Dynasties' II, pl. XLIX,133.
Nicholson and Shaw, Ancient Egyptian Materials and Technology (Cambridge 2000), p. 46",Spencer 1980 / Early Dynastic Objects,"On display (Room 64 - Early Egypt, Display Case 10)",,,Purchased from: Henry Salt;  Purchased through: Sotheby's,,1835,,,Egypt and Sudan,EA4711,.4711,Miscellaneous number: BS.4711 (BS.4711)
,vase (object name),No: Optional[EA35301],"Spheroidal vase of grey and white marble: with a rounded base and a broad, flat-topped rim. The exterior surfaces of the tubular handles are slightly concave. The mouth is narrow but the interior has been fairly well hollowed.; ",,1st Dynasty; 2nd Dynasty,,Found/Acquired: Egypt,marble,,16.30 centimetres rim ;  17.80 centimetres; ,,,Spencer 1980 / Early Dynastic Objects,Not on display,,,Purchased from: R J Moss & Co,,1901,,,Egypt and Sudan,EA35301,"1901,0608.33",
https://media.britishmuseum.org/media/Repository/Documents/2016_8/15_11/61f140b3_6509_4eac_9eb4_a66300b85dd1/preview_49062.jpg,vase (object name),No: Optional[EA49062],"Squat shouldered vase of pale pink marl pottery, with a flat base. The sides expand from the base to a high shoulder and then converge to a raised narrow neck, with external roll rim. 
The neck has not been centred on the body. Coated with a beige slip.; ",,1st Dynasty; Early Dynastic,,"Excavated/Findspot: Mahasna, el-",pottery,slipped,5.00 centimetres at base ;  5.80 centimetres at rim ;  10.70 centimetres whole ; ,,"Bibliography for excavations: E. R. Ayrton & W. L. S. Loat, Pre-dynastic cemetery at El Mahasna (London, 1911). 
Marked H88a on base in faded ink, but vessel is not mentioned in text for this grave.",Spencer 1980 / Early Dynastic Objects,Not on display,,,Donated by: Egypt Exploration Fund,Excavated by: Egypt Exploration Fund,1909,,,Egypt and Sudan,EA49062,"1909,0804.61",
https://media.britishmuseum.org/media/Repository/Documents/2026_4/22_9/e4d40666_c624_46ed_81a8_b434009539a2/preview_EA69080__3_.jpg,vase (object name),No: Optional[EA69080],Two fragments of a black stained ivory vase showing part of a serekh; ,,1st Dynasty,,Excavated/Findspot: Tomb of Djer,ivory,stained,8.40 centimetres max ;  4.10 centimetres max ; ,Inscription type: inscription Inscription position: smaller fragment Inscription script: hieroglyphic Inscription note: Incised. Part of Horus name.; ,"Petrie, Royal Tombs II, 23, pl.VA, 5","Adams 1977 / Egyptian objects in the Victoria and Albert Museum; Petrie 1901 / The Royal Tombs of the Earliest Dynasties, 1901. Part II",Not on display,,Named in inscription: Djer,Transferred from: Victoria and Albert Museum;  Donated by: Egypt Exploration Fund,Excavated by: Egypt Exploration Fund,1979,,,Egypt and Sudan,EA69080,"1979,1017.67",Previous owner/ex-collection number: 1035-1901 (1035-1901); Miscellaneous number: 1034-1901.A (1034-1901.A)
https://media.britishmuseum.org/media/Repository/Documents/2014_9/29_20/aa099bcd_27e2_45e6_8341_a3b501588c19/preview_00167203_001.jpg,vase (object name),No: Optional[EA58028],"Barrel-shaped vase of brown pottery: with a red slip on the exterior. The base is flat and the convex sides converge at the top to a short narrow neck, which terminates in a rounded external rim. On the side of the vase is an incised inscription of two hieroglyphs. Good condition.; ",,1st Dynasty,,"Excavated/Findspot: Badari, el-",pottery,slipped; incised,17.50 centimetres;  21.50 centimetres; ,"Inscription type: inscription Inscription position: side Inscription script: hieroglyphic Inscription transliteration: mry nṯr Inscription translation: Beloved of the God
Titles/epithets include : Beloved of the God Inscription note: Incised. Compare W. M. F. Petrie, 'Royal Tombs of the Earliest Dynasties' I, pl. L, no. 536; W. M. F. Petrie, 'Tarkhan' II (London, 1914), pl. XXI, no. 52.; ",,Spencer 1980 / Early Dynastic Objects,Not on display,,,"Donated by: British School of Archaeology, Egypt",,1925,,,Egypt and Sudan,EA58028,"1925,1012.1",
,vase (object name),No: Optional[EA52869],"Calcite shouldered vase: with a contracted mouth and a rounded external rim, part of which is broken. Interior fairly well hollowed. Restored from two pieces.; ",,1st Dynasty; 2nd Dynasty,,Found/Acquired: Egypt,calcite,,4.00 centimetres base ;  6.00 centimetres rim ;  12.90 centimetres; ,,,Spencer 1980 / Early Dynastic Objects,Not on display,,,Donated by: H L Hansard,,1914,,,Egypt and Sudan,EA52869,"1914,1022.2",
,vase (object name),No: Optional[EA35314],"Cylindrical calcite vase with circular foot, flaring sides and everted ledge-rim, cracked.; ",,1st Dynasty,,Found/Acquired: Egypt,calcite,,9.80 centimetres;  14.80 centimetres; ,,,,Not on display,,,Purchased from: R J Moss & Co,,1901,,,Egypt and Sudan,EA35314,"1901,0608.46",
,vase (object name),No: Optional[EA32157],"Calcite vase: with flat base and flaring sides, becoming convex to form shoulder, with flat ledge-rim surrounding contracted mouth. Two horizontally pierced tubular handles on body. Relatively well hollowed. Rim chipped.; ",,1st Dynasty,,Found/Acquired: Egypt,calcite,pierced,5.60 centimetres base ;  6.70 centimetres rim ;  14.50 centimetres; ,,,Spencer 1980 / Early Dynastic Objects,Not on display,,,Purchased from: R J Moss & Co,,1899,,,Egypt and Sudan,EA32157,"1899,1016.1170",
https://media.britishmuseum.org/media/Repository/Documents/2026_3/16_11/b7ada0a9_7dd4_4394_8aac_b40f00b54e78/preview_EA32160__1_.jpg,vase (object name),No: Optional[EA32160],"Tubular vase of alabaster: with pierced lug-handles, flat base and a rounded rim. The sides are slightly convex. Interior well hollowed. A circular lid of alabaster came to the Museum with the vase, but almost certainly did not belong to it originally.; ",,Late Predynastic; 1st Dynasty,,Found/Acquired: Egypt,calcite,pierced,4.50 centimetres base ;  6.30 centimetres rim ;  17.00 centimetres;  8.50 centimetres; ,,,Spencer 1980 / Early Dynastic Objects,"On display (Room 64 - Early Egypt, Display Case 12)",,,Purchased from: R J Moss & Co,,1899,,,Egypt and Sudan,EA32160,"1899,1016.1173",
https://media.britishmuseum.org/media/Repository/Documents/2014_11/5_14/bf23c205_17a8_4c1d_975e_a3da00f04e41/preview_01211610_001.jpg,vase (object name),No: Optional[EA29868],"Barrel-shaped calcite jar: with a contracted mouth, around which there is a sharp-edged external rim. The rim is separated from body by narrow groove. Interior well hollowed.; ",,1st Dynasty; 2nd Dynasty,,Found/Acquired: Egypt,calcite,,18.80 centimetres;  27.50 centimetres; ,,,Spencer 1980 / Early Dynastic Objects,Not on display,,,Purchased from: R J Moss & Co,,1898,,,Egypt and Sudan,EA29868,"1898,0315.3",
https://media.britishmuseum.org/media/Repository/Documents/2014_11/5_14/c1c40f06_637b_493a_b80f_a3da00ed93a5/preview_01210713_001.jpg,vase (object name),No: Optional[EA32159],"Tubular vase of calcite: with thin lug-handles on the sides. The lip is rounded, below which the sides are concave down to the level of the handles, then they taper straight down to the flat base.; ",,Late Predynastic; 1st Dynasty,,Found/Acquired: Egypt,calcite,,5.50 centimetres base ;  9.40 centimetres rim; max ;  21.00 centimetres; ,,,Spencer 1980 / Early Dynastic Objects,"On display (Room 64 - Early Egypt, Display Case 8)",,,Purchased from: R J Moss & Co,,1899,,,Egypt and Sudan,EA32159,"1899,1016.1172",
https://media.britishmuseum.org/media/Repository/Documents/2014_11/5_17/53b3539c_c4a0_4220_9533_a3da011e908c/preview_01220515_001.jpg,vase (object name),No: Optional[EA67151],"Calcite vase: tall vase with concave sides, flaring at the top. The base is flat on both the interior and exterior, and the rim is plain. Approximately one-third of the vase is missing and has been restored with plaster.; ",,1st Dynasty,,Excavated/Findspot: Saqqara (Memphis),calcite; plaster,,5.80 centimetres base ;  11.00 centimetres rim ;  12.90 centimetres; ,,"Bibliography:
W. B. Emery, 'Great tombs of the First Dynasty; excavations at Sakkara' III (London, 1958), pl. 104d, lower row, third from left.",Spencer 1980 / Early Dynastic Objects,"On display (Room 64 - Early Egypt, Display Case 12)",,,Donated by: Egypt Exploration Society,,1969,,,Egypt and Sudan,EA67151,"1969,0212.14",
https://media.britishmuseum.org/media/Repository/Documents/2014_10/3_21/15475b3d_77ca_45cd_9e79_a3b9015b38dd/00227587_001.jpg,vegetal remains (object name),No: Optional[EA35555],Group of dessiccated figs.; ,,1st Dynasty,,Excavated/Findspot: Tomb of Den,fruit,,1.27 centimetres;  3.01 centimetres max ; ,,,,Not on display,,,Donated by: Egypt Exploration Fund,Excavated by: Egypt Exploration Fund,1901,,,Egypt and Sudan,EA35555,"1901,1012.55",
https://media.britishmuseum.org/media/Repository/Documents/2014_10/3_17/2c5ccbbf_ed97_43bc_858e_a3b9011eb60e/preview_00211546_001.jpg,vessel (object name),No: Optional[EA32645],"A fragment of a burnt mudstone vessel: brown in colour, bearing  an incised inscription on the exterior surface.; ",,1st Dynasty,,Excavated/Findspot: Tomb of Merneit,mudstone,incised,11.50 centimetres max ;  9.70 centimetres max ; ,Inscription type: inscription Inscription position: exterior Inscription script: hieroglyphic Inscription translation: The name Merneit and the name of a building. Inscription note: Incised. the reading of the name of the building is unclear. The sign above the building must be read ḥḏ.; ,"Bibliography:
W. M. F. Petrie, 'Royal Tombs of the Earliest Dynasties' I, 19, pl.V, 7 & 4;
V. Vikentiev, 'Annales du Service des Antiquitiés de l'Égypte', 55 (1958), 30, fig. 2 (upper);
P. Kaplony, 'Die Inschriften der Ägyptischen Frühzeit I (Wiesbaden, 1963), 494, 496.",Spencer 1980 / Early Dynastic Objects,Not on display,,Named in inscription: Merneit,Donated by: Egypt Exploration Fund,Excavated by: Egypt Exploration Fund,1900,,,Egypt and Sudan,EA32645,"1900,1015.7",
,vessel (object name),No: Optional[EA51107],Coarse drab ware pottery vessel-fragment with a bird incised on exterior face.; ,,1st Dynasty,,Excavated/Findspot: Abydos,pottery,incised,13.60 centimetres;  18.50 centimetres; ,,,,Not on display,,,Donated by: Egypt Exploration Fund,Excavated by: Egypt Exploration Fund,1912,,,Egypt and Sudan,EA51107,"1912,1012.5",
,vessel (object name),No: Optional[EA68685],"Fragment of a brown pottery vase: incompletely fired, originally decorated with red painted designs on the exterior.  Practically all the paint has disappeared.; ",,1st Dynasty; Levantine,,Excavated/Findspot: Tomb of Semerkhet,pottery,painted,7.80 centimetres max ;  7.70 centimetres max ; ,,"Although registered as coming from the tomb of Semerkhet, this sherd bears the excavation mark T, probably indicating their true provenance as the tomb of Den.",Spencer 1980 / Early Dynastic Objects,Not on display,,,Donated by: Egypt Exploration Fund,Excavated by: Egypt Exploration Fund,1900,,,Egypt and Sudan,EA68685,"1900,1030.5",
,vessel (object name),No: Optional[EA62382],One end of redware pottery rectangular vessel.; ,,Late Predynastic; 1st Dynasty,,Excavated/Findspot: Mostagedda,pottery,,8.10 centimetres max ;  3.30 centimetres max ;  3.50 centimetres max ; ,,,,Not on display,,,,Excavated by: Guy Brunton;  Excavated by: The British Museum,1929,,Excavated 1928-1930 by the British Museum Expedition to Middle Egypt.,Egypt and Sudan,EA62382,"1929,1015.382",
https://media.britishmuseum.org/media/Repository/Documents/2014_11/5_16/e7fdb80b_2ce9_4819_a658_a3da0108d865/preview_01213335_001.jpg,vessel (object name),No: Optional[EA32664],Part of a mudstone vessel with the name of Semti written in black ink on the interior surface. The name is enclosed between two vertical lines and the ink is well preserved.; ,,1st Dynasty,,Excavated/Findspot: Tomb of Semerkhet,mudstone,,11.30 centimetres max ;  4.90 centimetres max ; ,"Inscription type: inscription Inscription position: interior surface Inscription script: hieroglyphic Inscription translation: Semti Inscription note: In ink. For a similar piece, see W. M. F. Petrie, 'Royal Tombs of the Earliest Dynasties' II, pl. XXV, 18.; ","Bibliography:
W. M. F. Petrie, 'Royal Tombs of the Earliest Dynasties' I, 21, pl.X, 1;
W. M. F. Petrie, 'Royal Tombs of the Earliest Dynasties' II, 32, pl.XXV, 17.",Spencer 1980 / Early Dynastic Objects,Not on display,,Named in inscription: Den,Donated by: Egypt Exploration Fund,Excavated by: Egypt Exploration Fund,1900,,,Egypt and Sudan,EA32664,"1900,1015.26",
https://media.britishmuseum.org/media/Repository/Documents/2014_10/3_17/1f1a64e6_7e81_4023_944e_a3b9011ee606/00211514_001.jpg,vessel (object name),No: Optional[EA32658],A small fragment of a mudstone vessel: with an incised hieroglyphic inscription on the exterior surface. Good condition.; ,,1st Dynasty,,Excavated/Findspot: Tomb of Djet,mudstone,incised,6.80 centimetres max ;  2.40 centimetres max ; ,"Inscription type: inscription Inscription position: exterior Inscription script: hieroglyphic Inscription transliteration: ḏsr nb.wy Inscription note: Incised. It is possible that ḏsr nb.wy could be a title of the queen, on the same pattern as the more common smʒ nb.wy. Kaplony, however, interprets both smʒ nb.wy and ḏsr nb.wy as personal names, see P. Kaplony, 'Die Inschriften der Ägyptischen Frühzeit I (Wiesbaden, 1963), 612-4, 671.; ","Bibliography:
W. M. F. Petrie, 'Royal Tombs of the Earliest Dynasties' I, 19, pl.IV (3)",Spencer 1980 / Early Dynastic Objects,Not on display,,,Donated by: Egypt Exploration Fund,Excavated by: Egypt Exploration Fund,1900,,,Egypt and Sudan,EA32658,"1900,1015.20",
,vessel (object name),No: Optional[EA68687],Small fragment of a vase of grey pottery: decorated on the exterior with a triangle and points in black paint. The edges of the fragment are worn.; ,,1st Dynasty,,Excavated/Findspot: Tomb of Den (?);  Excavated/Findspot: Tomb of Semerkhet (?),pottery,painted,4.95 centimetres max ;  4.08 centimetres max ; ,,"Although registered as coming from the tomb of Semerkhet, this sherd bears the excavation mark T, probably indicating their true provenance as the tomb of Den.",Spencer 1980 / Early Dynastic Objects,Not on display,,,Donated by: Egypt Exploration Fund,Excavated by: Egypt Exploration Fund,1900,,,Egypt and Sudan,EA68687,"1900,1030.7",
https://media.britishmuseum.org/media/Repository/Documents/2014_10/5_1/087448e3_1fc6_40e1_8d66_a3bb001bd82b/preview_00285953_001.jpg,vessel (object name),No: Optional[EA35306],Red breccia vessel in form of bird; two pierced tubular handles.; ,,Late Predynastic; 1st Dynasty,,Found/Acquired: Egypt,breccia,,18.40 centimetres; ,,,,"On display (Room 64 - Early Egypt, Display Case 12)",,,Purchased from: R J Moss & Co,,1901,,,Egypt and Sudan,EA35306,"1901,0608.38",
https://media.britishmuseum.org/media/Repository/Documents/2014_11/5_16/3ad38c4f_dbbd_4f21_8696_a3da01106dc1/preview_01215893_001.jpg,vessel (object name),No: Optional[EA68684],"Fragment of a vase of pink pottery with painted decoration on the exterior in red. The designs include triangles, lines and points. There is a mark on the surface where a handle has been broken away. Good condition, decoration faded in places.; ",,Levantine; 1st Dynasty,,Excavated/Findspot: Tomb of Semerkhet,pottery,painted,8.70 centimetres max ;  7.30 centimetres max ; ,,"Although registered as coming from the tomb of Semerkhet, this sherd bears the excavation mark T, probably indicating their true provenance as the tomb of Den.",Spencer 1980 / Early Dynastic Objects,"On display (Room 64 - Early Egypt, Display Case 10)",,,Donated by: Egypt Exploration Fund,Excavated by: Egypt Exploration Fund,1900,,,Egypt and Sudan,EA68684,"1900,1030.4",
https://media.britishmuseum.org/media/Repository/Documents/2014_11/5_16/0b6a56d1_d1d4_481b_b4e4_a3da0110c005/preview_01215884_001.jpg,vessel (object name),No: Optional[EA68686],"Fragment of a vase of pale brown pottery: with decoration on the exterior in red paint, partly faded to orange. The paint has been applied over a smooth brown slip. Good condition.; ",,Levantine; 1st Dynasty,,Excavated/Findspot: Tomb of Semerkhet,pottery,painted; slipped,7.40 centimetres max ;  4.10 centimetres max ; ,,"Although registered as coming from the tomb of Semerkhet, this sherd bears the excavation mark T, probably indicating their true provenance as the tomb of Den.",Spencer 1980 / Early Dynastic Objects,"On display (Room 64 - Early Egypt, Display Case 10)",,,Donated by: Egypt Exploration Fund,Excavated by: Egypt Exploration Fund,1900,,,Egypt and Sudan,EA68686,"1900,1030.6",
https://media.britishmuseum.org/media/Repository/Documents/2014_11/5_16/5283e1d2_46d7_4d8d_a18c_a3da0110bc67/preview_01215882_001.jpg,vessel (object name),No: Optional[EA68683],Fragment of a vase of lightly-baked clay: the section is mostly black in colour. The exterior surface is decorated with purple and red painted designs over a pale grey slip. Slightly cracked.; ,,Levantine; 1st Dynasty,,Excavated/Findspot: Tomb of Semerkhet,pottery,slipped; painted,5.40 centimetres max ;  5.00 centimetres max ; ,,"Although registered as coming from the tomb of Semerkhet, this sherd bears the excavation mark T, probably indicating their true provenance as the tomb of Den.",Spencer 1980 / Early Dynastic Objects,"On display (Room 64 - Early Egypt, Display Case 10)",,,Donated by: Egypt Exploration Fund,Excavated by: Egypt Exploration Fund,1900,,,Egypt and Sudan,EA68683,"1900,1030.3",
https://media.britishmuseum.org/media/Repository/Documents/2014_10/3_17/9fa9fbf3_987e_4f65_b0ec_a3b9011eb8f6/preview_00211547_001.jpg,vessel (object name),No: Optional[EA32659],"Part of a calcite vessel: comprising three joined fragments, bearing the incised names on the exterior surface. Good condition.; ",,1st Dynasty,,Excavated/Findspot: Tomb of Anedjib (?),calcite,incised,5.40 centimetres max ;  3.80 centimetres max ; ,"Inscription type: inscription Inscription position: exterior Inscription script: hieroglyphic Inscription translation: Semti and Anedjib Inscription note: Incised. The vessel was usurped by Anedjib without erasing the earlier name of Semti. For another case of a vase usurped from Semti by Anedjib, see W. M. F. Petrie, 'Royal Tombs of the Earliest Dynasties' I, pl. V, 12.; ","Petrie, in Royal Tombs of the Earliest Dynasties' I, 19, says of this fragment, 'It was usurped by Azab, and is the only piece of his that we found in his tomb.' But the object itself bears the excavation mark 'Z', indicating the tomb of Djet, which is presumably an error.
Bibliography: 
W. M. F. Petrie, 'Royal Tombs of the Earliest Dynasties' I, pl. V, 11; 
note that the references in B. Porter & R. Moss, 'Topographical Bibliography of Ancient Egyptian Hieroglyphic Texts, Reliefs and Paintings' V (Oxford: Clarendon Press), 84-5 do not refer to this piece but to 1910,1008.1.",Spencer 1980 / Early Dynastic Objects,Not on display,,Named in inscription: Den;  Named in inscription: Anedjib,Donated by: Egypt Exploration Fund,Excavated by: Egypt Exploration Fund,1900,,,Egypt and Sudan,EA32659,"1900,1015.21",
https://media.britishmuseum.org/media/Repository/Documents/2014_10/3_17/89b7a670_1f33_404c_8315_a3b9011eba5a/preview_00211548_001.jpg,vessel (object name),No: Optional[EA32667],"Part of a thick-walled calcite vessel: comprising two joined fragments, bearing a partially-erased serekh. The attempted erasure was deliberate, carried out by scratching the surface of  the stone.; ",,1st Dynasty,,Excavated/Findspot: Tomb of Semerkhet,calcite,scratched,16.50 centimetres max ;  10.50 centimetres max ; ,Inscription type: inscription Inscription script: hieroglyphic Inscription translation: Anedjib; ,"For other examples  of erased inscriptions of Anedjib, see W. M. F. Petrie, 'Royal Tombs of the Earliest Dynasties' I, pl. VI, 10-11; P. Kaplony, 'Mitteilungen der Deutschen Archäologischen Instituts Abteilung Kairo' 20 (Wiesbaden, 1965), 13, abb. 24-25; 18, abb. 32-34.
Bibliography:
W. M. F. Petrie, 'Royal Tombs of the Earliest Dynasties' I, 20 and pl. VI;
P. Kaplony, 'Mitteilungen der Deutschen Archäologischen Instituts Abteilung Kairo' 20 (Wiesbaden, 1965), 13, no. 23.",Spencer 1980 / Early Dynastic Objects,Not on display,,Named in inscription: Anedjib,Donated by: Egypt Exploration Fund,Excavated by: Egypt Exploration Fund,1900,,,Egypt and Sudan,EA32667,"1900,1015.29",
https://media.britishmuseum.org/media/Repository/Documents/2014_9/29_17/8c794641_dc0b_408a_b2ce_a3b50120ed09/preview_00149150_001.jpg,wine-jar (object name),No: Optional[EA27736],"A tall jar of red pottery: with an external roll-rim. The sides expand from the rim to the shoulder, then converge to a narrow, rounded base. Between the rim and the shoulder there is a raised ridge. The side of the jar bears an incised inscription, consisting of two signs. Good condition.; ",,1st Dynasty,,Excavated/Findspot: Tomb of Den (?),pottery,incised,25.20 centimetres max ;  13.40 centimetres rim ;  69.00 centimetres; ,Inscription type: mark Inscription position: side Inscription note: Incised.; ,"This jar came to the Museum together with a number of seals of Den; see 1897,0112.21, 1897,0112.23 and 1897,0112.25.
For the mark, cf. W. M. F. Petrie, 'Royal Tombs of the Earliest Dynasties' I, pls. XXXIX, 5 LVI, 1094-8.
Bibliography:
'Sacred Food' (Barcelona, 2001): 189 No 56.",Spencer 1980 / Early Dynastic Objects,"On display (Room 64 - Early Egypt, Display Case 10)",,,Purchased from: Giza Museum,,1897,,,Egypt and Sudan,EA27736,"1897,0112.19",
https://media.britishmuseum.org/media/Repository/Documents/2014_10/3_17/a7096a67_4f0c_47aa_ae06_a3b901233101/preview_00212715_001.jpg,wine-jar (object name),No: Optional[EA32684],"Part of the shoulder and rim of a tall wine- jar: of dull red pottery, with black in the middle of the section. On the exterior is an incised inscription. Good condition.; ",,1st Dynasty,,Excavated/Findspot: Tomb of Semerkhet,pottery,incised,25.50 centimetres max ;  23.00 centimetres max ; ,"Inscription type: inscription Inscription position: exterior Inscription script: hieroglyphic Inscription note: An inscription giving the name of a royal vineyard of Semerkhet. The writing of the king's name is very abbreviated, but this is a common feature of similar inscriptions of Semerkhet.
For parallels, see W. M. F. Petrie, 'Royal Tombs of the Earliest Dynasties' I, 30 and pl.XLV, Compare Z. Y. Saad, 'The excavations at Helwan art and civilization in the first and second Egyptian dynasties' (Norman, 1969),  pl.21; J. de Morgan, ‘Recherches sur les Origines de l’Égypte II (Paris, 1896-7), 236, figs. 789. 791; W. B. Emery, ‘Excavations at Saqqara : the tomb of Hemaka' (Cairo, 1938), 54, fig. 17.; ","Bibliography:
W. M. F. Petrie, 'Royal Tombs of the Earliest Dynasties' I, pl.XLV, 45",Spencer 1980 / Early Dynastic Objects,Not on display,,Named in inscription: Semerkhet,Donated by: Egypt Exploration Fund,Excavated by: Egypt Exploration Fund,1900,,,Egypt and Sudan,EA32684,"1900,1015.51",
https://media.britishmuseum.org/media/Repository/Documents/2014_10/1_7/7cc60691_ebb7_4fe4_8682_a3b700766336/preview_00035284_001.jpg,wine-jar (object name),No: Optional[EA27737],"Tall jar of dull red pottery: with traces of a pale brown wash. The sides expand from the mouth to the shoulder, then converge to a narrow rounded base. Below the rim there is a raised ridge, close to which there are two incised marks. The jar is sealed with a conical clay stopper, which bears the remains of four impressed inscriptions. Only one impression is now reasonably clear, the other three having disappeared except for slight traces.; ",,1st Dynasty,,Excavated/Findspot: Tomb of Den,pottery; clay,incised; impressed,24.00 centimetres base of seal ;  25.40 centimetres max ;  31.00 centimetres seal alone ;  100.00 centimetres; ,Inscription type: inscription Inscription position: clay stopper Inscription script: hieroglyphic Inscription translation: Serekh of Den and the official title ḫrp ḥrỉ-ỉb. Inscription note: Two impressions of this text on seal.; Inscription type: inscription Inscription position: clay stopper Inscription script: hieroglyphic Inscription translation: Name and titles of Hemaka. Inscription note: Two impressions of this text on seal.; ,"Bibliography: 
E. A. Wallis Budge 'A Guide to the Fourth, Fifth and Sixth Egyptian Rooms, and the Coptic Room' (London, 1922), 249, no. 33; 250, fig. 33;
for the potmark, see W. M. F. Petrie, 'Royal Tombs of the Earliest Dynasties' I, pl. LV, nos. 1073-79; 
W. B. Emery, ‘Excavations at Saqqara : the tomb of Hemaka' (Cairo, 1938), pl.40, nos. 195C-221D;
for the seal, see W. M. F. Petrie, 'Royal Tombs of the Earliest Dynasties' I, pl. XXIV, 44; 
W. M. F. Petrie, 'Royal Tombs of the Earliest Dynasties' II, pl.XX, 161; 
also P. Kaplony, 'Die Inschriften der Ägyptischen Frühzeit III (Wiesbaden, 1964), pls. 55, abb. 202D; 59, abb. 215; and vols. I, 100; II, 1119, 1121.",Spencer 1980 / Early Dynastic Objects,"On display (Room 64 - Early Egypt, Display Case 10)",,,Purchased from: Giza Museum,,1897,,,Egypt and Sudan,EA27737,"1897,0112.20",
https://media.britishmuseum.org/media/Repository/Documents/2014_10/3_21/252271d7_c946_43b2_bd3f_a3b9015b2127/00227681_001.jpg,amulet (object name),No: Optional[EA32134],"An amulet of variegated limestone: in the form of the head of a bull, with indications of the eyes, horns and mouth being shown in the carving. The object is pierced horizontally at the back for suspension, the hole having been drilled from opposite sides to meet in the centre.; ",,1st Dynasty,,Found/Acquired: Egypt,limestone,drilled; carved,3.67 centimetres;  2.69 centimetres; ,,"Bibliography:
G. Brunton, 'British Museum expedition to Middle Egypt, 1929-1931 Matmar' (London, 1948), pl. XXII, 30.",Spencer 1980 / Early Dynastic Objects,Not on display,cattle,,Purchased from: R J Moss & Co,,,,,Egypt and Sudan,EA32134,"1899,1016.1147",
https://media.britishmuseum.org/media/Repository/Documents/2014_10/3_21/d99d2b92_e408_40de_ae24_a3b9015fe7a3/preview_00229149_001.jpg,scraper (object name),No: Optional[EA68703],"Rectangular double-end scraper: of dark brown flint with slightly convex cutting edges, carefully sharpened by chipping.; ",,1st Dynasty,,Excavated/Findspot: Tomb of Den,flint,flaked,7.10 centimetres max ;  2.90 centimetres max ; ,,"Bibliography:
W. M. F. Petrie, 'Abydos' I (London, 1902), 8, pl.XIV, group marked T, fifth from top.",Spencer 1980 / Early Dynastic Objects,"On display (Room 64 - Early Egypt, Display Case 10)",,,Donated by: Egypt Exploration Fund,Excavated by: Egypt Exploration Fund,,,,Egypt and Sudan,EA68703,"1900,1005.16",
https://media.britishmuseum.org/media/Repository/Documents/2014_10/3_17/0d9d67ec_7e11_4b8f_9791_a3b9011ee2f9/preview_00211512_001.jpg,jar (object name),No: Optional[EA32640],Part of a thick-walled cylinder jar of calcite: bears the serekh of Narmer in low relief on the exterior surface. The bottom of the inscription is missing and the stone has been darkened by burning.; ,,1st Dynasty,,Excavated/Findspot: Tomb of Djet,calcite,,9.00 centimetres max ;  9.50 centimetres max ; ,Inscription type: inscription Inscription position: exterior Inscription script: hieroglyphic Inscription translation: Narmer; ,"For similar jars see W. M. F. Petrie, 'Royal Tombs of the Earliest Dynasties' II, pl. II; W. M. F. Petrie, 'Tarkham' II (London, 1914), pl. IV (1982); E. Amélineau, ‘Les Nouvelles Fouilles d’Abydos’ I, (1895-6), pl. XLII; J. de Morgan, ‘Recherches sur les Origines de l’Égypte II (Paris, 1896-7), 241, fig. 811; P. Lacau & J. P . Lauer, 'Pyramide à degrees IV, fasc. 2, 1-2; P. Kaplony, 'Mitteilungen der Deutschen Archäologischen Instituts Abteilung Kairo' 20 (Wiesbaden, 1965), 6-7, abb. I; P. Kaplony, ‘Steingefässe mit Inschriften der Frühzeit und des Alten Reiches (Monumenta Aegyptiaca I)’ (Brussels, 1968), 18, no. 5 and pl. 16, no. 5; P. Kaplony ‘Beschriftete Kleinfunde in der Sammlung Georges Michailidis Ergebnisse einer Bestandsaufnahme im Sommer 1968’ (Istanbul, 1973), 6. no. 24 and pls. 7, 19. 
Bibliography: 
W. M. F. Petrie, 'Royal Tombs of the Earliest Dynasties' I, 18-19, pl. IV, 2.",Spencer 1980 / Early Dynastic Objects,"On display (Room 64 - Early Egypt, Display Case 10)",,Named in inscription: Narmer,Donated by: Egypt Exploration Fund,Excavated by: Egypt Exploration Fund,,,,Egypt and Sudan,EA32640,"1900,1015.2",
https://media.britishmuseum.org/media/Repository/Documents/2014_10/3_21/b399014f_ff3a_4f77_9e0e_a3b9015b239a/preview_00227578_001.jpg,furniture (object name),No: Optional[EA35530],"A hippopotamus ivory leg: in the form of a bull's foot, standing on a cylindrical, grooved pedestal. The detail of the carving is very good, the veins being depicted and the surface carefully modelled. At the back of the upper surface are the remains of a small tenon, pierced by a single hole for attachment. The top of this tenon is broken but the remainder of the object is in a good state of preservation.; ",,1st Dynasty,,Excavated/Findspot: Tomb of Djer,hippopotamus ivory,pierced; carved,7.60 centimetres;  5.20 centimetres top ; ,,"On the use of such legs, see H. S. Baker, 'Furniture in the Ancient World' (London, 1966), 20-6. For similar objects, see W. M. F. Petrie,  'Royal Tombs of the Earliest Dynasties' II, pls.XXXII, XXXIV, XXXVII-XLI, XLIII; W. M. F. Petrie, 'Tarkhan I and Memphis V' (London, 1913), pl.XIV, 16-17; W. M. F. Petrie, 'Gizeh and Rifeh' (Warminster, 1977), pl.V, 28; E. Amélineau, ‘Les Nouvelles Fouilles d’Abydos’ I, (1895-6), pl.XXXII; III, pl.XIV; J. E. Quibell & F. W. Green, 'Hierakonpolis' I (London, 1989), pl.XVI, 6-8; J. E. Quibell, 'Excavations at Saqqara, 1912-1914: Archaic Mastabas’ (Cairo, 1923), pl.XI, 4; J. E. Quibell, ‘Archaic Objects’ (Cairo, 1905), nos. 14045-51. 14703-4. 14751-3; W. C. Hayes, 'The scepter of Egypt : a background for the study of the Egyptian antiquities in the Metropolitan Museum of Art' I (Cambridge, Mass,  1953), 41, fig. 29; W. B. Emery, 'Great tombs of the First Dynasty; excavations at Sakkara' I' (Cairo, 1949), pl.II; W. B. Emery, 'Great tombs of the First Dynasty; excavations at Sakkara' II' (London, 1954), pls.XXVII, XXIX; W. B. Emery, 'Excavations at Saqqara, 1937-1938 : Hor-aha' (Cairo, 1939) , 63, fig. 46 and pI.15B; A. Scharff, ‘Die Altertümer der Vor – und Frühzeit Ägyptens’ II (Berlin, 1929-31) nos. 285-9 and pl.35; J. de Morgan, ‘Recherches sur les Origines de l’Égypte II (Paris, 1896-7), 189, figs. 685-8.
Bibliography:
 W. M. F. Petrie,  'Royal Tombs of the Earliest Dynasties' II, 24, pl.VIA, 7 pl.XXXIV, 17.",Spencer 1980 / Early Dynastic Objects,"On display (Room 64 - Early Egypt, Display Case 10)",cattle,,Donated by: Egypt Exploration Fund,Excavated by: Egypt Exploration Fund,,,,Egypt and Sudan,EA35530,"1901,1012.30",
https://media.britishmuseum.org/media/Repository/Documents/2014_10/3_17/1d83bf56_1c6f_4e20_9e62_a3b90121edb3/preview_00212315_001.jpg,bowl (object name),No: Optional[EA32672],Two joined pieces of the side of a bowl of grey marble: with an incised inscription in two columns on the exterior surface.  Good condition.; ,,1st Dynasty,,Excavated/Findspot: Tomb of Qaa,marble,incised,12.20 centimetres max ;  9.80 centimetres max ; ,"Inscription type: inscription Inscription position: exterior Inscription script: hieroglyphic Inscription transliteration: ‘ʒ-ḫnt pr-nsw Inscription translation: Official title of Qaa. Inscription note: Incised. The text gives the name of Qaa followed by his official title.; Inscription type: inscription Inscription position: exterior Inscription script: hieroglyphic Inscription transliteration: ḥwt Ḥr p w‘ỉ Inscription translation: Name of a palace. Inscription note: Incised. For bibliography on this building, see P. Kaplony, 'Die Inschriften der Ägyptischen Frühzeit II (Wiesbaden, 1964) 816-817, 858-861, 1126. Similar inscriptions of Qaa are known: Petrie, W. M. F. Petrie, 'Royal Tombs of the Earliest Dynasties' I, pls.VIII, 10, 13; IX, 3;P. Lacau & J. P . Lauer, 'Pyramide à degrees IV, fasc. 2, 24, no. 40; P. Kaplony, 'Mitteilungen der Deutschen Archäologischen Instituts Abteilung Kairo' 20 (Wiesbaden, 1965), 23, abb. 45, 47; E. Amélineau, ‘Les Nouvelles Fouilles d’Abydos’ I, (1895-6), pl.VIII, lower left = F. Legge, ‘Proceedings of the Society of Biblical Archaeology’ 30 (London, 1908), pl.VIId.; ","Bibliography:
W. M. F. Petrie, 'Royal Tombs of the Earliest Dynasties' I, pl. VIII, 14;
F. Legge, ‘Proceedings of the Society of Biblical Archaeology’ 30 (London, 1908), pl.VIb;
V. Vikentiev, 'Annales du Service des Antiquitiés de l'Égypte' 48 (1948), 672, fig. 4, (3).",Spencer 1980 / Early Dynastic Objects,"On display (Room 64 - Early Egypt, Display Case 10)",,Named in inscription: Qaa,Donated by: Egypt Exploration Fund,Excavated by: Egypt Exploration Fund,,,,Egypt and Sudan,EA32672,"1900,1015.34",
https://media.britishmuseum.org/media/Repository/Documents/2014_10/1_6/7841b605_2e27_4a45_a1d7_a3b7006bb4f9/preview_00032173_001.jpg,gaming-piece (object name),No: Optional[EA35529],"Game piece in the shape of a lion: the figure of a crouching lion has lost its front legs and been blackened by fire, but the details of the carving are very well preserved. The animal is male; his mane and his chest and belly hair are depicted in relief as a series of overlapping scallops carved in considerable detail but with very little plasticity. His tail runs up the centre of his back and ends in a curve to the left. His open mouth, bared teeth, and creased muzzle suggest that he is snarling. This ivory lion was used as a gaming-piece, and it shows signs of considerable wear on the underside, as well as on each side where it was held.; ",Djer,1st Dynasty,3050BC (circa),Excavated/Findspot: Tomb of Djer,ivory,carved; pierced,4.20 centimetres;  8.00 centimetres;  2.50 centimetres; ,,"The lion is one of a group of miniature ivory animals, including crouching figures of lionesses and dogs, that were used as playing pieces in board games. Most, if not all, come from First Dynasty tombs, and they have survived in sufficient numbers to suggest that, like the board games depicted in tombs from the Old Kingdom onward, the archaic games had symbolic significance for the well-being of the deceased. 
Although this gaming piece was buried near the middle of the First Dynasty, its style suggests that it is considerably older, especially when it is compared with other examples from the same funerary complex. Lion gaming pieces often have manes rendered as a stylized pattern of overlapping scallops or arcs. On this example, however, the design is much flatter and more schematic than on most, and there is a remarkably close counterpart in relief: the rendering of two lions on the ""Hunters' Palette"" (1888,0512.65 and 1888,0512.66) and The Battlefield Palette (1888,0512.64). These lions also have open mouths and the same long creases across the muzzle; one (mortally wounded) is holding its tail erect. 
For examples of similar Early Dynastic objects, see U. Schweitzer, 'Löwe und Sphinx in Alten Ägypten' (1948), 12—3; W. M. F. Petrie, 'Royal Tombs of the Earliest Dynasties' II, pl. VI. 3; W. M. F. Petrie, 'Abydos' II (London, 1902), pl. III, 23—9: W. M. F. Petrie, 'Tombs of the courtiers and Oxyrhynkos' (London, 1925), pl. VII, 1—5, 13; T. E. Peet in E. Naville (ed.) 'Cemeteries of Abydos' II (London, 1913), pl. X, 1;  J. de Morgan, ‘Recherches sur les Origines de l’Égypte II (Paris, 1896-7), 192. fig. 699; J. E. Quibell, ‘Archaic Objects’ (Cairo, 1905), no. 14040: P. Montet, 'Kêmi' 8 (1946). pls.VII—VIII; W. B. Emery, 'Great tombs of the First Dynasty; excavations at Sakkara' II' (London, 1954), 58 and pl. XXIX, 233C; Z. Y. Saad, 'The excavations at Helwan art and civilization in the first and second Egyptian dynasties' (Norman, 1969), pl.49; A. Scharif, 'Abusir-el-Meleq' I, p1.39 (439); A. Scarff, 'Die Altertümer der Vor- und Frühzeit' II (Berlin, 1929-31), no. 11  and pl.17; E. Amélineau, ‘Les Nouvelles Fouilles d’Abydos’ I, (1895-6), pl.XXXI; W. C. Hayes, 'The scepter of Egypt : a background for the study of the Egyptian antiquities in the Metropolitan Museum of Art' I (Cambridge, Mass,  1953), 45, fig. 35; G. Dreyer, 'Mitteilungen der Deutschen Archäologischen Instituts Abteilung Kairo' 32 (Wiesbaden, 1976), 86, VIII (b) and pl. 25d.
Bibliography:
E. Russmann, 'Eternal Egypt : masterworks of ancient art from the British Museum' , (New York, 2001),  68-69 No 3;
U. Schweitzer, 'Löwe und Sphinx in Alten Ägypten' (1948), 13 and pl. II, I, left; 
W. M. F. Petrie, 'Royal Tombs of the Earliest Dynasties' II, pl. VI. 3; 
A. F. Shore, 'British Museum Quarterly' 26 (London, 1962-3), pl. XXXIIIb;
J. Capart, ‘Les Débuts de L’Art en Égypte’, 174, fig. 128.",Spencer 1980 / Early Dynastic Objects; Russmann 2001 / Eternal Egypt: Masterworks of Ancient Art from the British Museum,"On display (Room 64 - Early Egypt, Display Case 10)",,,Donated by: Egypt Exploration Fund,Excavated by: Egypt Exploration Fund,,,,Egypt and Sudan,EA35529,"1901,1012.29",
https://media.britishmuseum.org/media/Repository/Documents/2014_10/3_19/fe45de6a_282f_4c51_acb4_a3b9013a2504/preview_00218757_001.jpg,jar-label (object name),No: Optional[EA35519],"Two fragments of an ebony label: with an incised inscription on one side. The larger piece consists of the entire upper half of the label, with a hole at the top right-hand corner for attachment. It bears the incised name of Narmer and a place name. The smaller fragment comes from the bottom right-hand corner of the label and bears part of an incised sign, representing a jar full of liquid. Both pieces have suffered slightly from the formation of narrow splits along the grain of the wood, and the larger fragment has been restored from three small pieces, but the general state of preservation is remarkably good.; ",,1st Dynasty,,Excavated/Findspot: Abydos,ebony,incised; perforated,2.30 - 6.40 centimetres;  1.40 - 3.50 centimetres; ,"Inscription type: inscription Inscription position: top Inscription script: hieroglyphic Inscription translation: Narmer and a place name. Inscription note: Incised. See R. Weill, ‘Recherches sur la première dynastie et les temps prépharaoniques I (Cairo, 1961), 352-353.; Inscription type: inscription Inscription position: bottom Inscription script: hieroglyphic Inscription note: Incised. Part of an incised sign, representing a jar full of liquid.; ","Bibliography:
W. M. F. Petrie, 'Royal Tombs of the Earliest Dynasties' II, pls. II, 4; X, 1
P. E. Newberry, ‘Proceedings of the Society of Biblical Archaeology’ 34 (London, 1912), 283;
J. Vandier, 'Manuel d'Archeologie egyptienne', I, (2), 834 and fig. 558;
P. Kaplony, 'Die Inschriften der Ägyptischen Frühzeit' II (Wiesbaden, 1964), 980, n. 1552.",Spencer 1980 / Early Dynastic Objects,"On display (Room 64 - Early Egypt, Display Case 10)",,Named in inscription: Narmer,Donated by: Egypt Exploration Fund,Excavated by: Egypt Exploration Fund,,,,Egypt and Sudan,EA35519,"1901,1012.19",
https://media.britishmuseum.org/media/Repository/Documents/2014_10/3_21/59928092_af27_4b98_8c7c_a3b90161c829/preview_00229685_001.jpg,axe (object name),No: Optional[EA30065],"Broad rectangular axe-head: with concave butt and gently convex sides, which turn out slightly at the corners of the cutting edge. As one of the sides is more convex and shorter than the other, the cutting end, which is moderately convex, is a little lop-sided. The blade has been cleaned since its acquisition; previously it was thickly corroded on one face, where the surface is now pitted. The same face has a number of fine cracks, which are probably the result of the process of manufacture. Except for small surface imperfections and a gash on one side, the other face is in excellent condition. Marks of the original hammering are plainly visible on the cutting edge, which is quite sharp and shows distinct signs of wear. The better-preserved face of the axe bears a motif or inscription in hieroglyphs, executed in a punched pointille technique, consisting of three separate elements.; ",,1st Dynasty,,Found/Acquired: Abydos (?),copper,hammered; punched,15.30 centimetres;  1.243 kilograms;  10.80 centimetres;  1.10 centimetres; ,"Inscription type: inscription Inscription script: hieroglyphic Inscription note: Punched. Uncertain reading. The inscription may well be a personal name, perhaps similar in form to the name sr-ỉnpw known from an Early Dynastic stela from Abydos. P. Kaplony, 'Die Inschriften der Ägyptischen Frühzeit’ I (Wiesbaden, 1963), 628.; ","See E. Kühnert-Eggebrecht, Die Axt als Waffe und Werkzeug im Alten Ägypten' (Berlin, 1969), 13, 98 and pl. 1, 3, where this form of axe is called type B-I. For parallels, see ibid., 98 and references.
The date of acquisition suggests that this object may have come from the Early Dynastic royal tombs at Abydos.
For other examples of inscribed Early Dynastic axes, see W. M. F. Petrie, 'Tools and weapons : illustrated by the Egyptian collection in University College, London' (London, 1917), pl.III, 103-4.",Spencer 1980 / Early Dynastic Objects; Davies 1987 / Catalogue of Egyptian Antiquities in the British Museum,"On display (Room 64 - Early Egypt, Display Case 10)",,,Purchased from: R J Moss & Co,,,,"The piece was purchased as one of a group of objects said to have come from the 'prehistoric burial grounds near Abydos.' Such information as to provenance is unreliable, but is given some support in this case by the date of acquisition, which suggests Amelineau's excavations at Abydos (1894-8) as a possible source.",Egypt and Sudan,EA30065,"1898,0315.191",
https://media.britishmuseum.org/media/Repository/Documents/2026_7/15_15/49c40041_e4b9_4b36_9a2f_b48800f7617c/preview_EA32636.jpg,bowl (object name),No: Optional[EA32636],"Diorite/gabbro bowl: open bowl of black diorite/gabbro, with convex sides turning slightly concave near the base and convex near the top. The interior of the base is rounded, not countersunk.; ",,1st Dynasty,,Found/Acquired: Egypt,diorite; gabbro,,3.50 centimetres base ;  13.30 centimetres rim ;  6.30 centimetres; ,,,Spencer 1980 / Early Dynastic Objects,"On display (Room 64 - Early Egypt, Display Case 12)",,,Purchased from: Maurice Nahman,,,,,Egypt and Sudan,EA32636,"1900,1016.9",
https://media.britishmuseum.org/media/Repository/Documents/2014_10/3_21/a6e68814_c6d3_4e3e_b08a_a3b9015b6e0b/preview_00227820_001.jpg,knife (object name),No: Optional[EA68718],"Complete bifacial knife: of brown flint, roughly flaked but not finally sharpened. The blade has a convex cutting edge and a slightly concave back, and is equipped with the usual style of hook-shaped handle. Very thick and clumsy compared with the best First Dynasty work.; ",,1st Dynasty,,Excavated/Findspot: Tomb of Semerkhet,flint,flaked,16.40 centimetres max ;  1.40 centimetres;  5.20 centimetres max ; ,,"Bibliography:
W. M. F. Petrie, 'Abydos' I (London, 1902), 8, pl.XV, group marked U, bottom.",Spencer 1980 / Early Dynastic Objects,"On display (Room 64 - Early Egypt, Display Case 10)",,,Donated by: Egypt Exploration Fund,Excavated by: Egypt Exploration Fund,,,,Egypt and Sudan,EA68718,"1900,1005.31",
https://media.britishmuseum.org/media/Repository/Documents/2014_10/3_20/aa18faac_41d4_4f90_9984_a3b901578517/00226763_001.jpg,arrow-head (object name),No: Optional[EA35542],"Ivory arrowhead of circular section: tapering at one end to the point and at the other to a short circular tang, now broken off at the base, for fixing to the shaft.; ",,1st Dynasty,,Excavated/Findspot: Tomb of Djer,bone (?); ivory (?),carved,0.60 centimetres;  7.30 centimetres; ,,"For similar objects, see W. M. F. Petrie,  'Royal Tombs of the Earliest Dynasties' II, pls.VIIA, 7; XXXII, 37: XXXVII, 15-17; XXXVIII. 5-7; XL, 12-13; XLI, 38-41; XLII, 67; XLIII, 5-8; xlw, 4-6; W. M. F. Petrie, 'Tombs of the courtiers and Oxyrhynkos' (London, 1925), pl. II, 7; W. M. F. Petrie, 'Tarkhan I and Memphis V' (London, 1913), pl.IX, 14-18; T. E. Peet in E. Naville (ed.), ‘The cemeteries of Abydos’ II (London, 1913), 33-4 and pl.X, 3; . J. E. Quibell, ‘Archaic Objects’ (Cairo, 1905), pl.XI, 6; W. B. Emery, ‘Excavations at Saqqara : the tomb of Hemaka' (Cairo, 1938), 46, type 5 and pl.21; W. B. Emery, 'Great tombs of the First Dynasty; excavations at Sakkara' I' (Cairo, 1949), 103, cat. no. 54; W. B. Emery, 'Great tombs of the First Dynasty; excavations at Sakkara' II' (London, 1954), 63-4 and pl.XXVII, 69-71; E. Amélineau, ‘Les Nouvelles Fouilles d’Abydos’ I, (1895-6), pl.XLI; ibid., vol. III (1897-8), pl.III; A. Scharff, ‘Die Altertümer der Vor – und Frühzeit Ägyptens’ I (Berlin, 1929-31), nos. 199-209 and pl.9; W. Wolf, 'Die bewaffnung des altägyptischen Heeres' (Leipzig, 1926) , 17-18 and pl.9, (9-13).
Bibliography:
W. M. F. Petrie,  'Royal Tombs of the Earliest Dynasties' II, 35, pl.XXXIV, 27-49 (examples).",Spencer 1980 / Early Dynastic Objects,"On display (Room 64 - Early Egypt, Display Case 10)",,,Donated by: Egypt Exploration Fund,Excavated by: Egypt Exploration Fund,,,,Egypt and Sudan,EA35542,"1901,1012.42",
https://media.britishmuseum.org/media/Repository/Documents/2014_11/5_16/0835709a_e082_4248_b59b_a3da0109910e/preview_01213513_001.jpg,cosmetic-palette (object name),No: Optional[EA35511],"Rectangular mudstone palette: restored from two fragments, with a small amount lost from the edges of the break. One side is stained a dark violet colour from use. The surfaces have been carefully smoothed and the edges are rounded.; ",,1st Dynasty,,Excavated/Findspot: Tomb of Djer,mudstone,,8.90 centimetres;  0.80 centimetres;  4.30 centimetres; ,,"This object bears an excavator's mark which was originally written as 0.2 but altered to 0.3. The same confusion applies to the ivory cover found with this palette, numbered 1901,1012.12.
This type of well-finished rectangular palette is typical of the First Dynasty; see also W. M. F. Petrie, 'Royal Tombs of the Earliest Dynasties' II,  24, 36 and pls.XXXII, 68; XXXVIII, 50-1; W. B. Emery, 'Great tombs of the First Dynasty; excavations at Sakkara' III (London, 1958), pl.101b; W. B. Emery, 'Great tombs of the First Dynasty; excavations at Sakkara' I' (Cairo, 1949), 80, cat. no. 83; W. B. Emery, ‘Excavations at Saqqara : the tomb of Hemaka' (Cairo, 1938), 40, cat. no. 420.
Bibliography:
W. M. F. Petrie, 'Royal Tombs of the Earliest Dynasties' II, 36, pl.XXXII, 68;
A. Roveri and F. Tiradritte [eds.], ;Kemet: Alle Sorgenti del Tempo (Ravenna, 1998), p.240 [211].",Spencer 1980 / Early Dynastic Objects,"On display (Room 64 - Early Egypt, Display Case 10)",,,Donated by: Egypt Exploration Fund,Excavated by: Egypt Exploration Fund,,,,Egypt and Sudan,EA35511,"1901,1012.11",
https://media.britishmuseum.org/media/Repository/Documents/2014_10/3_17/f6da0a23_bd91_4832_b830_a3b9011ef33e/preview_00211521_001.jpg,cup (object name),No: Optional[EA32666],"One of two small pieces of the same quartz crystal vessel: bearing part of an incised inscription on the exterior surface. The break between the two fragments cuts through the text, and parts of some signs are missing. It seems that the vessel was a small cup with concave sides.; ",,1st Dynasty,,Excavated/Findspot: Tomb of Semerkhet,mineral,incised,3.40 centimetres max ;  2.90 centimetres max ; ,"Inscription type: inscription Inscription script: hieroglyphic Inscription transliteration: nsw bỉtỉ Mri-pw-bỉʒ Inscription translation: Merpabia (Anedjib) Inscription note: Incised. For similar inscriptions of Anedjib, also on rock-crystal vases, see P. Kaplony, 'Mitteilungen der Deutschen Archäologischen Instituts Abteilung Kairo' 20 (Wiesbaden, 1965), 18, abb. 32-4; W. M. F. Petrie, 'Royal Tombs of the Earliest Dynasties' I, pl.VI, 6.; ","Fragment joins with 1900,1015.27.
Bibliography:
W. M. F. Petrie, 'Royal Tombs of the Earliest Dynasties' I, 12, 20, pl. VI, 5;
F. Legge, ‘Proceedings of the Society of Biblical Archaeology’ 30 (London, 1908), pl. IVe.",Spencer 1980 / Early Dynastic Objects,"On display (Room 64 - Early Egypt, Display Case 10)",,Named in inscription: Anedjib,Donated by: Egypt Exploration Fund,Excavated by: Egypt Exploration Fund,,,,Egypt and Sudan,EA32666,"1900,1015.28",
https://media.britishmuseum.org/media/Repository/Documents/2014_10/3_19/581a88a7_9646_402d_bb20_a3b90139bd90/preview_00218776_001.jpg,label (object name),No: Optional[EA35524],"Rectangular ivory or bone label: blackened by burning and slightly broken at the top right-hand corner, where there was a hole for attachment. The front surface is inscribed.  The reverse side of the label bears a single incised sign.; ",,1st Dynasty,,Excavated/Findspot: Tomb of Djer,bone (?); ivory (?),incised; pierced,2.15 centimetres;  1.80 centimetres; ,"Inscription type: inscription Inscription position: obverse Inscription script: hieroglyphic Inscription translation: Djer Inscription note: Incised. The serekh is facing right, and the left of it is a representation of a walled enclosure, probably intended for the royal palace of Buto (ḥwt Ḥr p w‘ỉ or ḥwt Ḥr p msn) See P. Kaplony, 'Die Inschriften der Ägyptischen Frühzeit I (Wiesbaden, 1963), 385. Kaplony suggests the reading ḥwt p Ḥr w‘ỉ nsw bỉd Mrỉ pw bỉʒ and gives strong arguments for interpreting the building as the royal palace of Buto (P. Kaplony, 'Die Inschriften der Ägyptischen Frühzeit II (Wiesbaden, 1964); 816-17, 858-61, 1126). Helck also believes the building to be a palace, but reads ḥwt p Ḥr msnw 'Mansion of the throne of Horus the harpooner' (W. Helck, ‘Untersuchungen zu den Beamtentiteln des ägyptischen alten Reiches’ (Gluckstadt, 1954), 32-3). See also the comments of Newberry, ‘Proceedings of the Society of Biblical Archaeology’ 34 (London, 1912), 280-1; Weill, ‘Recherches sur la première dynastie et les temps prépharaoniques' I (Cairo, 1961) , 125-36; Griffith, in Petrie, Royal Tombs of the Earliest Dynasties' I, 44; P. Lacau & J. P . Lauer, 'Pyramide à degrès’  IV, fasc. 2, 37. This building occurs on many inscriptions of the First and Second Dynasties; see the examples collected by Kaplony, 'Die Inschriften der Ägyptischen Frühzeit' II (Wiesbaden, 1964); 1224 (page references given there), and those in Lacau-Lauer, 'Pyramide à degrès' IV, fasc. 2. 9-11, 21-2, 37.

 Above the building is a hieroglyph which has been variously interpreted. Kaplony suggests the reading kḍ 'build' ('Die Inschriften der Ägyptischen Frühzeit' I (Wiesbaden, 1963), 285), but Weill interprets the sign as 'the perch' of the divine falcon (‘Recherches sur la première dynastie et les temps prépharaoniques I (Cairo, 1961), 131).; Inscription type: inscription Inscription note: Incised. Sign of uncertain reading, but which probably represents the kind of object to which this label was attached, probably some kind of stave or baton.; ","Bibliography:
W. M. F. Petrie, 'Royal Tombs of the Earliest Dynasties' II, pl. V, 2;
R. Weill, ‘Recherches sur la première dynastie et les temps prépharaoniques' I (Cairo, 1961), 131;
J. Vandier, 'Manuel d'Archeologie egyptienne', I, (2), 843, fig. 563, (2);
P. Kaplony, 'Die Inschriften der Ägyptischen Frühzeit II (Wiesbaden, 1964), 981, n. 1552.",Spencer 1980 / Early Dynastic Objects,"On display (Room 64 - Early Egypt, Display Case 10)",,Named in inscription: Djer,Donated by: Egypt Exploration Fund,Excavated by: Egypt Exploration Fund,,,,Egypt and Sudan,EA35524,"1901,1012.24",
https://media.britishmuseum.org/media/Repository/Documents/2014_10/3_17/d7441d5e_5580_4ec7_8d41_a3b90123bebd/preview_00212916_001.jpg,jar-sealing (object name),No: Optional[EA35522],"A conical jar-seal: of brown clay with a red pottery lid adhering to the underside. The seal bears four impressed inscriptions, one of which is not very visible.; ",,1st Dynasty,,Excavated/Findspot: Umm el-Qaab (Abydos),clay,impressed,18.50 centimetres max ;  23.00 centimetres max ; ,"Inscription type: inscription Inscription script: hieroglyphic Inscription translation: Narmer Inscription note: Impressed. Four impressions, three of which show the repeated name of Narmer, whilst the fourth depicts a lion crouching before a shrine. The latter impression is very worn and only small parts can be distinguished. The lion motif is common on the Early Dynastic mud seal impressions.; ","Bibliography:
W. M. F. Petrie, 'Royal Tombs of the Earliest Dynasties' II, pl.XIII, 91; 
H. R. Hall, 'Catalogue of Egyptian scarabs etc. in the British Museum: Volume 1 : Royal scarabs' (London, 1913), 286, no.2 750; 
P. Kaplony, 'Die Inschriften der Ägyptischen Frühzeit III (Wiesbaden, 1963), pl.9, abb.26A; see also vol. I, 60 and II, 686, n.44; 718 n.181; 1094.",Spencer 1980 / Early Dynastic Objects,"On display (Room 64 - Early Egypt, Display Case 10)",,Named in inscription: Narmer,Donated by: Egypt Exploration Fund,Excavated by: Egypt Exploration Fund,,,,Egypt and Sudan,EA35522,"1901,1012.22",
https://media.britishmuseum.org/media/Repository/Documents/2014_10/3_20/784cef2b_6d84_4564_aa2d_a3b901577d7c/00226756_001.jpg,arrow-head (object name),No: Optional[EA35536],Ivory arrowhead of circular section: tapering at one end to the point and at the other to a short circular tang for fixing to the shaft. The tip has been stained with red ochre.; ,,1st Dynasty,,Excavated/Findspot: Tomb of Djer,ivory; ochre,carved; stained,0.50 centimetres max ;  6.60 centimetres; ,,"For similar objects, see W. M. F. Petrie,  'Royal Tombs of the Earliest Dynasties' II, pls.VIIA, 7; XXXII, 37: XXXVII, 15-17; XXXVIII. 5-7; XL, 12-13; XLI, 38-41; XLII, 67; XLIII, 5-8; xlw, 4-6; W. M. F. Petrie, 'Tombs of the courtiers and Oxyrhynkos' (London, 1925), pl. II, 7; W. M. F. Petrie, 'Tarkhan I and Memphis V' (London, 1913), pl.IX, 14-18; T. E. Peet in E. Naville (ed.), ‘The cemeteries of Abydos’ II (London, 1913), 33-4 and pl.X, 3; . J. E. Quibell, ‘Archaic Objects’ (Cairo, 1905), pl.XI, 6; W. B. Emery, ‘Excavations at Saqqara : the tomb of Hemaka' (Cairo, 1938), 46, type 5 and pl.21; W. B. Emery, 'Great tombs of the First Dynasty; excavations at Sakkara' I' (Cairo, 1949), 103, cat. no. 54; W. B. Emery, 'Great tombs of the First Dynasty; excavations at Sakkara' II' (London, 1954), 63-4 and pl.XXVII, 69-71; E. Amélineau, ‘Les Nouvelles Fouilles d’Abydos’ I, (1895-6), pl.XLI; ibid., vol. III (1897-8), pl.III; A. Scharff, ‘Die Altertümer der Vor – und Frühzeit Ägyptens’ I (Berlin, 1929-31), nos. 199-209 and pl.9; W. Wolf, 'Die bewaffnung des altägyptischen Heeres' (Leipzig, 1926) , 17-18 and pl.9, (9-13).
Bibliography:
W. M. F. Petrie,  'Royal Tombs of the Earliest Dynasties' II, 35, pl.XXXIV, 27-49 (examples).",Spencer 1980 / Early Dynastic Objects,"On display (Room 64 - Early Egypt, Display Case 10)",,,Donated by: Egypt Exploration Fund,Excavated by: Sir William Matthew Flinders Petrie;  Excavated by: Egypt Exploration Fund,,,,Egypt and Sudan,EA35536,"1901,1012.36",
https://media.britishmuseum.org/media/Repository/Documents/2014_10/3_21/0d6e44e5_537a_4854_b886_a3b9015b2e63/00227583_001.jpg,jewellery-fitting (object name); knob (object name),No: Optional[EA35553],A small rounded knob of thin gold:  with a tubular stem of the same material projecting 0.2cm from the back. This stem is pierced on each side to allow for attachment.; ,,1st Dynasty,,Excavated/Findspot: Tomb of Den,wood; gold,pierced,1.20 centimetres;  0.90 centimetres; ,,"Bibliography:
W. M. F. Petrie, 'Royal Tombs of the Earliest Dynasties' II, pl.XLI, 88.",Spencer 1980 / Early Dynastic Objects,"On display (Room 64 - Early Egypt, Display Case 10)",,,Donated by: Egypt Exploration Fund,Excavated by: Egypt Exploration Fund,,,,Egypt and Sudan,EA35553,"1901,1012.53",
https://media.britishmuseum.org/media/Repository/Documents/2014_10/3_17/108e6fc1_6e3e_4c81_9c84_a3b9011ed3d6/preview_00211508_001.jpg,jar (object name),No: Optional[EA22556],"Spheroidal vase of porphyritic diorite: with a flat base and two tubular handles. The vase has a high shoulder and a broad flat-topped rim, the latter being chipped around the outer edge. The upper surface of the rim slopes slightly towards the mouth. Interior completely hollowed. On the polished exterior of the vessel is the very lightly incised serekh of Qaa, only visible under close examination.; ",,1st Dynasty,,Found/Acquired: Egypt,porphyry; diorite,polished; incised,31.00 centimetres;  18.40 centimetres; ,Inscription type: inscription Inscription script: hieroglyphic Inscription translation: Qaa Inscription note: incised; ,,Spencer 1980 / Early Dynastic Objects,"On display (Room 64 - Early Egypt, Display Case 10)",,Named in inscription: Qaa,Purchased from: Rev Chauncey Murch,,,,,Egypt and Sudan,EA22556,"1890,0412.3",
https://media.britishmuseum.org/media/Repository/Documents/2014_10/3_20/bf466f33_cc6c_4a1d_b1c2_a3b90157813c/00226760_001.jpg,arrow-head (object name),No: Optional[EA35539],Ivory arrowhead of circular section: tapering at one end to the point and at the other to a short circular tang for fixing to the shaft. Stained with red ochre just above the start of the tang.; ,,1st Dynasty,,Excavated/Findspot: Tomb of Djer,ivory; ochre,carved; painted,0.40 centimetres max ;  7.30 centimetres; ,,"For similar objects, see W. M. F. Petrie,  'Royal Tombs of the Earliest Dynasties' II, pls.VIIA, 7; XXXII, 37: XXXVII, 15-17; XXXVIII. 5-7; XL, 12-13; XLI, 38-41; XLII, 67; XLIII, 5-8; xlw, 4-6; W. M. F. Petrie, 'Tombs of the courtiers and Oxyrhynkos' (London, 1925), pl. II, 7; W. M. F. Petrie, 'Tarkhan I and Memphis V' (London, 1913), pl.IX, 14-18; T. E. Peet in E. Naville (ed.), ‘The cemeteries of Abydos’ II (London, 1913), 33-4 and pl.X, 3; . J. E. Quibell, ‘Archaic Objects’ (Cairo, 1905), pl.XI, 6; W. B. Emery, ‘Excavations at Saqqara : the tomb of Hemaka' (Cairo, 1938), 46, type 5 and pl.21; W. B. Emery, 'Great tombs of the First Dynasty; excavations at Sakkara' I' (Cairo, 1949), 103, cat. no. 54; W. B. Emery, 'Great tombs of the First Dynasty; excavations at Sakkara' II' (London, 1954), 63-4 and pl.XXVII, 69-71; E. Amélineau, ‘Les Nouvelles Fouilles d’Abydos’ I, (1895-6), pl.XLI; ibid., vol. III (1897-8), pl.III; A. Scharff, ‘Die Altertümer der Vor – und Frühzeit Ägyptens’ I (Berlin, 1929-31), nos. 199-209 and pl.9; W. Wolf, 'Die bewaffnung des altägyptischen Heeres' (Leipzig, 1926) , 17-18 and pl.9, (9-13).
Bibliography:
W. M. F. Petrie,  'Royal Tombs of the Earliest Dynasties' II, 35, pl.XXXIV, 27-49 (examples).",Spencer 1980 / Early Dynastic Objects,"On display (Room 64 - Early Egypt, Display Case 10)",,,Donated by: Egypt Exploration Fund,Excavated by: Sir William Matthew Flinders Petrie;  Excavated by: Egypt Exploration Fund,,,,Egypt and Sudan,EA35539,"1901,1012.39",
https://media.britishmuseum.org/media/Repository/Documents/2014_10/3_20/e187fcb0_0e7e_4ee6_8063_a3b901577feb/00226758_001.jpg,arrow-head (object name),No: Optional[EA35538],Ivory arrowhead of circular section: tapering at one end to the point and at the other to a short circular tang for fixing to the shaft. The tip has been  reddened with ochre.; ,,1st Dynasty,,Excavated/Findspot: Tomb of Djer,ivory; ochre,carved; stained,0.40 centimetres max ;  9.10 centimetres; ,,"For similar objects, see W. M. F. Petrie,  'Royal Tombs of the Earliest Dynasties' II, pls.VIIA, 7; XXXII, 37: XXXVII, 15-17; XXXVIII. 5-7; XL, 12-13; XLI, 38-41; XLII, 67; XLIII, 5-8; xlw, 4-6; W. M. F. Petrie, 'Tombs of the courtiers and Oxyrhynkos' (London, 1925), pl. II, 7; W. M. F. Petrie, 'Tarkhan I and Memphis V' (London, 1913), pl.IX, 14-18; T. E. Peet in E. Naville (ed.), ‘The cemeteries of Abydos’ II (London, 1913), 33-4 and pl.X, 3; . J. E. Quibell, ‘Archaic Objects’ (Cairo, 1905), pl.XI, 6; W. B. Emery, ‘Excavations at Saqqara : the tomb of Hemaka' (Cairo, 1938), 46, type 5 and pl.21; W. B. Emery, 'Great tombs of the First Dynasty; excavations at Sakkara' I' (Cairo, 1949), 103, cat. no. 54; W. B. Emery, 'Great tombs of the First Dynasty; excavations at Sakkara' II' (London, 1954), 63-4 and pl.XXVII, 69-71; E. Amélineau, ‘Les Nouvelles Fouilles d’Abydos’ I, (1895-6), pl.XLI; ibid., vol. III (1897-8), pl.III; A. Scharff, ‘Die Altertümer der Vor – und Frühzeit Ägyptens’ I (Berlin, 1929-31), nos. 199-209 and pl.9; W. Wolf, 'Die bewaffnung des altägyptischen Heeres' (Leipzig, 1926) , 17-18 and pl.9, (9-13).
Bibliography:
W. M. F. Petrie,  'Royal Tombs of the Earliest Dynasties' II, 35, pl.XXXIV, 27-49 (examples).",Spencer 1980 / Early Dynastic Objects,"On display (Room 64 - Early Egypt, Display Case 10)",,,Donated by: Egypt Exploration Fund,Excavated by: Sir William Matthew Flinders Petrie;  Excavated by: Egypt Exploration Fund,,,,Egypt and Sudan,EA35538,"1901,1012.38",
https://media.britishmuseum.org/media/Repository/Documents/2014_10/3_19/f8d3f2bc_be3c_435d_ba32_a3b90139f2ba/preview_00218795_001.jpg,jar-label (object name),No: Optional[EA32668],"An ivory oil label: with a hole for attachment at the top right-hand corner. The front surface bears an incised inscription, coloured in black and red. The label is slightly chipped on the inscribed face.; ",,1st Dynasty,,Excavated/Findspot: Tomb of Semerkhet,ivory,pierced; incised,3.90 centimetres;  3.40 centimetres; ,"Inscription type: inscription Inscription position: right edge Inscription script: hieroglyphic Inscription transliteration: rnpt 
šmsw- Ḥr 
Ḥḏ-wrw Inscription translation: Reference to the festivals of Shemsu-Hor and Hedj-wer Inscription note: Incised. For Ḥḏ-wrw, see H. W. Fairman, 'Annales du Service des Antiquitiés de l'Égypte' 43 (1943), 260-3; R. Weill, ‘Recherches sur la première dynastie et les temps prépharaoniques’ II, 96-9; P. Kaplony, ‘Kleine Beiträge zu den Inschriften der Ägyptischen Frühzeit’ (Wiesbaden, 1966), 92-6.; Inscription type: inscription Inscription position: left side Inscription script: hieroglyphic Inscription translation: The royal name Irynetjer (nsw-bỉtỉ nbty ‘Iry-nṯr) and the name of the official, Henuka, who has the title mḏḥty-nsw. Inscription note: Incised. Separated from right-hand inscription by a vertical red dividing line. Kapolny reads Henuka's title as mḏḥ-mḏḥ(w) nsw, see P. Kaplony, 'Die Inschriften der Ägyptischen Frühzeit I (Wiesbaden, 1963), 300.; Inscription type: inscription Inscription position: bottom Inscription script: hieroglyphic Inscription translation: The name to the type of oil contained within the jar. Inscription note: Incised. See P. Kaplony, 'Die Inschriften der Ägyptischen Frühzeit I (Wiesbaden, 1963), 305.; Inscription type: inscription Inscription position: top left-hand corner Inscription script: hieroglyphic Inscription note: Incised. The signs have been variously interpreted, but may denote an administrative building. See P. Kaplony, 'Die Inschriften der Ägyptischen Frühzeit II (Wiesbaden, 1964), 1008-9, n. 1616. Kaplony reads these signs as 'ḫtỉw', see P. Kaplony, 'Die Inschriften der Ägyptischen Frühzeit I (Wiesbaden, 1963), 299.; ","Bibliography (selective):
W. M. F. Petrie,  'Royal Tombs of the Earliest Dynasties' I, pls. XII, 1; XVII, 26;
F. Legge, ‘Proceedings of the Society of Biblical Archaeology’ 29 (London, 1907), pl. I, 10
F. Legge, ‘Proceedings of the Society of Biblical Archaeology’ 30 (London, 1908), pl. Va;
P. E. Newberry, ‘Proceedings of the Society of Biblical Archaeology’ 34 (London, 1912), pl. XXXII, 12;
A. Roveri and F. Tiradritte [eds.], 'Kemet: Alle Sorgenti del Tempo' (Ravenna, 1998), p.229 [189];
F. Tiradritti, 'Sesh : lingue e scritture nell'antico Egitto : inediti dal Museo archeologico di Milano' (Milan, 1999), p.23 [4].
See also P. Kaplony, 'Die Inschriften der Ägyptischen Frühzeit III (Wiesbaden, 1964), pl. 144, abb. 847B (Smr-ḫt a I).
Discussions: Sethe, 'Untersuchungen' III, 68; 
W. M. F. Petrie,  'Royal Tombs of the Earliest Dynasties' I, 23, 43-3;  
P. Kaplony, 'Die Inschriften der Ägyptischen Frühzeit II (Wiesbaden, 1964), 983, n. 1552.
A duplicate of this label has been found at Tûra, see loc. cit. and J. Leclant, 'Orientalia' 30 (1961), 104. 
For another similar fragment, see W. M. F. Petrie,  'Royal Tombs of the Earliest Dynasties' II, pl. VIII, 5;
W. M. F. Petrie, 'Abydos' I (London, 1902), pl. XI, 9.",Spencer 1980 / Early Dynastic Objects,"On display (Room 64 - Early Egypt, Display Case 9)",,Associated with: Semerkhet,Donated by: Egypt Exploration Fund,Excavated by: Egypt Exploration Fund,,,,Egypt and Sudan,EA32668,"1900,1015.30",
https://media.britishmuseum.org/media/Repository/Documents/2014_10/3_21/65d3fb2a_8281_41ea_842f_a3b9015b0cbb/00227671_001.jpg,pendant (object name),No: Optional[EA22810],"Flattened pendant of green serpentine: decorated with incised lines on one side. The other side is highest in the centre, through which it has been pierced horizontally for suspension. The hole has been drilled from opposite ends to meet in the middle.; ",,1st Dynasty,,Found/Acquired: Thebes (historic - Upper Egypt) (said to come from),serpentine,pierced; incised,3.85 centimetres;  2.74 centimetres;  1.26 centimetres; ,,"This is an example of the common form of amulet in the shape of the buprestid beetle, see L. Keimer, 'Annales du Service des Antiquitiés de l'Égypte',  31 (1931), I45ff., particularly 166-70 and pl.IV, 4; L. Keimer, 'Annales du Service des Antiquitiés de l'Égypte',  36 (1936), 89-114. Other parallels; W. M. F. Petrie, 'Naqada and Ballas' (Warminster, 1974), pl. XVIII; W. M. F. Petrie, 'Tarkhan' II (London, 1914), 9 and pl. I, (1552); W. M. F. Petrie, ‘Amulets’, London (1914), 50, no. 261; W. M. F. Petrie, 'Abydos' I (London, 1902), 23 and pl.II, 7; G. Brunton, 'British Museum expedition to Middle Egypt, 1929-1931 Matmar' (London, 1948), pLXXII, 71; B. Adams, 'Ancient Hierakonpolis' Supplement (Warminster, 1974), 94, no. 204; F. Ll. Griffith, 'Liverpool Annals of Archaeology and Anthropology 8 (Liverpool, 1921), 10 and pl.IV, 8.",Spencer 1980 / Early Dynastic Objects,"On display (Room 64 - Early Egypt, Display Case 4)",,,Purchased from: Rev Walter L Lawson,,,,,Egypt and Sudan,EA22810,"1889,1012.76",
https://media.britishmuseum.org/media/Repository/Documents/2026_7/14_11/cc0253f8_c4c2_422e_a27d_b48700b97341/preview_EA32152__1_.jpg,vase (object name),No: Optional[EA32152],"Barrel-shaped vase of grey and white striped limestone: with a flat base and two small tubular handles. The angular rim has been plated with gold, one strip of the metal being folded over the lip and another wrapped around the neck. A lid of sheet gold, decorated with punch marks, was acquired with the vessel, but it is not known whether the lid and vase originally belonged together, especially as the lid is a poor fit.; ",,Predynastic; 1st Dynasty,,Found/Acquired: Egypt,limestone; gold,gold-plated (neck); punched (lid),3.00 centimetres base ;  5.89 centimetres max ;  4.45 centimetres max;lid ;  3.80 centimetres rim ;  10.34 centimetres max ; ,,"Published:
A. Roveri and F. Tiradritte [eds.], Kemet: Alle Sorgenti del Tempo, Ravenna 1998, p.237 [205-206].
P. Pasini [ed.], Kemet: Guide all mostra, Ravenna 1998, p.16.",Spencer 1980 / Early Dynastic Objects,"On display (Room 64 - Early Egypt, Display Case 10)",,,Purchased through: R J Moss & Co,,,,,Egypt and Sudan,EA32152,"1899,1016.1165",
https://media.britishmuseum.org/media/Repository/Documents/2014_10/3_21/071cac10_d8f7_40c0_9da1_a3b901603e91/preview_00229236_001.jpg,arrow-head (object name),No: Optional[EA68751],"Bifacial tanged arrowhead: of translucent brown flint, carefully pressure flaked. The blade is broad with sharp edges.; ",,1st Dynasty,,Excavated/Findspot: Umm el-Qaab (Abydos),flint,flaked,3.30 centimetres;  0.40 millimetres;  1.30 centimetres max ; ,,"Bibliography:
W. M. F. Petrie, 'Royal Tombs of the Earliest Dynasties' II, 35, see 22, pl.IV, 14, top right.",Spencer 1980 / Early Dynastic Objects,"On display (Room 64 - Early Egypt, Display Case 10)",,,Donated by: Egypt Exploration Fund,Excavated by: Egypt Exploration Fund,,,,Egypt and Sudan,EA68751,"1901,1028.14",
https://media.britishmuseum.org/media/Repository/Documents/2014_10/3_17/441a9233_f3db_4a7d_96fa_a3b9011d2bf7/00211260_001.jpg,jar (object name),No: Optional[EA32687],"Part of the shoulder and rim of a tall jar: of light brown pottery, with a red slip on the exterior and black in the centre of the section. The outer surface bears an incised inscription of two signs. Good condition.; ",,1st Dynasty,,Excavated/Findspot: Tomb of Den,pottery,incised; slipped,14.50 centimetres max ;  20.00 centimetres max ; ,Inscription type: inscription Inscription position: outer surface Inscription script: hieroglyphic Inscription note: Incised. Two signs.; ,"Compare E. Amélineau, ‘Les Nouvelles Fouilles d’Abydos’ I, (1895-6), pls. XVII; A. Scharff, ‘Die Altertümer der Vor – und Frühzeit Ägyptens I (Berlin, 1929-31), no. 381 and abb. 67; W. M. F. Petrie, 'Tarkhan' II (London, 1914), pl. XX, II; W. B. Emery, ‘Excavations at Saqqara : the tomb of Hemaka' (Cairo, 1938), pl. 40; W. B. Emery, 'Great tombs of the First Dynasty; excavations at Sakkara' I' (Cairo, 1949), 155, fig. 90, no. 29; W. B. Emery, 'Great tombs of the First Dynasty; excavations at Sakkara' III (London, 1958), pl. 76, nos. 10-13.
Bibliography:
W. M. F. Petrie, 'Royal Tombs of the Earliest Dynasties' I,  pl.XLIX, 450.",Spencer 1980 / Early Dynastic Objects,"On display (Room 64 - Early Egypt, Display Case 9)",,,Donated by: Egypt Exploration Fund,Excavated by: Egypt Exploration Fund,,,,Egypt and Sudan,EA32687,"1900,1015.54",
https://media.britishmuseum.org/media/Repository/Documents/2014_10/3_21/4d76bc8a_f67f_4a8c_aeb8_a3b901604028/preview_00229237_001.jpg,arrow-head (object name),No: Optional[EA68752],"Bifacial tanged arrowhead: of brown flint, carefully pressure flaked. The blade is of thin oval section with sharp edges.; ",,1st Dynasty,,Excavated/Findspot: Umm el-Qaab (Abydos),flint,flaked,2.60 centimetres;  0.30 centimetres;  1.10 centimetres max ; ,,"Bibliography:
W. M. F. Petrie, 'Royal Tombs of the Earliest Dynasties' II, 35, see 22, pl.IV, 14, top left.",Spencer 1980 / Early Dynastic Objects,"On display (Room 64 - Early Egypt, Display Case 10)",,,Donated by: Egypt Exploration Fund,Excavated by: Egypt Exploration Fund,,,,Egypt and Sudan,EA68752,"1901,1028.15",
https://media.britishmuseum.org/media/Repository/Documents/2014_10/3_21/cf8205c5_f708_4257_9ebd_a3b9015febce/preview_00229249_001.jpg,arrow-head (object name),No: Optional[EA68757],"Bifacial tanged arrowhead: of brown flint, carefully pressure flaked. Sharply pointed with slightly serrated edges.; ",,1st Dynasty,,Excavated/Findspot: Tomb of Djer,flint,flaked,4.50 centimetres;  0.30 centimetres;  1.00 centimetres max ; ,,"Bibliography:
W. M. F. Petrie, 'Royal Tombs of the Earliest Dynasties' II, 23-4, pl.VI, 11.",Spencer 1980 / Early Dynastic Objects,"On display (Room 64 - Early Egypt, Display Case 10)",,,Donated by: Egypt Exploration Fund,Excavated by: Egypt Exploration Fund,,,,Egypt and Sudan,EA68757,"1901,1028.20",
https://media.britishmuseum.org/media/Repository/Documents/2014_10/3_21/a60de67b_e438_4643_824a_a3b9015fed6f/preview_00229250_001.jpg,arrow-head (object name),No: Optional[EA68758],"Bifacial tanged arrowhead: of brown flint, oval in section with sharp edges. Pressure flaked.; ",,1st Dynasty,,Excavated/Findspot: Tomb of Djer,flint,flaked,4.10 centimetres;  0.40 centimetres;  0.90 centimetres max ; ,,"Bibliography:
W. M. F. Petrie, 'Royal Tombs of the Earliest Dynasties' II, 23-4.",Spencer 1980 / Early Dynastic Objects,"On display (Room 64 - Early Egypt, Display Case 10)",,,Donated by: Egypt Exploration Fund,Excavated by: Egypt Exploration Fund,,,,Egypt and Sudan,EA68758,"1901,1028.21",
https://media.britishmuseum.org/media/Repository/Documents/2026_7/15_15/37fd4ba6_9703_4707_868f_b48800f77ea5/preview_EA38051.jpg,ring (object name); bangle (object name),No: Optional[EA38051],"A small grey slate bangle: roughly oval in section, with convex outer face. The inner surface is irregularly worked so that at one place it is ridged and at another strongly sloping from the upper edge to the lower one. The internal diameter is extremely small for a bangle but too large for a finger-ring.; ",,2nd Dynasty; 1st Dynasty,,Found/Acquired: Temple of Osiris-Khentimentu (Abydos),slate,,3.90 centimetres;  0.60 centimetres; ,,"Chamber M seems to have been used as a rubbish hole: the objects in it were generally damaged. The latest pottery and flints date to the reign of Peribsen and the jewellery is not likely to be much earlier.
Bibliography:
W. M. F. Petrie, 'Abydos' II (London, 1903), pl. VIII, 169. Compare the similar rings, illustrated there.",Andrews 1981 / Catalogue of Egyptian Antiquities. Jewellery I; Spencer 1980 / Early Dynastic Objects,"On display (Room 64 - Early Egypt, Display Case 7)",,,Donated by: Egypt Exploration Fund,Excavated by: Egypt Exploration Fund,,,,Egypt and Sudan,EA38051,"1903,1010.43",
https://media.britishmuseum.org/media/Repository/Documents/2014_10/6_12/94bcffba_b7dc_45ac_8311_a3bc00c801e4/preview_00413132_001.jpg,figure (object name),No: Optional[EA38049],"Limestone figure of a falcon: carved in summary fashion, the only details shown in relief being the eyes and beak. The figure has no legs, but there is a hole in the underside for attachment to some kind of support.; ",,1st Dynasty,,Excavated/Findspot: Temple of Osiris-Khentimentu (Abydos),limestone,carved,1.90 centimetres hole ;  8.50 centimetres;  16.10 millimetres;  5.40 centimetres;  3.20 centimetres hole ; ,,"Bibliography: 
W. M. F. Petrie,'Abydos' II , 27 and pl.IX, 199; 
J. Capart, ‘Les Débuts de L’Art, 184, fig. 136; 
J. Capart, 'Primitive Art', 191, fig. 150.",Spencer 1980 / Early Dynastic Objects,"On display (Room 64 - Early Egypt, Display Case 6)",,,Donated by: Egypt Exploration Fund,Excavated by: Egypt Exploration Fund,,,,Egypt and Sudan,EA38049,"1903,1010.41",
https://media.britishmuseum.org/media/Repository/Documents/2014_10/3_21/31f78d26_9961_42c4_91b5_a3b9015b2569/00227684_001.jpg,model (object name); vase (object name),No: Optional[EA38017],"Glazed composition model of two vase: joined together at the mouth, with handles running from the rims to the shoulders. The entire object is pierced right through from the base of one vase to the base of the other as if for threading on a string. The surfaces of the vases are decorated with shallow grooves, in which traces of the original green glaze survives, the majority having decayed to pale brown.; ",,1st Dynasty; 2nd Dynasty,,Excavated/Findspot: Temple of Osiris-Khentimentu (Abydos),glazed composition,glazed; pierced,2.20 centimetres;  5.70 centimetres; ,,"This suggestion was made by Scharff as an alternative to Petrie's view that the objects might be 'toggles for fastening a dress through a loop'. It is more likely that these objects were purely votive, as must have been the other types of model vases from the same deposit. For similar objects, see W. M. F. Petrie, 'Abydos' II (London, 1902-4), pl.VIII, 142-3 (object in Berlin), A. Scharff, ‘Die Altertümer der Vor – und Frühzeit Ägyptens’ II (Berlin, 1929-31), no. 153 and pl.29; G. Brunton, 'Qau and Badari' I (London, 1927), pl.XVIII, 14; G. Dreyer, 'Mitteilungen der Deutschen Archäologischen Instituts Abteilung Kairo' 32 (Wiesbaden, 1976), 86, VII (c) and pl.26d, right.
Bibliography:
W. M. F. Petrie, 'Abydos' II (London, 1902-4), 26 and pl. VIII, 141;",Spencer 1980 / Early Dynastic Objects,"On display (Room 64 - Early Egypt, Display Case 7)",,,Donated by: Egypt Exploration Fund,Excavated by: Egypt Exploration Fund,,,,Egypt and Sudan,EA38017,"1903,1010.9",
https://media.britishmuseum.org/media/Repository/Documents/2014_10/3_21/1cc36097_906d_4782_b5c6_a3b9015b2273/preview_00227682_001.jpg,model (object name); vase (object name); vase-stand (object name),No: Optional[EA38014],"A glazed composition model of a vase on a stand: the stand narrows slightly towards the top edge, where there is a pronounced lip, in imitation of the form of pot-stands in use at the period. The green glaze has largely decayed to dull white, although otherwise the object is in good condition.; ",,1st Dynasty; 2nd Dynasty,,Excavated/Findspot: Temple of Osiris-Khentimentu (Abydos),glazed composition,glazed,1.60 centimetres;  2.60 centimetres;  6.40 centimetres; ,,"For similar objects, see W. M. F. Petrie, 'Abydos' II (London, 1902-4), pl.XXI, 236, 244; ). J. E. Quibell & F. W. Green, 'Hierakonpolis' I (London, 1989), pl.XX, 11; B. Adams, 'Ancient Hierakonpolis' (Warminster, 1974), 33, no. 163 and pl.31; H. W. Müller, 'Ägyptische Kunstwerke, Kleinfunde und Glas in der Sammlung E. & M. Kofler-Truniger' (Berlin, 1964), A 64, a-g. See also G. Dreyer, 'Mitteilungen der Deutschen Archäologischen Instituts Abteilung Kairo' 32 (Wiesbaden, 1976), 86, VII (c).
Bibliography:
W. M. F. Petrie, 'Abydos' II (London, 1902-4), pl. XI, 244.",Spencer 1980 / Early Dynastic Objects,"On display (Room 64 - Early Egypt, Display Case 7)",,,Donated by: Egypt Exploration Fund,Excavated by: Egypt Exploration Fund,,,,Egypt and Sudan,EA38014,"1903,1010.6",
https://media.britishmuseum.org/media/Repository/Documents/2026_7/20_13/87551e1b_d206_438a_b08b_b48d00e2a65b/preview_EA27762.jpg,lid (object name),No: Optional[EA27762],"Roughly made lid of red pottery: restored from two fragments, but lacking a considerable portion of the edge. The lid has the form of an inverted dish, designed to fit over the rim of large wine-jars.; ",,1st Dynasty,,Found/Acquired: Umm el-Qaab (Abydos),pottery,,13.17 centimetres;  3.52 centimetres; ,,Similar lids are sometimes found adhering to the bases of large jar-seals.,Spencer 1980 / Early Dynastic Objects,Not on display,,,Purchased from: Giza Museum,,,,,Egypt and Sudan,EA27762,"1897,0112.45",
https://media.britishmuseum.org/media/Repository/Documents/2014_10/3_19/f34e2bb3_0123_4a39_8af5_a3b90139acdf/preview_00218767_001.jpg,furniture-fitting (object name); plaque (object name),No: Optional[EA66953],"A damaged ivory plaque: partially burnt, with an unknown amount lost from three sides. One surface is carved with figures of animals in three registers without dividing lines. At the top are two lions, then two bulls below them, and finally part of the figure of another quadruped, the identification of which is uncertain. All the figures face to the right.; ",,1st Dynasty,,Found/Acquired: Egypt,ivory,carved,3.50 centimetres;  2.70 centimetres; ,,"Bibliography:
A. Roveri and F. Tiradritte [eds.], 'Kemet: Alle Sorgenti del Tempo' (Ravenna, 1998), p.231 [196].",Spencer 1980 / Early Dynastic Objects,"On display (Room 64 - Early Egypt, Display Case 6)",wild cat/big cat; cattle; mammal,,,,,,,Egypt and Sudan,EA66953,.66953,
,vessel (object name); inlay (object name),No: Optional[EA49287],A small fragment of bright blue glazed composition of uncertain origin. Good condition. Perhaps from a vessel or an inlay.; ,,1st Dynasty; 2nd Dynasty,,Found/Acquired: Umm el-Qaab (Abydos),glazed composition,glazed,4.20 centimetres;  2.50 centimetres; ,,"It seems that this piece is a surface find, and the dating is uncertain.",Spencer 1980 / Early Dynastic Objects,Not on display,,,Donated by: Egypt Exploration Fund,Excavated by: Egypt Exploration Fund,,,,Egypt and Sudan,EA49287,"1910,1008.10",
,inlay (object name),No: Optional[EA38012],"A green glazed composition tile: from an inlay, in the form of a flower decorated with vertical ribbing. The upper right corner is missing and the broken edges are rather friable.; ",,1st Dynasty; 2nd Dynasty,,Found/Acquired: Temple of Osiris-Khentimentu (Abydos),glazed composition,glazed,5.40 centimetres;  3.80 centimetres; ,,"See plan, W. M. F. Petrie, 'Abydos' II (London, 1902-4), pl. LI.
For similar objects, see W. M. F. Petrie, 'Abydos' II (London, 1902-4), pl. XI, 229; W. M. F. Petrie, 'Prehistoric Egypt : corpus of prehistoric pottery and palettes' (Warminster, 1974), pl. XLIX, 15.",Spencer 1980 / Early Dynastic Objects,Not on display,,,Donated by: Egypt Exploration Fund,Excavated by: Egypt Exploration Fund,,,,Egypt and Sudan,EA38012,"1903,1010.4",
https://media.britishmuseum.org/media/Repository/Documents/2014_10/2_21/f628e382_e511_4822_8fa7_a3b80162fcd6/preview_00335598_001.jpg,inlay (object name); plaque (object name),No: Optional[EA68151],"Thirteen small rectangular glazed composition plaques: including two fragments, from inlay work. All are in good condition and in only one case has the blue glazed composition decayed to white. Perhaps from a wall.; ",,1st Dynasty,,Excavated/Findspot: Saqqara (Memphis),glazed composition,glazed,1.59 centimetres object marked with identification numbers ;  1.40 - 1.60 centimetres;  0.24 centimetres object marked with identification numbers ;  0.15 - 0.25 centimetres;  1.14 centimetres object marked with identification numbers ;  0.90 - 1.20 centimetres; ,,"The thirteen small tiles were recovered from a storage chamber of a large elite tomb of the First Dynasty. Little survived the tomb's destruction, but fragments of wooden furniture were found in the same magazine. The rectangular shape, small size,  and thin profile of each glazed composition piece suggest that they once embellished a box or piece of furniture as inlay.
Bibliography:
W. M. F. Petrie, 'Royal Tombs of the Earliest Dynasties' II, 44, no. 160 and pl. XXVII (only 13 of the 16 plaques illustrated are in the British Museum);
W. B. Emery, 'Great tombs of the First Dynasty; excavations at Sakkara' II' (London, 1954), p. 44, no. 160 and pl. 27.",Spencer 1980 / Early Dynastic Objects; Friedman 1998 / Gifts of the Nile: Ancient Egyptian Faience,Not on display,,,,Excavated by: Egypt Exploration Society,,,,Egypt and Sudan,EA68151,"1971,0227.85",
https://media.britishmuseum.org/media/Repository/Documents/2014_11/5_16/8479991f_e52b_431c_993c_a3da0108c9f4/preview_01213327_001.jpg,inlay (object name),No: Optional[EA32655],"Rectangular fragment of ivory inlay: broken at each end, decorated with a pattern of incised diagonal lines. The pattern forms a series of diamond-shaped lozenges along the length of the piece, each bounded by three parallel lines and having a circular depression in the centre. Many of the grooves are pattern filled with dark pigment.; ",,1st Dynasty,,Excavated/Findspot: Tomb of Den,ivory,incised; pigmented,5.90 centimetres;  1.70 centimetres; ,,"For pieces with the same pattern, see W. M. F. Petrie, 'Royal Tombs of the Earliest Dynasties' II, pls.XXXVIII, 69-70, II; XL, 57, 60; XLI, 6; XLII, 10, 12, 26-7; A. Scharff, ‘Die Altertümer der Vor – und Frühzeit Ägyptens II (Berlin, 1929-31), no. 314 and pl. 36; P. Montet, 'Kêmi' 8 (1946), pl.V; H. S. Baker, 'Furniture in the Ancient World' (London, 1966), 29, fig.16.
Bibliography:
W. M. F. Petrie, 'Royal Tombs of the Earliest Dynasties' II, pl.XL, 59.",Spencer 1980 / Early Dynastic Objects,"On display (Room 64 - Early Egypt, Display Case 10)",,,Donated by: Egypt Exploration Fund,Excavated by: Egypt Exploration Fund,,,,Egypt and Sudan,EA32655,"1900,1015.17",
https://media.britishmuseum.org/media/Repository/Documents/2014_11/5_16/2a216ecf_194d_4dd8_98cc_a3da0108d111/preview_01213331_001.jpg,inlay (object name),No: Optional[EA32661],Rectangular fragment of ivory inlay: decorated with deeply incised lines running vertically and diagonally across the face. One end is broken away but the other end is preserved and is bevelled for inlaying. The grooves on the face still contain a small amount of dark pigment.; ,,1st Dynasty,,Excavated/Findspot: Tomb of Anedjib,ivory,incised; pigmented; bevelled,5.60 centimetres;  2.30 centimetres; ,,"For pieces with the same pattern, see W. M. F. Petrie, 'Royal Tombs of the Earliest Dynasties' II, pls.XXXVII, 43-5; XXXVIII, 60; XL, 61; XLI, 2, 13, 19; XLIII, 45; E. Amélineau, ‘Les Nouvelles Fouilles d’Abydos’ I, (1895-6), pl. XLII.
Bibliography:
W. M. F. Petrie, 'Royal Tombs of the Earliest Dynasties' II, pl.XLII, 43.",Spencer 1980 / Early Dynastic Objects,"On display (Room 64 - Early Egypt, Display Case 10)",,,Donated by: Egypt Exploration Fund,Excavated by: Egypt Exploration Fund,,,,Egypt and Sudan,EA32661,"1900,1015.23",
https://media.britishmuseum.org/media/Repository/Documents/2014_11/5_16/1ac2a1d2_9c8f_4927_b7db_a3da010992f9/preview_01213514_001.jpg,inlay (object name),No: Optional[EA32657],"Rectangular piece of ivory inlay: unbroken, decorated with incised lines in a diamond pattern. The piece is slightly curved and is pierced by a single hole, in the middle of the width. The edges and back are flat and smooth. Good condition.; ",,1st Dynasty,,Excavated/Findspot: Tomb of Den,ivory,incised; pierced,0.20 centimetres hole ;  2.40 centimetres;  0.90 centimetres; ,,"For pieces with the same pattern, see W. M. F. Petrie, 'Royal Tombs of the Earliest Dynasties' II, pls.XXXVIII, 69-70; XL, 57, 59, 65; XLI, 4-6; E. Amélineau, ‘Les Nouvelles Fouilles d’Abydos’ I, (1895-6), pl. XLII; A. Scharff, ‘Die Altertümer der Vor – und Frühzeit Ägyptens’ II (Berlin, 1929-31), no. 295 and pl. 36.
Bibliography:
W. M. F. Petrie, 'Royal Tombs of the Earliest Dynasties' II, 36, pl.XL, 69, centre piece of the group.",Spencer 1980 / Early Dynastic Objects,"On display (Room 64 - Early Egypt, Display Case 10)",,,Donated by: Egypt Exploration Fund,Excavated by: Egypt Exploration Fund,,,,Egypt and Sudan,EA32657,"1900,1015.19",
https://media.britishmuseum.org/media/Repository/Documents/2014_10/3_19/dc3a1423_0d4c_4c74_9732_a3b90139edf0/preview_00218793_001.jpg,inlay (object name),No: Optional[EA32641],Part of a triangular piece of ivory inlay: bearing the incised serekh of Djet. The upper left corner is missing and the surviving part consists of three joined fragments. The ivory has been darkened by burning.; ,,1st Dynasty,,Excavated/Findspot: Tomb of Djet,ivory,incised,3.20 centimetres max ;  0.20 centimetres;  1.50 centimetres max ; ,Inscription type: inscription Inscription script: hieroglyphic; ,"The inscription has been clarified for exhibition purposes with a white filler. For a similar object, see W. M. F. Petrie,  'Royal Tombs of the Earliest Dynasties' I, pls.X. 8; XIII, 4 = A. Scharff, ‘Die Altertümer der Vor – und Frühzeit Ägyptens II (Berlin, 1929-31), no.355 and pl.37.
Bibliography: 
W. M. F. Petrie,  'Royal Tombs of the Earliest Dynasties' I, 21, pl.XI, 2, pl.XIII, 1.",Spencer 1980 / Early Dynastic Objects,"On display (Room 64 - Early Egypt, Display Case 10)",,Named in inscription: Djet,Donated by: Egypt Exploration Fund,Excavated by: Egypt Exploration Fund,,,,Egypt and Sudan,EA32641,"1900,1015.3",
https://media.britishmuseum.org/media/Repository/Documents/2014_10/3_20/f200bcfd_9641_468d_9782_a3b901577745/00226751_001.jpg,inlay (object name),No: Optional[EA32663],"Rectangular strip of ivory inlay: broken off at one end, decorated with vertical incised lines. The strip is pierced by two holes, 0.3cm in diameter, at an interval of 3.5cm. The reverse side is flat and smooth.; ",,1st Dynasty,,Excavated/Findspot: Tomb of Anedjib,ivory,incised; pierced,8.00 centimetres;  1.60 centimetres; ,,"For pieces with the same pattern, see W. M. F. Petrie, 'Royal Tombs of the Earliest Dynasties' II, pls.XXXVII, 52-3; XL, 51, 53, 55; XLI, 63-4; XLII, 1-5, 39-40;  P. Montet, 'Kêmi' 8 (1946), pl.V.
Bibliography:
W. M. F. Petrie, 'Royal Tombs of the Earliest Dynasties' II, pl.XLII, 38.",Spencer 1980 / Early Dynastic Objects,"On display (Room 64 - Early Egypt, Display Case 10)",,,Donated by: Egypt Exploration Fund,Excavated by: Egypt Exploration Fund,,,,Egypt and Sudan,EA32663,"1900,1015.25",
https://media.britishmuseum.org/media/Repository/Documents/2014_10/3_20/09669d43_c92a_4cc3_a1b3_a3b9015771c0/preview_00226748_001.jpg,furniture-fitting (object name); inlay (object name); vase (object name),No: Optional[EA32146],"A rectangular fragment of ivory: with the figure of a scorpion in relief on one side. The fragment probably comes from the side of a vase, as it has a slight curvature.; ",,Late Predynastic; 1st Dynasty,,Found/Acquired: Egypt,ivory,carved,6.10 centimetres;  0.50 centimetres;  2.10 centimetres; ,,"See J. E. Quibell & F. W. Green, 'Hierakonpolis' I (London, 1989), pl. XII; B. Adams, 'Ancient Hierakonpolis' (Warminster, 1974), pl. 45 [364].
Bibliography:
A. Roveri and F. Tiradritte [eds.], 'Kemet: Alle Sorgenti del Tempo' (Ravenna, 1998), p.233 [198].",Spencer 1980 / Early Dynastic Objects,"On display (Room 64 - Early Egypt, Display Case 6)",,,Purchased from: R J Moss & Co,,,,,Egypt and Sudan,EA32146,"1899,1016.1159",
https://media.britishmuseum.org/media/Repository/Documents/2026_8/19_8/b4259e9b_beb0_42f7_9bda_b4ab0090660f/preview_EA22266.jpg,table (object name),No: Optional[EA22266],Dish-top circular table of red-brown pottery: made in one piece with a hollow pedestal. The pedestal narrows towards the top and is pierced by four roughly triangular holes. The upper surface of the platter is covered with a polished red slip. Good condition.; ,,1st Dynasty,,Excavated/Findspot: Gebelein,pottery,polished; slipped; pierced,35.60 centimetres maximum ;  22.40 centimetres; ,,,Spencer 1980 / Early Dynastic Objects,Not on display,,,Donated by: Egypt Exploration Fund,Excavated by: Sir Gaston C C Maspero;  Excavated by: Egypt Exploration Fund,,,,Egypt and Sudan,EA22266,"1885,1101.226",
https://media.britishmuseum.org/media/Repository/Documents/2017_2/20_14/d79439e5_59c5_4827_bb43_a72000f49904/preview_30886.jpg,vase (object name),No: Optional[EA30886],"Squat globular vase of red marl pottery with a small flat base. The sides expand from the base to the shoulder, then converge to a short neck with evert roll-over rim, which is chipped. Exterior coated with red-orange wash.; ",,1st Dynasty,,Excavated/Findspot: Hiw,pottery,,4.40 centimetres base ;  6.70 centimetres rim ;  10.10 centimetres;  12.00 centimetres max ; ,,"Cemetery R at Hiw was mostly of the Late Predynastic period, see W. M. F. Petrie, 'Diospolis Parva : the cemeteries of Abadiyeh and Hu, 1898-9' (London, 1901), 35.",Spencer 1980 / Early Dynastic Objects,Not on display,,,Donated by: Egypt Exploration Fund,Excavated by: Egypt Exploration Fund,,,,Egypt and Sudan,EA30886,"1899,1017.42",
https://media.britishmuseum.org/media/Repository/Documents/2014_11/5_14/9987c733_8c83_403c_b1da_a3da00ef8b6c/preview_01211322_001.jpg,bowl (object name),No: Optional[EA58030],Round-based bowl of dull red pottery: with  a polished bright red slip on the interior and exterior. The bowl has a recurved rim. Restored from fragments.; ,,1st Dynasty,,"Excavated/Findspot: Badari, el-",pottery,slipped; polished,18.40 centimetres rim ;  11.20 centimetres; ,,"Bibliography: 
G. Brunton, 'Qau and Badari' I (London, 1927), pl. XI and pl. XIII, type 37M.",Spencer 1980 / Early Dynastic Objects,Not on display,,,"Donated by: British School of Archaeology, Egypt",,,,,Egypt and Sudan,EA58030,"1925,1012.3",
https://media.britishmuseum.org/media/Repository/Documents/2014_10/13_18/f256ad92_5f23_40e5_8b92_a3c3012a1c6e/preview_00821434_001.jpg,cosmetic-palette (object name),No: Optional[EA37359],Rectangular slate palette with incised border lines on the upper surface. The centre of this side is worn and stained green from use. Two of the corners are slightly chipped.; ,,Late Predynastic; 1st Dynasty,,Excavated/Findspot: Thebes (historic - Upper Egypt) (said to come from),mudstone,incised,10.99 centimetres;  1.03 centimetres;  8.97 centimetres; ,,"Similar palettes are published in W. M. F. Petrie, 'Tarkhan I and Memphis V' (London, 1913), pl.XXIX, 2, 4, 16.",Spencer 1980 / Early Dynastic Objects,"On display (Room 64 - Early Egypt, Display Case 3)",,,Purchased from: Rev. Greville John Chester,,,,,Egypt and Sudan,EA37359,"1881,0614.105",
,amulet (object name); pendant (object name); spacer-bead (object name),No: Optional[EA12751],"Amuletic string with pendants: consisting of irregularly shaped brown and white agate pebbles as drop pendants, one rock crystal flattened drop, one tear-drop of mainly black mottled diorite, one pink limestone (?) barrel and one long truncated convex bicone, two hematite short barrel beads, one blue glazed composition long barrel, one black steatite barrel disc bead and 'green beetle' amulet, rectangular bone spacer-bead pierced in two places.; ",,1st Dynasty,,Found/Acquired: Saqqara (Memphis) (said to come from),agate; rock crystal; diorite; limestone; hematite; glazed composition; steatite; bone,glazed,1.70 centimetres largest pebble ;  1.20 centimetres spacer-bead ; ,,"Said (by the Revd. Greville J. Chester) to come from Saqqara, but this is unlikely.
Cf. brown and white agate pebbles in 1926,0728.47 (Early Dynastic from Abydos).
Cf. G. Brunton, ‘Matmar’ (London, 1948), pl.XXII, 71: cornelian, Protodynastic Period.",Andrews 1981 / Catalogue of Egyptian Antiquities. Jewellery I,Not on display,,,Purchased from: Rev. Greville John Chester,,,,,Egypt and Sudan,EA12751,"1883,1018.15",Miscellaneous number: BS.12751 (BS.12751)
,vase (object name),No: Optional[EA26641],"Dark breccia vase with flat base, convex body, contracted mouth surrounded by remains of a slightly everted ledge-rim, with horizontally pierced tubular handles at sides, incomplete.; ",,1st Dynasty,,Found/Acquired: Egypt,breccia,,7.00 centimetres mouth ;  15.50 centimetres; ,,,,Not on display,,,Purchased from: Rev. Greville John Chester,,,,,Egypt and Sudan,EA26641,"1891,0430.8",
https://media.britishmuseum.org/media/Repository/Documents/2014_10/3_21/7ea2c361_ee1b_4fd1_8e75_a3b9015f7aeb/preview_00228991_001.jpg,drill-bit (object name),No: Optional[EA37278],"Drill-bit of hard crystalline sandstone: with concave depressions on the sides for attachment to the shaft of the drill. Bears concentric circular marks from use, on both top and bottom, showing that the bit was used both ways up.; ",,1st Dynasty,,Excavated/Findspot: Temple of Osiris-Khentimentu (Abydos),sandstone,,8.00 centimetres;  2.40 centimetres; ,,"Bibliography: 
W. M. F. Petrie, 'Abydos' I (London, 1902), 25-6 and pl.LIII, 32 (probably).
Compare Petrie, W. M. F. Petrie, 'Abydos' I (London, 1902), pl. LIII, 26-31, 33; B. Adams, 'Ancient Hierakonpolis' (Warminster, 1974), 39, nos. 194-6 and pl.28; J. E. Quibell & F. W. Green, 'Hierakonpolis' II (London, 1989), pl.LXII, 3-6; C. M. Firth and J. E. Quibell, 'Excavations at Saqqara : the Step Pyramid' II (Cairo, 1935), pl.93, (6); J. E. Quibell, ‘Archaic Objects’ (Cairo, 1905), nos. 14679-80 and pl.LXIII; T. C. Currelly, 'Stone Implements' (Cairo, 1913), nos. 64645-6 and pl.XLIII; H. Bonnet, 'Ein frühgeschichtliches Gräberfeld bei Abusir' (Leipzeig, 1928) , 12, abb. 9; A. Scharff, ‘Die Altertümer der Vor – und Frühzeit Ägyptens’ I (Berlin, 1929-31), no. 118 and pl.6.",Spencer 1980 / Early Dynastic Objects,"On display (Room 64 - Early Egypt, Display Case 12)",,,Donated by: Egypt Exploration Fund,Excavated by: Egypt Exploration Fund,,,,Egypt and Sudan,EA37278,"1902,1011.15",
https://media.britishmuseum.org/media/Repository/Documents/2026_7/15_15/b81ef86a_1c21_40fd_89ba_b48800f7767d/preview_EA35699.jpg,jar (object name),No: Optional[EA35699],"Red breccia spheroidal jar: high in form with a rounded base and two tubular handles. The handles are concave on the outer surfaces. The raised rim has a flat top and a sharp edge, slightly chipped in parts. Interior fairly well hollowed.; ",,1st Dynasty; 2nd Dynasty,,Found/Acquired: Egypt,breccia,,26.70 centimetres rim ;  33.20 centimetres; ,,"The statement that this vessel comes from Abydos (see bibliography below) is not supported by any firm evidence, but rests apparently upon the information given by dealers.
Bibliography:
E. A. Wallis Budge 'A Guide to the Fourth, Fifth and Sixth Egyptian Rooms, and the Coptic Room' (London, 1922), 12.",Spencer 1980 / Early Dynastic Objects,On display (Room 64 - Early Egypt),,,Purchased from: R J Moss & Co,,,,,Egypt and Sudan,EA35699,"1899,0708.166",
https://media.britishmuseum.org/media/Repository/Documents/2026_7/15_15/d8271ab3_02bf_4e1e_9862_b48800f775ca/preview_EA35698.jpg,jar (object name),No: Optional[EA35698],"Very large spheroidal vase of porphyritic diorite: with a rounded base and two tubular handles. The vessel has a distinct shoulder, on which the handles are set, and a broad rim around the contracted mouth. The outer edge of the rim is rounded, although partly broken, and the flat top slopes towards the mouth. Only a narrow groove separates the rim from the shoulder of the vessel. The outer surfaces are extremely well finished and the interior has been fairly completely hollowed.; ",,1st Dynasty; 2nd Dynasty,,Found/Acquired: Egypt,porphyry; diorite,,46.60 centimetres rim ;  29.90 centimetres; ,,"Nicholson and Shaw, Ancient Egyptian Materials and Technology (Cambridge 2000), p. 50",Spencer 1980 / Early Dynastic Objects,On display (Room 64 - Early Egypt),,,Purchased from: R J Moss & Co,,,,,Egypt and Sudan,EA35698,"1898,0312.179",
https://media.britishmuseum.org/media/Repository/Documents/2014_10/3_17/a59944de_a4b2_467f_bfd2_a3b9011d2fea/00211262_001.jpg,jar (object name),No: Optional[EA35549],"Large vase of dull red pottery: mostly burnt black, and lacking the upper part. The vase has a flat base, from which the sides expand to the shoulder, then begin to converge towards the top. Within the vase are the burnt remains of the original contents. Close to the broken upper edge there is an incised mark of circular shape.; ",,1st Dynasty,,Excavated/Findspot: Tomb of Djer,pottery,incised,"19.40 centimetres maximum, main piece ;  28.10 centimetres maximum, main piece ; ",Inscription type: mark Inscription position: upper edge Inscription note: Of circular shape. Incised.; ,"Bibliography:
W. M. F. Petrie, 'Abydos' I (London, 1902), 6, pl. VIII, 3;
W. M. F. Petrie, 'Royal Tombs of the Earliest Dynasties' II, 9,46.",Spencer 1980 / Early Dynastic Objects,Not on display,,,Donated by: Egypt Exploration Fund (Commitee of),Excavated by: Egypt Exploration Fund,,,,Egypt and Sudan,EA35549,"1901,1012.49",
https://media.britishmuseum.org/media/Repository/Documents/2026_6/23_9/9aaa1699_c31d_475e_956f_b47200a0df9b/preview_EA38043.jpg,figure (object name),No: Optional[EA38043],"A head of fired clay: pale brown on the exterior with traces of a red slip, but black in the core. The head is broken off at the neck and the features are extensively damaged. The style of the incised hair is un-Egyptian suggesting that the head represents a foreigner.; ",,1st Dynasty; 2nd Dynasty,,Excavated/Findspot: Temple of Osiris-Khentimentu (Abydos),fired clay,incised; slipped,6.74 centimetres max ;  7.00 centimetres;  7.14 centimetres; ,,"Bibliography: 
W. M. F. Petrie, 'Abydos' II (London, 1902-4), 28 and pl.XI, 260.
Budge considered the appearance to be a Sumerian, 'A Guide to the Fourth, Fifth and Sixth Egyptian Rooms, and the Coptic Room' (London, 1922), 289. no. 210. For other Early Dynastic pottery figures, see Petrie. W. M. F. Petrie, 'Abydos' II (London, 1902-4), pl.XI, 257-9, 261; G. Brunton, 'Qau and Badari' I (London, 1927), pl.XXI, 3.",Spencer 1980 / Early Dynastic Objects,Not on display,,,Donated by: Egypt Exploration Fund,Excavated by: Egypt Exploration Fund,,,,Egypt and Sudan,EA38043,"1903,1010.35",
https://media.britishmuseum.org/media/Repository/Documents/2026_7/14_11/525f4302_2e2f_43f8_92d9_b48700b9a521/preview_EA67567.jpg,chisel (object name),No: Optional[EA67567],"A stout chisel of cast and hammered copper: of rectangular section, tapering from the edge to the butt. The cutting edge is slightly convex and has been ground from one side of the tool, the other side having been left flat. One side of the tool bears an incised inscription of two signs.; ",,1st Dynasty,,Excavated/Findspot: Tomb of Djer,copper,ground; incised,11.80 centimetres;  74.50 grammes;  0.70 centimetres;  1.70 centimetres; ,"Inscription type: inscription Inscription script: hieroglyphic Inscription note: Incised. Two hieroglyphic signs. See H. Petrie, 'Egyptian Hieroglyphs of the First and Second Dynasties' (London, 1927), nos. 167, 831. The inscription has been interpreted as a personal name, reading ḥm (P. Kaplony, 'Die Inschriften der Ägyptischen Frühzeit’ I (Wiesbaden, 1963), 568).; ","Bibliography:
W. M. F. Petrie, 'Royal Tombs of the Earliest Dynasties' II, 24, pl.VI, 25.
For other examples of Early Dynastic copper chisels, see E. Amélineau, ‘Les Nouvelles Fouilles d’Abydos’ II (1896-7), pl.XVIII; W. M. F. Petrie, 'Royal Tombs of the Earliest Dynasties' II, pl.XXXV, 91; XXXVIII, 94; XLI, 93; W. M. F. Petrie, 'Abydos' I (London, 1902), pl.L; W. M. F. Petrie, 'Abydos' II (London, 1902-4), pl.XV, 1, 8, 10; W. M. F. Petrie, 'Tombs of the courtiers and Oxyrhynkos' (London, 1925), pl.V, 6, 8, 12; W. M. F. Petrie, 'Tarkhan I and Memphis V' (London, 1913), pls.IV, 3-5, 8; VI, 4, 10; W. M. F. Petrie, 'Tools and weapons : illustrated by the Egyptian collection in University College, London' (London, 1917), 19-20 and pls.XXI-XXII; G. A. Reisner, 'The early dynastic cemeteries of Naga-ed-Dêr' I, (California, 1908), 115 and pl.40d; W. B. Emery, 'Great tombs of the First Dynasty; excavations at Sakkara' I' (Cairo, 1949), 42-6 and pl.9B; W. B. Emery, 'Great tombs of the First Dynasty; excavations at Sakkara' II' (London, 1954), 61 and pl.XXXIb; J. E. Quibell, ‘Archaic Objects’ (Cairo, 1905), nos. 14540-1. 14556-7 and pl.59; J. E. Quibell, 'Excavations at Saqqara, 1912-1914: Archaic Mastabas’ (Cairo, 1923), pl.VIII, 1; J. E. Quibell & F. W. Green, 'Hierakonpolis' II (London, 1989), 26 and pl.XLVIIIb; C. M. Firth and J. E. Quibell, 'Excavations at Saqqara : the Step Pyramid' II (Cairo, 1935), pl.93, (3); J. Garstang, ‘Maḥâsna and Bêt Khallâf’ (London, 1989), pls.XVI, XXIII; P. Montet, 'Kêmi' 8 (1946), pl.X.",Spencer 1980 / Early Dynastic Objects,"On display (Room 64 - Early Egypt, Display Case 10)",,,Donated by: Egypt Exploration Fund,Excavated by: Egypt Exploration Fund,,,,Egypt and Sudan,EA67567,"1901,1028.36",
https://media.britishmuseum.org/media/Repository/Documents/2026_7/14_11/19d5b69b_5374_4295_8793_b48700b9a369/preview_EA62433.jpg,vase (object name),No: Optional[EA62433],Small rounded vase of pale brown pottery: with a red slip. The neck of the vase is narrow and terminates in a rounded external rim.  Pebble-burnished in vertical lines. Good condition.; ,,1st Dynasty,,Excavated/Findspot: Mostagedda,pottery,burnished; polished,12.00 centimetres;  4.60 centimetres rim ; ,,"Bibliography:
G. Brunton, ‘Mostagedda and the Tasian Culture’ (London, 1937), 93 and pls. XXXI, XLIV, 2.",Spencer 1980 / Early Dynastic Objects,"On display (Room 64 - Early Egypt, Display Case 8)",,,Donated by: Guy Brunton,Excavated by: The British Museum,,,Excavated 1928-1930 by the British Museum Expedition to Middle Egypt.,Egypt and Sudan,EA62433,"1929,1015.433",
https://media.britishmuseum.org/media/Repository/Documents/2014_10/3_17/d460ef1f_42ba_4ec2_884e_a3b9011a866d/preview_00210796_001.jpg,stela (object name),No: Optional[EA35613],"Limestone stela: roughly-shaped stela of poor-quality limestone, rounded at the top and extensively pitted by weathering. The stela bears an inscription in low relief giving the name Sesherka below which is a figure of a seated woman.; ",,1st Dynasty,,Excavated/Findspot: Tomb of Djer,limestone,,38.50 centimetres;  25.00 centimetres; ,"Inscription type: inscription Inscription script: hieroglyphic Inscription transliteration: Sšr-kʒ Inscription translation: Sesherka Inscription note: In low relief.  The sign at the top of the inscription is taken to be as symbol V.33 in Gardiner, 'Egyptian Grammer', p. 526.; ","Bibliography:
British Museum, 'Hieroglyphic Texts from Egyptian Stelae, etc'., I (London), pl.2;
W. M. F. Petrie, 'Royal Tombs of the Earliest Dynasties' II, pls. XXVI, 79; XXIXA, 79.",Spencer 1980 / Early Dynastic Objects,"On display (Room 64 - Early Egypt, Display Case 10)",,,Donated by: Egypt Exploration Fund,Excavated by: Egypt Exploration Fund,,,,Egypt and Sudan,EA35613,"1901,1012.113",
https://media.britishmuseum.org/media/Repository/Documents/2014_10/3_17/522c9d9f_d5d2_481a_a21a_a3b9011eed81/preview_00211518_001.jpg,cup (object name),No: Optional[EA32665],"One of two small pieces of the same quartz crystal vessel: bearing part of an incised inscription on the exterior surface. The break between the two fragments cuts through the text, and parts of some signs are missing. It seems that the vessel was a small cup with concave sides.; ",,1st Dynasty,,Excavated/Findspot: Tomb of Semerkhet,mineral,incised,5.50 centimetres max ;  3.70 centimetres max ; ,"Inscription type: inscription Inscription script: hieroglyphic Inscription transliteration: nsw bỉtỉ Mri-pw-bỉʒ Inscription translation: Merpabia (Anedjib) Inscription note: Incised. For similar inscriptions of Anedjib, also on rock-crystal vases, see P. Kaplony, 'Mitteilungen der Deutschen Archäologischen Instituts Abteilung Kairo' 20 (Wiesbaden, 1965), 18, abb. 32-4; W. M. F. Petrie, 'Royal Tombs of the Earliest Dynasties' I, pl.VI, 6.; ","Fragment joins with 1900,1015.28.
Bibliography:
W. M. F. Petrie, 'Royal Tombs of the Earliest Dynasties' I, 12, 20, pl. VI, 5;
F. Legge, ‘Proceedings of the Society of Biblical Archaeology’ 30 (London, 1908), pl. IVe.",Spencer 1980 / Early Dynastic Objects,"On display (Room 64 - Early Egypt, Display Case 10)",,Named in inscription: Anedjib,Donated by: Egypt Exploration Fund,Excavated by: Egypt Exploration Fund,,,,Egypt and Sudan,EA32665,"1900,1015.27",
https://media.britishmuseum.org/media/Repository/Documents/2026_7/14_11/a8a5c3a4_24b8_48de_b7a2_b48700b99da1/preview_EA56589.jpg,jar (object name),No: Optional[EA56589],"Red-brown pottery jar with globular body, cylindrical neck and everted rim, chipped in one place, the exterior is covered with a red slip.; ",,1st Dynasty,,Excavated/Findspot: Mostagedda,pottery,,11.30 centimetres max ;  11.60 centimetres max ; ,,,Spencer 1980 / Early Dynastic Objects,"On display (Room 64 - Early Egypt, Display Case 8)",,,Donated through: Wellcome Institute for the History of Medicine,Excavated by: Guy Brunton,,,,Egypt and Sudan,EA56589,"1956,0214.8",
https://media.britishmuseum.org/media/Repository/Documents/2014_10/3_20/85401c8c_40f1_44d0_8164_a3b901578283/00226761_001.jpg,arrow-head (object name),No: Optional[EA35540],"An ebony arrowhead: of circular section, with a tapering tang at the base, broken off at the end.; ",,1st Dynasty,,Excavated/Findspot: Tomb of Djer,ebony,,0.60 centimetres max ;  13.30 centimetres; ,,"For similar objects, see W. M. F. Petrie,  'Royal Tombs of the Earliest Dynasties' II, pls.VIIA, 7; XXXVII, 14; XL, 11; XLIII, 9; W. M. F. Petrie, 'Tarkhan I and Memphis V' (London, 1913), pl.X, 7;  A. Scharff, ‘Die Altertümer der Vor – und Frühzeit Ägyptens’ I (Berlin, 1929-31), no. 198 and pl.9.
Bibliography:
W. M. F. Petrie,  'Royal Tombs of the Earliest Dynasties' II, pl.XXXIV, 50-1 (exmaples).",Spencer 1980 / Early Dynastic Objects,"On display (Room 64 - Early Egypt, Display Case 10)",,,Donated by: Egypt Exploration Fund,Excavated by: Sir William Matthew Flinders Petrie;  Excavated by: Egypt Exploration Fund,,,,Egypt and Sudan,EA35540,"1901,1012.40",
https://media.britishmuseum.org/media/Repository/Documents/2014_10/3_21/716121c6_a907_4820_b854_a3b9015f7cbf/preview_00228992_001.jpg,religious/ritual equipment (object name); tool/implement (object name),No: Optional[EA37279],"A small psš-kf amulet: of pale brown flint, bifacially worked with careful pressure-flaking along the edges.; ",,1st Dynasty,,Excavated/Findspot: Temple of Osiris-Khentimentu (Abydos),flint,flaked,6.00 centimetres;  4.60 centimetres; ,,"Bibliography:
W. M. F. Petrie, 'Abydos' I (London, 1902), 24 and pl. LI, 22.",Spencer 1980 / Early Dynastic Objects,"On display (Room 64 - Early Egypt, Display Case 1)",,,Donated by: Egypt Exploration Fund,Excavated by: Egypt Exploration Fund,,,,Egypt and Sudan,EA37279,"1902,1011.16",
https://media.britishmuseum.org/media/Repository/Documents/2014_10/3_19/b9c88371_02fb_427f_9e5d_a3b90139f5f1/preview_00218797_001.jpg,plaque (object name); box (object name),No: Optional[EA35513],"A fragment of hippopotamus ivory: probably part of a box, bearing an incised inscription on one side giving the serekh of Aḥa and the name Ima-ib or Bener-ib. There are two holes through the fragment for fixing, as well as two holes in the bottom edge and one in each side, probably for dowels. The surface of the ivory is slightly cracked and the top right-hand corner is chipped..; ",,1st Dynasty,,Excavated/Findspot: Abydos,hippopotamus ivory,incised; perforated,6.60 centimetres max ;  0.70 centimetres;  3.10 centimetres max ; ,"Inscription type: inscription Inscription script: hieroglyphic Inscription translation: Serekh of Aḥa and the name Ima-ib or Bener-ib. Inscription note: Incised. Kaplony reads the name ỉmʒ- ỉb. See P. Kaplony, 'Die Inschriften der Ägyptischen Frühzeit I (Wiesbaden, 1963), 417, where other examples of onscribed objects with this name are quoted, with references.; ","Bears excavator's mark B.
Bibliography:
W. M. F. Petrie,  'Royal Tombs of the Earliest Dynasties' II, pl. III, I;
F. Legge, ‘Proceedings of the Society of Biblical Archaeology’ 29 (London, 1907), pl. opp. p.72, lower;
F. Bruijning, 'Ancient Egypt 1922', 2, fig. 12;
B. Porter & R. Moss, 'Topographical Bibliography of Ancient Egyptian Hieroglyphic Texts, Reliefs and Paintings' V (Oxford: Clarendon Press), 88;
Musée de la Vielle Charité, 'L’Egypte des millénaires obscurs' (Marseilles, 1990), pp. 90, 106 [462].",Spencer 1980 / Early Dynastic Objects,"On display (Room 64 - Early Egypt, Display Case 10)",,Named in inscription: Aha,Donated by: Egypt Exploration Fund,Excavated by: Egypt Exploration Fund,,,,Egypt and Sudan,EA35513,"1901,1012.13",
https://media.britishmuseum.org/media/Repository/Documents/2014_10/3_20/c440591b_3c17_4d24_9223_a3b901578b94/00226765_001.jpg,arrow-head (object name),No: Optional[EA35543],"Ivory arrowhead: of square section with a round tang, broken at the end. The tip is stained with red ochre and there is a ring of similar red staining at the base of the point, just above the start of the tang.; ",,1st Dynasty,,Excavated/Findspot: Tomb of Djer,ivory; ochre,carved; stained,0.60 centimetres;  6.60 centimetres; ,,"For similar objects, see W. M. F. Petrie,  'Royal Tombs of the Earliest Dynasties' II, pls.VIIA, 7; XXXII, 37: XXXVII, 15-17; XXXVIII. 5-7; XL, 12-13; XLI, 38-41; XLII, 67; XLIII, 5-8; xlw, 4-6; W. M. F. Petrie, 'Tombs of the courtiers and Oxyrhynkos' (London, 1925), pl. II, 7; W. M. F. Petrie, 'Tarkhan I and Memphis V' (London, 1913), pl.IX, 14-18; T. E. Peet in E. Naville (ed.), ‘The cemeteries of Abydos’ II (London, 1913), 33-4 and pl.X, 3; . J. E. Quibell, ‘Archaic Objects’ (Cairo, 1905), pl.XI, 6; W. B. Emery, ‘Excavations at Saqqara : the tomb of Hemaka' (Cairo, 1938), 46, type 5 and pl.21; W. B. Emery, 'Great tombs of the First Dynasty; excavations at Sakkara' I' (Cairo, 1949), 103, cat. no. 54; W. B. Emery, 'Great tombs of the First Dynasty; excavations at Sakkara' II' (London, 1954), 63-4 and pl.XXVII, 69-71; E. Amélineau, ‘Les Nouvelles Fouilles d’Abydos’ I, (1895-6), pl.XLI; ibid., vol. III (1897-8), pl.III; A. Scharff, ‘Die Altertümer der Vor – und Frühzeit Ägyptens’ I (Berlin, 1929-31), nos. 199-209 and pl.9; W. Wolf, 'Die bewaffnung des altägyptischen Heeres' (Leipzig, 1926) , 17-18 and pl.9, (9-13).
Bibliography:
W. M. F. Petrie,  'Royal Tombs of the Earliest Dynasties' II, 35, pl.XXXIV, 27-49 (examples).",Spencer 1980 / Early Dynastic Objects,"On display (Room 64 - Early Egypt, Display Case 10)",,,Donated by: Egypt Exploration Fund,Excavated by: Egypt Exploration Fund,,,,Egypt and Sudan,EA35543,"1901,1012.43",
https://media.britishmuseum.org/media/Repository/Documents/2014_10/3_19/3353f434_f172_4b79_a2b1_a3b90139f48e/00218796_001.jpg,cosmetic-palette-cover (object name),No: Optional[EA35512],"Rectangular cover for a mudstone palette: recessed on the underside. The top is very slightly convex and has a handle, now broken, in the approximate centre. On one end of the cover there is an incised inscription of Neitḥotep. Good condition.; ",,1st Dynasty,,Excavated/Findspot: Tomb of Djer,ivory,incised,8.60 centimetres;  0.80 centimetres;  4.00 centimetres; ,"Inscription type: inscription Inscription script: hieroglyphic Inscription translation: Neitḥotep Inscription note: Incised. For other inscribed objects of Neitḥotep, see See also P. Kaplony, 'Die Inschriften der Ägyptischen Frühzeit I (Wiesbaden, 1963), 588-92. The signs which accompany this name on this object, reading smʒ-nb.wy are taken by Kaplony to be a personal name ('Die Inschriften der Ägyptischen Frühzeit' I, 612-14), but have also been interpreted as a title. See H. G. Fischer, 'Journal of Egyptian Archaeology' 60 (1974), 94-9.; ","The object bears an excavator's mark which is originally written as O.2 but altered to O.3. See also 1901,1012.11.  
The recess was not intended for the palette to fit within the cover, as the mudstone palette found with this object does not do so (1901,1012.11). Probably the recess was made to allow some cosmetic to be kept on the palette when the cover was in place. For similar objects, see W. M. F. Petrie,  'Royal Tombs of the Earliest Dynasties' II, pls.VIA, 6; XXXII, 67; XXXIV, 23; XXXVIII, 2; W. M. F. Petrie, 'Gizeh and Rifeh' (Warminster, 1977), pls.IV, V, 10-12; E. Amélineau, ‘Les Nouvelles Fouilles d’Abydos’ III, (1897-8), pl.XV, 8; A. Scharff, ‘Die Altertümer der Vor – und Frühzeit Ägyptens  (Berlin, 1929-31), 11, no. 348 and pl.36; J. E. Quibell, 'Archaic Mastabas' (Cairo, 1923), pl.XI, 6; W. B. Emery, 'Great tombs of the First Dynasty; excavations at Sakkara' III (London, 1958), 84. no. 79 and pl.102, 79;Compare Z. Y. Saad, 'The excavations at Helwan art and civilization in the first and second Egyptian dynasties' (Norman, 1969) , pl.93; Z. Y. Saad, 'Royal Excavations at Helwan, 1945-7', pl.XXIVb.

Bibliography:
W. M. F. Petrie,  'Royal Tombs of the Earliest Dynasties' II, 20, 36, pl.II, 11, pl.XXXII, 67;
P. Kaplony, 'Die Inschriften der Ägyptischen Frühzeit I (Wiesbaden, 1963), 212;
P. Kaplony, 'Die Inschriften der Ägyptischen Frühzeit II (Wiesbaden, 1964), 910, n. 1230;
A. Roveri and F. Tiradritte [eds.], 'Kemet: Alle Sorgenti del Tempo' (Ravenna, 1998), p.240 [211].",Spencer 1980 / Early Dynastic Objects,"On display (Room 64 - Early Egypt, Display Case 10)",,Named in inscription: Neithotep,Donated by: Egypt Exploration Fund,Excavated by: Egypt Exploration Fund,,,,Egypt and Sudan,EA35512,"1901,1012.12",
https://media.britishmuseum.org/media/Repository/Documents/2014_10/3_19/83332ce2_e07c_4d1d_b14c_a3b9013a21e9/preview_00218755_001.jpg,jar-label (object name),No: Optional[EA35518],"Four fragments of an ebony label: joining to form two larger pieces. One side of the label is inscribed, and there was a perforation at the top right-hand corner for attachment. The upper part bears the remains of the incised serekh of Aḥa, opposite a scene showing boats and a religious sanctuary,  perhaps Temple of Neith at Sais. On the lower fragments are traces of another religious building, a row of boats and place names and the name of the type of oil to which the label referred, together with its quantity.; ",,1st Dynasty,,Excavated/Findspot: Abydos,ebony,perforated; incised,9.60 centimetres in total ; ,"Inscription type: inscription Inscription position: upper part Inscription script: hieroglyphic Inscription translation: Aḥa Inscription note: Incised. The remains of the incised serekh of Aḥa, opposite a scene showing boats and a religious sanctuary,  perhaps Temple of Neith at Sais.; Inscription type: inscription Inscription position: lower fragments Inscription script: hieroglyphic Inscription note: Incised. Traces of a religious building, a row of boats and place names and the name of the type of oil to which the label referred, together with its quantity. The oil is 'sṯỉ-Ḥr' and is accompanied by the numeral 300. See P. Kaplony, 'Die Inschriften der Ägyptischen Frühzeit I (Wiesbaden, 1963), 313.; ","The upper fragments are marked B.18 and the lower B.19.
A similar label, also from Abydos, completes the missing portions of this example, see Petrie, 'Royal Tombs of the Earliest Dynasties' II, pls. IIIA, 5; X, 2; H. Ranke, 'The Egyptian Collections of the University Museum Philadelphia' (1950), fig. 11; F. Legge, ‘Proceedings of the Society of Biblical Archaeology’ 29 (London,1907), pl. opp. p.24, no. 2; J. Vandier, 'Manuel d'Archeologie egyptienne', I, (2), 836-40 and fig. 560. The scenes on these two labels have been considered to refer to the visit of Aḥa to the temple of Neith at Sais. and to the creation of the ỉmy-wt symbol; see the discussions in the above references and also R. Weill, ‘Recherches sur la première dynastie et les temps prépharaoniques I (Cairo, 1961) , 157; R. Weill, ‘Recherches sur la première dynastie et les temps prépharaoniques II (Cairo, 1961), 1-5, 48-9: V. Vikentiev,  'Annales du Service des Antiquitiés de l'Égypte' 41 (1942), 285-7; P. Kaplony, 'Die Inschriften der Ägyptischen Frühzeit' II (Wiesbaden, 1964), 989, n. 1565; Sethe, 'Untersuchungen' III, 62; G. Jequier, ‘Bulletin de l’Institut Français d’Archéologie Orientale’ 6(Cairo, 1908), 27-31; W. S. Smith, 'History of Egyptian Sculpture and Painting in the Old Kingdom' (London, 1946), 120, no. 4.
Bibliography:
W. M. F. Petrie, 'Royal Tombs of the Earliest Dynasties' II, pls. IIIA, 6; XI, 2;
F. Legge, ‘Proceedings of the Society of Biblical Archaeology’ 29 (London, 1907), pl. opp. p.24, no. 3;
P. Kaplony, 'Die Inschriften der Ägyptischen Frühzeit' II (Wiesbaden, 1964), 981, n. 1552 - ‘ḥʒ b 2.",Spencer 1980 / Early Dynastic Objects,"On display (Room 64 - Early Egypt, Display Case 9)",,Named in inscription: Aha,Donated by: Egypt Exploration Fund,Excavated by: Egypt Exploration Fund,,,,Egypt and Sudan,EA35518,"1901,1012.18",
https://media.britishmuseum.org/media/Repository/Documents/2014_10/3_19/41cc2083_5834_4854_abff_a3b90139c105/preview_00218778_001.jpg,label (object name),No: Optional[EA35525],"Rectangular ebony label: pierced top right-hand corner. The front surface is incised with a design showing a tower with a crenellated top, almost certainly a representation of a  game-piece, with faint traces of black paint in the outlines and red paint in the carving of the internal details. The top right-hand corner of the label has been broken and repaired.; ",,1st Dynasty,,Excavated/Findspot: Tomb of Djer,ebony,incised; painted; pierced,4.10 centimetres;  4.80 centimetres; ,,"Almost certainly a picture of a gaming-piece. See P. Montet, 'Kêmi' 8 (1946), 191 and pl.VIII; E. Amélineau, ‘Les Nouvelles Fouilles d’Abydos’ III, (1897-8), pl.XV, 3 = A. Scharff, ‘Die Altertümer der Vor – und Frühzeit Ägyptens II (Berlin, 1929-31), no. 279.
Bibliography:
W. M. F. Petrie, 'Royal Tombs of the Earliest Dynasties' II, 22, pl. V ,10;
P. E. Newberry, ‘Proceedings of the Society of Biblical Archaeology’ 34 (London, 1912), pl. XXXI, 4;
J. Vandier, 'Manuel d'Archeologie egyptienne', I, (2), 844 and fig. 564
P. Kaplony, 'Die Inschriften der Ägyptischen Frühzeit' I (Wiesbaden, 1963), 342.",Spencer 1980 / Early Dynastic Objects,"On display (Room 64 - Early Egypt, Display Case 10)",,,Donated by: Egypt Exploration Fund,Excavated by: Egypt Exploration Fund,,,,Egypt and Sudan,EA35525,"1901,1012.25",
https://media.britishmuseum.org/media/Repository/Documents/2014_10/3_19/9b8cd88f_4492_44fa_a8e2_a3b9013a209d/00218754_001.jpg,label (object name),No: Optional[EA35517],"A small ivory label with a hole in the top left-hand corner for attachment. The front surface bears an incised inscription. Good condition, repaired from two fragments.; ",,1st Dynasty,,Excavated/Findspot: Abydos,ivory,pierced; incised,1.50 centimetres;  1.30 centimetres; ,Inscription type: inscription Inscription script: hieroglyphic Inscription note: Incised.  Consists of a figure of a bird above the hieroglyph for a canal.; ,"Bibliography:
W. M. F. Petrie, 'Royal Tombs of the Earliest Dynasties' II, pl. III, 10;
P. Kaplony, 'Die Inschriften der Ägyptischen Frühzeit II (Wiesbaden, 1964), 902, n. 1185.",Spencer 1980 / Early Dynastic Objects,"On display (Room 64 - Early Egypt, Display Case 9)",,,Donated by: Egypt Exploration Fund,Excavated by: Egypt Exploration Fund,,,,Egypt and Sudan,EA35517,"1901,1012.17",
https://media.britishmuseum.org/media/Repository/Documents/2014_10/3_19/0d912554_f01b_4be1_bca3_a3b9013a1f18/preview_00218753_001.jpg,label (object name),No: Optional[EA35516],A small square label of pale ivory: pierced in one corner for attachment to some object. One side bears an incised hieroglyph.; ,,1st Dynasty,,Excavated/Findspot: Abydos,ivory,pierced; incised,1.70 centimetres;  1.70 centimetres max ; ,"Inscription type: inscription Inscription script: hieroglyphic Inscription note: Incised hieroglyph for the numeral 100, referring to the quantity of some item of burial equipment. Such labels are known to have been used to refer toquantities of oil or the number of beads on a necklace, see Petrie, 'Royal Tombs of the Earliest Dynasties' II, pl. III, 14, 16; De Morgan, ‘Recherches sur les Origines de l’Égypte' II , 167, figs. 550-5; P. Kaplony, 'Die Inschriften der Ägyptischen Frühzeit II' (Wiesbaden, 1964), 902, n. 1185.; ","Bibliography:
W. M. F. Petrie, 'Royal Tombs of the Earliest Dynasties' II, pl. III, 9.",Spencer 1980 / Early Dynastic Objects,"On display (Room 64 - Early Egypt, Display Case 9)",,,Donated by: Egypt Exploration Fund,Excavated by: Egypt Exploration Fund,,,,Egypt and Sudan,EA35516,"1901,1012.16",
https://media.britishmuseum.org/media/Repository/Documents/2014_10/3_20/438a4b14_cc27_468f_942a_a3b901577eb1/00226757_001.jpg,arrow-head (object name),No: Optional[EA35537],Ivory arrowhead of circular section: tapering at one end to the point and at the other to a short circular tang for fixing to the shaft.; ,,1st Dynasty,,Excavated/Findspot: Tomb of Djer,ivory,carved,0.35 centimetres max ;  7.10 centimetres; ,,"For similar objects, see W. M. F. Petrie,  'Royal Tombs of the Earliest Dynasties' II, pls.VIIA, 7; XXXII, 37: XXXVII, 15-17; XXXVIII. 5-7; XL, 12-13; XLI, 38-41; XLII, 67; XLIII, 5-8; xlw, 4-6; W. M. F. Petrie, 'Tombs of the courtiers and Oxyrhynkos' (London, 1925), pl. II, 7; W. M. F. Petrie, 'Tarkhan I and Memphis V' (London, 1913), pl.IX, 14-18; T. E. Peet in E. Naville (ed.), ‘The cemeteries of Abydos’ II (London, 1913), 33-4 and pl.X, 3; . J. E. Quibell, ‘Archaic Objects’ (Cairo, 1905), pl.XI, 6; W. B. Emery, ‘Excavations at Saqqara : the tomb of Hemaka' (Cairo, 1938), 46, type 5 and pl.21; W. B. Emery, 'Great tombs of the First Dynasty; excavations at Sakkara' I' (Cairo, 1949), 103, cat. no. 54; W. B. Emery, 'Great tombs of the First Dynasty; excavations at Sakkara' II' (London, 1954), 63-4 and pl.XXVII, 69-71; E. Amélineau, ‘Les Nouvelles Fouilles d’Abydos’ I, (1895-6), pl.XLI; ibid., vol. III (1897-8), pl.III; A. Scharff, ‘Die Altertümer der Vor – und Frühzeit Ägyptens’ I (Berlin, 1929-31), nos. 199-209 and pl.9; W. Wolf, 'Die bewaffnung des altägyptischen Heeres' (Leipzig, 1926) , 17-18 and pl.9, (9-13).
Bibliography:
W. M. F. Petrie,  'Royal Tombs of the Earliest Dynasties' II, 35, pl.XXXIV, 27-49 (examples).",Spencer 1980 / Early Dynastic Objects,"On display (Room 64 - Early Egypt, Display Case 10)",,,Donated by: Egypt Exploration Fund,Excavated by: Sir William Matthew Flinders Petrie;  Excavated by: Egypt Exploration Fund,,,,Egypt and Sudan,EA35537,"1901,1012.37",
https://media.britishmuseum.org/media/Repository/Documents/2014_10/5_1/087448e3_1fc6_40e1_8d66_a3bb001bd82b/preview_00285953_001.jpg,vase (object name),No: Optional[EA35297],"Grey and white striated crystalline marble tall shouldered vase: with flat base and convex body with two horizontally pierced tubular handles and a broad flat-topped rim, the outer surface of the handles is concave, interior well hollowed, this vase has clearly been made with exceptional care.; ",,1st Dynasty; 2nd Dynasty,,Found/Acquired: Egypt,marble,pierced,9.40 centimetres max;base ;  14.20 centimetres max;rim ;  34.20 centimetres max ; ,,"Bibliography:
J.H. Taylor and N.C. Strudwick, Mummies: Death and the Afterlife in Ancient Egypt. Treasures from The British Museum, Santa Ana and London 2005, p. 173, pl. on p. 173.",Spencer 1980 / Early Dynastic Objects; Taylor & Strudwick 2005 / Mummies: Death and the Afterlife in Ancient Egypt,"On display (Room 64 - Early Egypt, Display Case 12)",,,Purchased from: R J Moss & Co,,,,,Egypt and Sudan,EA35297,"1901,0608.29",
https://media.britishmuseum.org/media/Repository/Documents/2014_10/3_20/b99a0e45_62d2_45ef_b26f_a3b9015783dd/00226762_001.jpg,arrow-head (object name),No: Optional[EA35541],Ivory arrowhead of circular section: tapering at one end to the point and at the other to a short circular tang for fixing to the shaft.; ,,1st Dynasty,,Excavated/Findspot: Tomb of Djer,ivory,carved,0.40 centimetres max ;  6.80 centimetres; ,,"For similar objects, see W. M. F. Petrie,  'Royal Tombs of the Earliest Dynasties' II, pls.VIIA, 7; XXXII, 37: XXXVII, 15-17; XXXVIII. 5-7; XL, 12-13; XLI, 38-41; XLII, 67; XLIII, 5-8; xlw, 4-6; W. M. F. Petrie, 'Tombs of the courtiers and Oxyrhynkos' (London, 1925), pl. II, 7; W. M. F. Petrie, 'Tarkhan I and Memphis V' (London, 1913), pl.IX, 14-18; T. E. Peet in E. Naville (ed.), ‘The cemeteries of Abydos’ II (London, 1913), 33-4 and pl.X, 3; . J. E. Quibell, ‘Archaic Objects’ (Cairo, 1905), pl.XI, 6; W. B. Emery, ‘Excavations at Saqqara : the tomb of Hemaka' (Cairo, 1938), 46, type 5 and pl.21; W. B. Emery, 'Great tombs of the First Dynasty; excavations at Sakkara' I' (Cairo, 1949), 103, cat. no. 54; W. B. Emery, 'Great tombs of the First Dynasty; excavations at Sakkara' II' (London, 1954), 63-4 and pl.XXVII, 69-71; E. Amélineau, ‘Les Nouvelles Fouilles d’Abydos’ I, (1895-6), pl.XLI; ibid., vol. III (1897-8), pl.III; A. Scharff, ‘Die Altertümer der Vor – und Frühzeit Ägyptens’ I (Berlin, 1929-31), nos. 199-209 and pl.9; W. Wolf, 'Die bewaffnung des altägyptischen Heeres' (Leipzig, 1926) , 17-18 and pl.9, (9-13).
Bibliography:
W. M. F. Petrie,  'Royal Tombs of the Earliest Dynasties' II, 35, pl.XXXIV, 27-49 (examples).",Spencer 1980 / Early Dynastic Objects,"On display (Room 64 - Early Egypt, Display Case 10)",,,Donated by: Egypt Exploration Fund,Excavated by: Sir William Matthew Flinders Petrie;  Excavated by: Egypt Exploration Fund,,,,Egypt and Sudan,EA35541,"1901,1012.41",
https://media.britishmuseum.org/media/Repository/Documents/2026_7/14_11/64edda97_c1a2_4da2_a1da_b48700b9a106/preview_EA62403.jpg,bowl (object name),No: Optional[EA62403],"Flat-based bowl of red pottery: with a darker red slip on all surfaces. On the interior, this slip has been pebble-burnished in vertical stripes. The sides turn inwards to a plain rim. Good condition.; ",,1st Dynasty,,Excavated/Findspot: Mostagedda,pottery,burnished; slipped,7.00 centimetres base ;  22.80 centimetres rim ;  23.70 centimetres;  6.80 centimetres; ,,"Bibliography:
G. Brunton, ‘Mostagedda and the Tasian Culture’, (London, 1937), 93 and pl. XXXI.",Spencer 1980 / Early Dynastic Objects,"On display (Room 64 - Early Egypt, Display Case 8)",,,,Excavated by: Guy Brunton;  Excavated by: The British Museum,,,Excavated 1928-1930 by the British Museum Expedition to Middle Egypt.,Egypt and Sudan,EA62403,"1929,1015.403",
https://media.britishmuseum.org/media/Repository/Documents/2014_10/3_19/04fdb886_a38e_4bd1_860c_a3b901397ba9/preview_00218515_001.jpg,jar-sealing (object name),No: Optional[EA32671],"A hemispherical jar-seal: of brown clay with an impressed inscription around the side and two more crossing at right angles over the top.The surface of the clay is in good condition, although rather worn.; ",,1st Dynasty,,Excavated/Findspot: Tomb of Qaa,clay,,26.50 centimetres base ;  16.30 centimetres; ,Inscription type: inscription Inscription position: side Inscription script: hieroglyphic Inscription transliteration: ḫrp ḥrỉ-ỉb pr dšr Inscription translation: Qaa with title (transliterated). Inscription note: Impressed.; Inscription type: inscription Inscription position: top surface Inscription script: hieroglyphic Inscription transliteration: ḥrỉ wḏʒ Ḥr nb ht. Inscription translation: Qaa and the title (transliterated). Inscription note: Two impressions.; ,"Bibliography:
W. M. F. Petrie, 'Royal Tombs of the Earliest Dynasties' I, pl.XXIX, 83;
P. Kaplony, 'Die Inschriften der Ägyptischen Frühzeit III (Wiesbaden, 1964), pls.58, abb.209; see also vols. I, 145 and II, 825, n.829; 1120, 1130.",Spencer 1980 / Early Dynastic Objects,"On display (Room 64 - Early Egypt, Display Case 9)",,Named in inscription: Qaa,Donated by: Egypt Exploration Fund,Excavated by: Egypt Exploration Fund,,,,Egypt and Sudan,EA32671,"1900,1015.33",
https://media.britishmuseum.org/media/Repository/Documents/2014_10/3_17/b1e0c28f_5a47_4dc2_b79c_a3b90121f68c/preview_00212321_001.jpg,bowl (object name),No: Optional[EA49278],Part of the rim of a bowl of glassy rock-crystal: with an incised inscription on the outer surface. Under this inscription there is an earlier one in palimpsest.; ,,1st Dynasty,,Excavated/Findspot: Umm el-Qaab (Abydos),rock crystal,incised,5.60 centimetres;  6.50 centimetres; ,"Inscription type: inscription Inscription position: one face Inscription script: hieroglyphic Inscription translation: The names Semti, Irynetjer (preceded by the 'nebty' title), and Merpabia (written in palimpsest). Inscription note: Incised. The name Merpabia has also been erased and replaced by the name Irynetjer on a similar vase-fragment found by E. Amélineau,‘Les Nouvelles Fouilles d’Abydos’ I (1895-6), 95-6 and pl.xLII. Both this and the British Museum fragment must have originally belonged to vases with a longer inscription, giving the names Semti, Merpabia, Irynetjer and Qaa, which occurs on three vases from the Djoser pyramid. (P. Lacau & J. P . Lauer, 'Pyramide à degrees IV, fasc. 1; pl.4; fasc. 2, 9-11). Similar inscriptions have been published by P. Kaplony ‘Beschriftete Kleinfunde in der Sammlung Georges Michailidis Ergebnisse einer Bestandsaufnahme im Sommer 1968’ (Istanbul, 1973) , 6, no. 25 and P. Kaplony, ‘Steingefässe mit Inschriften der Frühzeit und des Alten Reiches (Monumenta Aegyptiaca I)’ (Brussels, 1968), 20, no. 9.; ","Bibliography: 
E. Naville, 'The Cemeteries of Abydos' I (London, 1913), 35 and pls.VIII (lower right), XIV, 1; 
F. Legge, ‘Proceedings of the Society of Biblical Archaeology’ 32 (London, 1910), pl.XXXII, 10; 
R. Weill, R. Weill, ‘Recherches sur la première dynastie et les temps prépharaoniques (Cairo, 1961) II, 150.",Spencer 1980 / Early Dynastic Objects,"On display (Room 64 - Early Egypt, Display Case 10)",,Named in inscription: Den,Donated by: Egypt Exploration Fund,Excavated by: Egypt Exploration Fund,,,,Egypt and Sudan,EA49278,"1910,1008.1",
https://media.britishmuseum.org/media/Repository/Documents/2014_10/3_21/5f7a97bf_eedf_4e76_bb61_a3b9015b163d/preview_00227571_001.jpg,mace (object name),No: Optional[EA32089],"A pear shaped mace-head of red breccia: with a carefully polished surface. The vertical perforation bears the marks of rotary drilling, carried out in one direction from the bottom to the top.; ",,Naqada III; 1st Dynasty,,Found/Acquired: Egypt,breccia,drilled; polished,6.30 centimetres max ;  6.90 centimetres; ,,"Nicholson and Shaw, Ancient Egyptian Materials and Technology (Cambridge 2000), p. 43",Spencer 1980 / Early Dynastic Objects,"On display (Room 64 - Early Egypt, Display Case 6)",,,Purchased from: R J Moss & Co,,,,,Egypt and Sudan,EA32089,"1899,1016.1102",
https://media.britishmuseum.org/media/Repository/Documents/2026_7/14_11/a39cb840_6d9f_4589_a823_b48700b991ba/preview_EA36356.jpg,vase (object name),No: Optional[EA36356],"Vase of green malachite: with a rounded, lenticular body and two small handles, both pierced vertically and covered with a rectangular plate of gold. The narrow mouth is surrounded by a rounded rim. The interior is moderately well hollowed. Rim chipped in places.; ",,1st Dynasty,,Found/Acquired: Egypt,malachite; gold,gold-plated (handles only); pierced,2.80 centimetres rim ;  5.60 centimetres max ;  3.56 centimetres max ;  5.01 centimetres max ; ,,"Nicholson and Shaw, Ancient Egyptian Materials and Technology (Cambridge 2000), p. 44",Spencer 1980 / Early Dynastic Objects,"On display (Room 64 - Early Egypt, Display Case 10)",,,Purchased through: Rev Chauncey Murch;  Purchased from: Mohammed Mohassib,,,,,Egypt and Sudan,EA36356,"1902,0412.56",
https://media.britishmuseum.org/media/Repository/Documents/2026_7/14_11/cd6c8cf7_3dcb_40b5_9b46_b48700b99259/preview_EA36359.jpg,bowl (object name),No: Optional[EA36359],Bowl of white limestone with darker veining: with a flat base and convex sides. The rim is plain and the interior of the base is smoothly rounded.; ,,1st Dynasty; 2nd Dynasty,,Found/Acquired: Egypt,limestone,,4.00 centimetres base ;  12.90 centimetres rim ;  8.80 centimetres; ,,,Spencer 1980 / Early Dynastic Objects,"On display (Room 64 - Early Egypt, Display Case 8)",,,Purchased through: Rev Chauncey Murch;  Purchased from: Mohammed Mohassib,,,,,Egypt and Sudan,EA36359,"1902,0412.59",
https://media.britishmuseum.org/media/Repository/Documents/2014_10/3_20/ad900e4e_8d05_45c7_86c7_a3b901577c43/00226755_001.jpg,arrow-head (object name),No: Optional[EA35535],Ivory arrowhead of circular section: tapering at one end to the point and at the other to a short circular tang for fixing to the shaft.; ,,1st Dynasty,,Excavated/Findspot: Tomb of Djer,ivory,carved,0.40 centimetres max ;  6.40 centimetres; ,,"For similar objects, see W. M. F. Petrie,  'Royal Tombs of the Earliest Dynasties' II, pls.VIIA, 7; XXXII, 37: XXXVII, 15-17; XXXVIII. 5-7; XL, 12-13; XLI, 38-41; XLII, 67; XLIII, 5-8; xlw, 4-6; W. M. F. Petrie, 'Tombs of the courtiers and Oxyrhynkos' (London, 1925), pl. II, 7; W. M. F. Petrie, 'Tarkhan I and Memphis V' (London, 1913), pl.IX, 14-18; T. E. Peet in E. Naville (ed.), ‘The cemeteries of Abydos’ II (London, 1913), 33-4 and pl.X, 3; . J. E. Quibell, ‘Archaic Objects’ (Cairo, 1905), pl.XI, 6; W. B. Emery, ‘Excavations at Saqqara : the tomb of Hemaka' (Cairo, 1938), 46, type 5 and pl.21; W. B. Emery, 'Great tombs of the First Dynasty; excavations at Sakkara' I' (Cairo, 1949), 103, cat. no. 54; W. B. Emery, 'Great tombs of the First Dynasty; excavations at Sakkara' II' (London, 1954), 63-4 and pl.XXVII, 69-71; E. Amélineau, ‘Les Nouvelles Fouilles d’Abydos’ I, (1895-6), pl.XLI; ibid., vol. III (1897-8), pl.III; A. Scharff, ‘Die Altertümer der Vor – und Frühzeit Ägyptens’ I (Berlin, 1929-31), nos. 199-209 and pl.9; W. Wolf, 'Die bewaffnung des altägyptischen Heeres' (Leipzig, 1926) , 17-18 and pl.9, (9-13).
Bibliography:
W. M. F. Petrie,  'Royal Tombs of the Earliest Dynasties' II, 35, pl.XXXIV, 27-49 (examples).",Spencer 1980 / Early Dynastic Objects,"On display (Room 64 - Early Egypt, Display Case 10)",,,Donated by: Egypt Exploration Fund,Excavated by: Sir William Matthew Flinders Petrie;  Excavated by: Egypt Exploration Fund,,,,Egypt and Sudan,EA35535,"1901,1012.35",
https://media.britishmuseum.org/media/Repository/Documents/2014_10/3_21/faf87eec_7a95_4248_858b_a3b901603cfe/preview_00229235_001.jpg,arrow-head (object name),No: Optional[EA68750],"Bifacial tanged arrowhead: of translucent white flint, oval in section with sharp edges. Carefully pressure-flaked.; ",,1st Dynasty,,Excavated/Findspot: Umm el-Qaab (Abydos),flint,flaked,4.70 centimetres;  0.30 centimetres;  0.90 centimetres max ; ,,"Bibliography:
W. M. F. Petrie, 'Royal Tombs of the Earliest Dynasties' II, 35, see 22, pl.IV, 14, bottom row, third from right.",Spencer 1980 / Early Dynastic Objects,"On display (Room 64 - Early Egypt, Display Case 10)",,,Donated by: Egypt Exploration Fund,Excavated by: Egypt Exploration Fund,,,,Egypt and Sudan,EA68750,"1901,1028.13",
https://media.britishmuseum.org/media/Repository/Documents/2026_7/14_11/4136f5d9_4b06_415e_82e7_b48700b99137/preview_EA36336.jpg,vase (object name),No: Optional[EA36336],"Miniature basalt vase: with a small flat base and rounded rim, with wavy ledge-handles on sides, each pierced vertically by two holes. The area just below the rim exhibits a band of unpolished stone where a strip of gold-plating has been removed.; ",,1st Dynasty,,Excavated/Findspot: Abydos (?),basalt; gold (?),pierced; gilded (?); polished,5.60 centimetres;  3.30 centimetres;  2.90 centimetres; ,,,Spencer 1980 / Early Dynastic Objects,"On display (Room 64 - Early Egypt, Display Case 10)",,,Purchased from: Mohammed Mohassib,,,,,Egypt and Sudan,EA36336,"1902,0412.36",
https://media.britishmuseum.org/media/Repository/Documents/2014_10/3_21/b315243e_670e_4c00_80a1_a3b9015fe05d/preview_00229244_001.jpg,arrow-head (object name),No: Optional[EA68755],"Bifacial tanged arrowhead: of transparent rock crystal, oval in section with sharp edges. More roughly flaked than the flint arrowheads from the same tomb.; ",,1st Dynasty,,Excavated/Findspot: Tomb of Djer,rock crystal,flaked,5.10 centimetres;  0.30 centimetres;  1.00 centimetres max ; ,,"Bibliography:
W. M. F. Petrie, 'Royal Tombs of the Earliest Dynasties' II, 23, pl.VI, 9",Spencer 1980 / Early Dynastic Objects,"On display (Room 64 - Early Egypt, Display Case 10)",,,Donated by: Egypt Exploration Fund,Excavated by: Egypt Exploration Fund,,,,Egypt and Sudan,EA68755,"1901,1028.18",
https://media.britishmuseum.org/media/Repository/Documents/2014_10/3_21/9aa979ca_8b1e_4bbd_98b5_a3b901600520/preview_00229257_001.jpg,scraper (object name),No: Optional[EA68760],Rectangular double-end scraper: with each end carefully sharpened. The cutting edges of this scraper are distinctly convex.; ,,1st Dynasty,,Excavated/Findspot: Tomb of Djer,flint,flaked,6.90 centimetres;  3.20 centimetres max ; ,,"Bibliography:
W. M. F. Petrie, 'Abydos' I (London, 1902), 8, pl.XIV, group marked O.",Spencer 1980 / Early Dynastic Objects,"On display (Room 64 - Early Egypt, Display Case 10)",,,Donated by: Egypt Exploration Fund,Excavated by: Egypt Exploration Fund,,,,Egypt and Sudan,EA68760,"1901,1028.23",
https://media.britishmuseum.org/media/Repository/Documents/2026_7/15_15/e63b9333_0956_4e79_836e_b48800f77f23/preview_EA38052.jpg,ring (object name); bangle (object name),No: Optional[EA38052],"A ring of grey slate: rather irregularly worked, and oval in section. It has a rounded outer face and inner face sloping strongly from upper to lower edge.; ",,2nd Dynasty; 1st Dynasty,,Found/Acquired: Temple of Osiris-Khentimentu (Abydos),slate,,4.10 centimetres;  0.50 centimetres; ,,"Bibliography:
W. M. F. Petrie, 'Abydos' II (London, 1902-4), pl. VIII, 147. Compare similar rings illustrated there.",Andrews 1981 / Catalogue of Egyptian Antiquities. Jewellery I; Spencer 1980 / Early Dynastic Objects,"On display (Room 64 - Early Egypt, Display Case 7)",,,Donated by: Egypt Exploration Fund,Excavated by: Egypt Exploration Fund,,,,Egypt and Sudan,EA38052,"1903,1010.44",
https://media.britishmuseum.org/media/Repository/Documents/2014_10/6_13/0042035b_128c_48ba_941c_a3bc00e0883e/preview_00420002_001.jpg,adze (object name),No: Optional[EA59223],"A large adze-blade of copper: with slightly concave sides expanding from the top to the edge. The front of the blade has a curved ridge for added strength, just below the middle. The butt is square, with one corner bent over, and the cutting edge is slightly convex. The surfaces of the metal are partially covered by stable corrosion products.; ",,1st Dynasty,,Found/Acquired: Egypt,copper,,25.00 centimetres;  439.40 grammes;  0.70 centimetres;  9.50 centimetres; ,,"The form of this blade, with the strengthening ridge, is paralleled by a number of adzes of First Dynasty date. See W. M. F. Petrie, 'Tarkhan I and Memphis V' (London, 1913), pls.V, 26; VI, 7; W. M. F. Petrie, 'Tarkhan' II (London, 1914),  pl.III, 7; W. M. F. Petrie, 'Tools and weapons : illustrated by the Egyptian collection in University College, London' (London, 1917), pl.XVI, 66; W. B. Emery, 'Great tombs of the First Dynasty; excavations at Sakkara' I' (Cairo, 1949), 38, fig. 21, type 3 and pl.10B.",Spencer 1980 / Early Dynastic Objects,"On display (Room 64 - Early Egypt, Display Case 12)",,,Purchased from: Mohammed Mohassib,,,,,Egypt and Sudan,EA59223,"1929,0511.1",
https://media.britishmuseum.org/media/Repository/Documents/2014_11/5_14/d8ff3b6f_df4a_4210_8196_a3da00f06c7d/preview_01211626_001.jpg,game-piece (object name),No: Optional[EA52920],"A figure of a crouching lion in ivory: intended for use as a gaming-piece, originally carved with great detail but now in rather poor condition. The front paws are missing, as is the side of the head, and the surface of the ivory has decayed. The features still visible include the eyes and details of the mane, as well as the slightly open mouth, in which the teeth are delineated. The detail is only preserved in a small area beneath the chin and also beside the surviving ear. The underside of the lion is worn smooth from use.; ",,1st Dynasty,,Excavated/Findspot: Abydos,ivory,carved,3.60 centimetres;  6.40 centimetres;  0.037 kilograms;  2.60 centimetres; ,,"For examples of similar Early Dynastic objects, see U. Schweitzer, 'Löwe und Sphinx in Alten Ägypten' (1948), 12—3; W. M. F. Petrie, 'Royal Tombs of the Earliest Dynasties' II, pl. VI. 3; W. M. F. Petrie, 'Abydos' II (London, 1902), pl. III, 23—9: W. M. F. Petrie, 'Tombs of the courtiers and Oxyrhynkos' (London, 1925), pl. VII, 1—5, 13; T. E. Peet in E. Naville (ed.) 'Cemeteries of Abydos' II (London, 1913), pl. X, 1;  J. de Morgan, ‘Recherches sur les Origines de l’Égypte II (Paris, 1896-7), 192. fig. 699; J. E. Quibell, ‘Archaic Objects’ (Cairo, 1905), no. 14040: P. Montet, 'Kêmi' 8 (1946). pls.VII—VIII; W. B. Emery, 'Great tombs of the First Dynasty; excavations at Sakkara' II' (London, 1954), 58 and pl. XXIX, 233C; Z. Y. Saad, 'The excavations at Helwan art and civilization in the first and second Egyptian dynasties' (Norman, 1969), pl.49; A. Scharif, 'Abusir-el-Meleq' I, p1.39 (439); A. Scarff, 'Die Altertümer der Vor- und Frühzeit' II (Berlin, 1929-31), no. 11  and pl.17; E. Amélineau, ‘Les Nouvelles Fouilles d’Abydos’ I, (1895-6), pl.XXXI; W. C. Hayes, 'The scepter of Egypt : a background for the study of the Egyptian antiquities in the Metropolitan Museum of Art' I (Cambridge, Mass,  1953), 45, fig. 35; G. Dreyer, 'Mitteilungen der Deutschen Archäologischen Instituts Abteilung Kairo' 32 (Wiesbaden, 1976), 86, VIII (b) and pl. 25d.
Bibliography:
T. E. Peet in E. Naville (ed.) 'Cemeteries of Abydos' II (London, 1913), 33 and pl. X, I, lower left;
U. Schweitzer, 'Löwe und Sphinx in Alten Ägypten' (1948), 12.
Nicholson and Shaw, Ancient Egyptian Materials and Technology (Cambridge 2000), p. 324",Spencer 1980 / Early Dynastic Objects,"On display (Room 64 - Early Egypt, Display Case 10)",,,Donated by: Egypt Exploration Fund,Excavated by: Egypt Exploration Fund,,,,Egypt and Sudan,EA52920,"1913,1011.34",
https://media.britishmuseum.org/media/Repository/Documents/2014_10/3_19/24967079_5e24_47db_89e9_a3b90139a2bf/preview_00218761_001.jpg,label (object name),No: Optional[EA55588],"A square label: perforated at the top right-hand corner for attachment. The front surface bears an incised hieroglyphic inscription. This label has been repaired from two fragments and is slightly curved, although its shape has probably been distorted with age.; ",,1st Dynasty,,Excavated/Findspot: Naqada,ivory,perforated; incised,2.30 centimetres;  2.20 centimetres; ,"Inscription type: inscription Inscription position: both sides Inscription script: hieroglyphic Inscription translation: 1400 Inscription note: Incised. Hieroglyphs recording the number of beads on a necklace. Cf. J. de Morgan, ‘Recherches sur les Origines de l’Égypte' II, 167, figs. 550-5.; Inscription type: inscription Inscription position: reverse Inscription script: hieroglyphic Inscription transliteration: Rḫyt Inscription translation: Rekhyt Inscription note: Incised. See P. Kaplony, 'Die Inschriften der Ägyptischen Frühzeit I (Wiesbaden, 1963), 341-2, 558-61.; ","Bibliography:
'Macgregor Sale Catalogue (1922)', 676c;
P. E. Newberry, ‘Proceedings of the Society of Biblical Archaeology’ 34 (London, 1912), pl. XXXI, 2;
J. Garstang, Zeitschrift für Ägyptische Sprache und Altertumskunde 42 (Leipzig and Berlin, 1905), 63.",Spencer 1980 / Early Dynastic Objects,"On display (Room 64 - Early Egypt, Display Case 9)",,,Purchased through: Sotheby's;  Purchased from: Rev William MacGregor,Excavated by: Prof John Garstang,,Lot 676c at sale.,,Egypt and Sudan,EA55588,"1922,0708.4",
https://media.britishmuseum.org/media/Repository/Documents/2014_10/3_21/e50fc01b_88db_44e0_a0e0_a3b9015b2414/00227683_001.jpg,model (object name); vase (object name),No: Optional[EA38016],"A glazed composition model of a pottery vase closed with a mud seal: the vase is conical, the sides converging to a pointed base. Originally glazed green, but the glaze has considerably decayed to white and has flaked off in places. The top of the object is slightly broken.; ",,1st Dynasty; 2nd Dynasty,,Excavated/Findspot: Temple of Osiris-Khentimentu (Abydos),glazed composition,glazed,2.80 centimetres;  4.00 centimetres; ,,"Bibliography:
W. M. F. Petrie, 'Abydos' II (London, 1902-4), 26 and pl. VII, 127.",Spencer 1980 / Early Dynastic Objects,"On display (Room 64 - Early Egypt, Display Case 7)",,,Donated by: Egypt Exploration Fund,Excavated by: Egypt Exploration Fund,,,,Egypt and Sudan,EA38016,"1903,1010.8",
,amulet (object name); inlay (object name),No: Optional[EA35526],"A small piece of gold casing: probably intended as an amulet or to hold an inlay of some other material. The object is made from two pieces of thin gold, beaten together into a curved hollow bar, open at the front; at each end of the bar the metal has been rounded off so as to bring the opposite sides together.; ",,1st Dynasty,,Excavated/Findspot: Tomb of Djer,gold,inlaid (?),3.20 centimetres;  0.20 centimetres;  0.60 centimetres; ,,"This object is very similar to the gold horns on a 'Bat' amulet from Abydos; Cairo JE 28169 (Cf. C. Aldred, ‘Jewels of the Pharaohs’ (London, 1971), pl. 25; A. Wilkinson, 'Ancient Egyptian Jewellery' (London, 1971), pl. 1A; XIXA, B). Representations of the 'Bat' worn as a girdle pendant occur as early as the reign of Narmer, but no example has been found in excavations. See A. Wilkinson, 'Ancient Egyptian Jewellery' (London, 1971), 21.
Also from this tomb: bracelet bead (1901,1012.28).
Bibliography:
W. M. F. Petrie, 'Royal Tombs of the Earliest Dynasties' II (London, 1901), 24, 36, pl.VIA, 19;
B. Porter & R. Moss, 'Topographical Bibliography of Ancient Egyptian Hieroglyphic Texts, Reliefs and Paintings' V (Oxford: Clarendon Press), 78.",Andrews 1981 / Catalogue of Egyptian Antiquities. Jewellery I; Spencer 1980 / Early Dynastic Objects,Not on display,,,Donated by: Egypt Exploration Fund,Excavated by: Egypt Exploration Fund,,,,Egypt and Sudan,EA35526,"1901,1012.26",
https://media.britishmuseum.org/media/Repository/Documents/2026_1/6_10/59ac0926_3c3b_4a4e_aef0_b3ca00a56c8b/preview_EA68146.jpg,inlay (object name),No: Optional[EA68146],"A small fragment of blue-grey limestone: of unknown function, marked with a number of incised cuts.; ",,1st Dynasty,,Excavated/Findspot: Saqqara (Memphis),limestone,dyed (?); incised,2.70 centimetres;  0.70 centimetres max ;  1.40 centimetres; ,,"This object is known to come from W. E. Emery's excavations in the First Dynasty cemetery, but the particular tomb in which it was found is not recorded.",Spencer 1980 / Early Dynastic Objects,Not on display,,,Donated by: Egypt Exploration Society,Excavated by: Prof Walter B Emery,,,,Egypt and Sudan,EA68146,"1971,0227.80",
https://media.britishmuseum.org/media/Repository/Documents/2014_11/5_16/f290b25f_63ba_408f_990e_a3da01093278/preview_01213305_001.jpg,inlay (object name),No: Optional[EA32652],"A piece of ivory inlay: decorated on the face with vertical ribbing, broken off at the base. The back is cut into a dovetail tenon for secure fixing. One edge is rebated so that the decorated face extends beyond the rear of the tile, and the opposite edge is cut in the reverse manner, with the carved face inset, probably to allow a series of such pieces to be fitted together with overlapped joints.; ",,1st Dynasty,,Excavated/Findspot: Tomb of Den,elephant ivory,cut,4.50 centimetres;  1.00 centimetres;  4.20 centimetres; ,,"Compare with W. M. F. Petrie,  'Royal Tombs of the Earliest Dynasties' II, pl. XL, 87; without rebated edge. Also pl. XLIV, 21. Also volume I, pl. XXXVII, 79. 
Bibliography:
W. M. F. Petrie,  'Royal Tombs of the Earliest Dynasties' II, pl. XL, 86.",Spencer 1980 / Early Dynastic Objects,"On display (Room 64 - Early Egypt, Display Case 10)",,,Donated by: Egypt Exploration Fund,Excavated by: Egypt Exploration Fund,,,,Egypt and Sudan,EA32652,"1900,1015.14",
,inlay (object name),No: Optional[EA32654],"A small piece of ivory inlay: decorated with deeply incised grooves running diagonally across the face to form a diamond pattern. Traces of dark pigment remain in the grooves. At one end there is a circular hole, bored through the strip. The reverse side is flat and smooth. Good condition, broken off at each end.; ",,1st Dynasty,,Excavated/Findspot: Tomb of Den,ivory,incised; pigmented,0.30 centimetres hole ;  5.70 centimetres;  2.00 centimetres; ,,"For other inlay fragments with the same pattern, see W. M. F. Petrie, 'Royal Tombs of the Earliest Dynasties' II, pls.XLI, 7, II; XLII, 51; XLV, 31; E. Amélineau, ‘Les Nouvelles Fouilles d’Abydos’ I, (1895-6), pl.XLII, bottom; P. Montet, 'Kêmi' 8 (1946), pl.V. For the use of this type of inlay, see the inlaid boxes from Helwan; Z. Y. Saad, 'The excavations at Helwan art and civilization in the first and second Egyptian dynasties' (Norman, 1969) , pls.57, 60-1.
Bibliography:
W. M. F. Petrie, 'Royal Tombs of the Earliest Dynasties' II, pl.XL, 58",Spencer 1980 / Early Dynastic Objects,"On display (Room 64 - Early Egypt, Display Case 10)",,,Donated by: Egypt Exploration Fund,Excavated by: Egypt Exploration Fund,,,,Egypt and Sudan,EA32654,"1900,1015.16",
,inlay (object name),No: Optional[EA32656],"A small fragment of ivory inlay (?): burnt black, decorated with a pattern of incised lines on one face. The piece is broken off at each end, but is in good condition.; ",,1st Dynasty,,Excavated/Findspot: Tomb of Den,elephant ivory,incised (burnt or darkened black),2.66 centimetres max ;  0.49 centimetres;  1.76 centimetres; ,,"For pieces with the same pattern, see W. M. F. Petrie, 'Royal Tombs of the Earliest Dynasties' II, pls.XXXIV, 53-5, II; XL, 66-7; XLI, 42; E. Amélineau, ‘Les Nouvelles Fouilles d’Abydos’ III, (1897-8), pl. XV, 21, 24; P. Montet, 'Kêmi' 8 (1946), pl.V; W. B. Emery, 'Great tombs of the First Dynasty; excavations at Sakkara' II' (London, 1954), pl. XXVII, 102. Many others, similar but with triple lines, W. M. F. Petrie, 'Royal Tombs of the Earliest Dynasties' II,pls. XL-XLII.
Bibliography:
W. M. F. Petrie, 'Royal Tombs of the Earliest Dynasties' II, 36, pl.XL, 56, extreme left-hand piece of group.",Spencer 1980 / Early Dynastic Objects,Not on display,,,Donated by: Egypt Exploration Fund,Excavated by: Egypt Exploration Fund,,,,Egypt and Sudan,EA32656,"1900,1015.18",
,inlay (object name),No: Optional[EA32653],"A fragment of ivory: with fluted carving on one face. The piece is slightly curved so as to make the face convex, and the preserved parts of the edges slope at an angle towards the back, suggesting that this fragment was part of an inlay. The upper left corner is missing.; ",,1st Dynasty,,Excavated/Findspot: Tomb of Den,elephant ivory,,5.31 centimetres max ;  0.80 centimetres;  3.92 centimetres max ; ,,"For similar objects, see W. M. F. Petrie,  'Royal Tombs of the Earliest Dynasties' II, pls. XXXVII, 62-4; XL, 40-1, 52, 54, 88-90, 105; XLI, 48-9; XLIII, 33; E. Amélineau, ‘Les Nouvelles Fouilles d’Abydos’ I (1895-6), pl. XLII; A. Scharff, ‘Die Altertümer der Vor – und Frühzeit Ägyptens' II  (Berlin, 1929-31), no. 330 and pl. 36.
Bibliography:
W. M. F. Petrie,  'Royal Tombs of the Earliest Dynasties' II, pl.XL, 106",Spencer 1980 / Early Dynastic Objects,Not on display,,,Donated by: Egypt Exploration Fund,Excavated by: Egypt Exploration Fund,,,,Egypt and Sudan,EA32653,"1900,1015.15",
https://media.britishmuseum.org/media/Repository/Documents/2014_11/5_15/77ea5614_0dc8_40d7_bbca_a3da0103af98/preview_01211714_001.jpg,inlay (object name),No: Optional[EA38011],"A glazed composition tile from an inlay: in the form of the top of a palm tree, with incised lines to indicate the details of the stem and branches. Green glaze partially faded to white. The back is pierced by two holes at the edges, to allow for secure attachment.; ",,1st Dynasty; 2nd Dynasty,,Excavated/Findspot: Temple of Osiris-Khentimentu (Abydos),glazed composition,pierced; incised,3.60 centimetres;  0.60 millimetres;  2.90 centimetres; ,,"Bibliography:
W. M. F. Petrie, 'Abydos' II (London, 1902), 25 and pls. I, VII, 87.",Spencer 1980 / Early Dynastic Objects,"On display (Room 64 - Early Egypt, Display Case 7)",,,Donated by: Egypt Exploration Fund,Excavated by: Egypt Exploration Fund,,,,Egypt and Sudan,EA38011,"1903,1010.3",
https://media.britishmuseum.org/media/Repository/Documents/2014_10/1_7/e3cf58ee_1bf2_4ef5_ace3_a3b700799045/preview_00036140_001.jpg,chair (object name); bed (object name),No: Optional[EA29433],"An ivory leg from a bed or chair: carved in the form of a bull's foot. The top is marked with scratches where the ivory has been sawn and there is a hole in the middle of the top surface for attachment. Two more holes, each 0.7cm in diameter, are pierced horizontally through the upper part of the leg, from one side to the other. The surface of the piece has been carved with care, details of the veins being shown on one side, and it has been polished. At the base, the hoof rests on a low pedestal with decoration in the form of narrow horizontal grooves. There is a shallow depression cut into the underside of this pedestal.; ",,1st Dynasty; 2nd Dynasty,,Found/Acquired: Egypt,ivory,polished; pierced; carved; sawn,11.50 centimetres;  0.125 kilograms;  5.00 centimetres top ;  2.70 centimetres; ,,"On the use of such legs, see H. S. Baker, 'Furniture in the Ancient World' (London, 1966), 20-6. For similar objects, see W. M. F. Petrie,  'Royal Tombs of the Earliest Dynasties' II, pls.XXXII, XXXIV, XXXVII-XLI, XLIII; W. M. F. Petrie, 'Tarkhan I and Memphis V' (London, 1913), pl.XIV, 16-17; W. M. F. Petrie, 'Gizeh and Rifeh' (Warminster, 1977), pl.V, 28; E. Amélineau, ‘Les Nouvelles Fouilles d’Abydos’ I, (1895-6), pl.XXXII; III, pl.XIV; J. E. Quibell & F. W. Green, 'Hierakonpolis' I (London, 1989), pl.XVI, 6-8; J. E. Quibell, 'Excavations at Saqqara, 1912-1914: Archaic Mastabas’ (Cairo, 1923), pl.XI, 4; J. E. Quibell, ‘Archaic Objects’ (Cairo, 1905), nos. 14045-51. 14703-4. 14751-3; W. C. Hayes, 'The scepter of Egypt : a background for the study of the Egyptian antiquities in the Metropolitan Museum of Art' I (Cambridge, Mass,  1953), 41, fig. 29; W. B. Emery, 'Great tombs of the First Dynasty; excavations at Sakkara' I' (Cairo, 1949), pl.II; W. B. Emery, 'Great tombs of the First Dynasty; excavations at Sakkara' II' (London, 1954), pls.XXVII, XXIX; W. B. Emery, 'Excavations at Saqqara, 1937-1938 : Hor-aha' (Cairo, 1939) , 63, fig. 46 and pI.15B; A. Scharff, ‘Die Altertümer der Vor – und Frühzeit Ägyptens’ II (Berlin, 1929-31) nos. 285-9 and pl.35; J. de Morgan, ‘Recherches sur les Origines de l’Égypte II (Paris, 1896-7), 189, figs. 685-8.

Bibliography:
Susanne Petschel & Martin Falck (eds.), 'Pharao siegt immer : Krieg und Frieden im alten Ägypten' (Bönen, 2004), p.196, cat. no. 179.",Spencer 1980 / Early Dynastic Objects,"On display (Room 64 - Early Egypt, Display Case 10)",cattle,,Purchased from: R J Moss & Co,,,,,Egypt and Sudan,EA29433,"1897,0511.149",
https://media.britishmuseum.org/media/Repository/Documents/2014_10/3_20/5419364a_9385_405e_ae9d_a3b901577623/00226750_001.jpg,inlay (object name),No: Optional[EA32662],"Strip of ivory inlay: decorated with an incised spiral pattern. The hollows in the carving were originally filled with a dark pigment, some of which remains. Near one end there is a hole, and traces of a similar hole are visible at the other end, which has been broken off. The fragment is in good condition, although it has been restored from two smaller pieces.; ",,1st Dynasty,,Excavated/Findspot: Tomb of Anedjib,ivory,incised; pigmented; pierced,0.20 centimetres hole ;  9.60 centimetres;  1.30 centimetres; ,,"For pieces with the same pattern, see W. M. F. Petrie, 'Royal Tombs of the Earliest Dynasties' II, pls. XXXIX, 37; XL, 45-7; XLI, 32; XLII, 71; XLIII, 40.
Bibliography:
W. M. F. Petrie, 'Royal Tombs of the Earliest Dynasties' I, 28, pl.XXXVII, 55;
W. M. F. Petrie, 'Royal Tombs of the Earliest Dynasties' II, pl. XLII, 72.",Spencer 1980 / Early Dynastic Objects,"On display (Room 64 - Early Egypt, Display Case 10)",,,Donated by: Egypt Exploration Fund,Excavated by: Egypt Exploration Fund,,,,Egypt and Sudan,EA32662,"1900,1015.24",
,vase (object name),No: Optional[EA29573],"Grey-green volcanic ash vase: with flat base, flaring sides and incurving rim. Reconstructed from fragments.; ",,1st Dynasty; 2nd Dynasty,,Found/Acquired: Egypt,volcanic ash,,6.00 centimetres base ;  11.70 centimetres mouth ;  12.50 centimetres; ,,,Spencer 1980 / Early Dynastic Objects,Not on display,,,Purchased from: Rev. Greville John Chester,,,,,Egypt and Sudan,EA29573,"1898,1008.3",
https://media.britishmuseum.org/media/Repository/Documents/2014_11/5_14/80e32270_2e81_4280_a901_a3da00edac90/preview_01210681_001.jpg,jar (object name),No: Optional[EA26650],Aragonite jar; incised jar; two handles.; ,,Late Predynastic; 1st Dynasty,,Found/Acquired: Egypt,aragonite,incised,9.50 centimetres; ,,,,"On display (Room 64 - Early Egypt, Display Case 12)",,,Purchased from: Rev. Greville John Chester,,,,,Egypt and Sudan,EA26650,"1891,0430.17",
